Actual_CO2,Predicted_CO2,Error
0.0,1.7164930455665895e-05,-1.7164930455665895e-05
0.03,0.03004209910327204,-4.209910327204053e-05
0.06,0.05986426611371244,0.00013573388628755623
0.0,1.6799757532185915e-05,-1.6799757532185915e-05
0.03,0.029967286740882577,3.271325911742215e-05
0.0,1.7164930455665895e-05,-1.7164930455665895e-05
0.02,0.019797559752589792,0.00020244024741020855
0.0,1.7164930455665895e-05,-1.7164930455665895e-05
0.0,1.1502421226249672e-05,-1.1502421226249672e-05
0.0,1.7164930455665895e-05,-1.7164930455665895e-05
0.0,1.7164930455665895e-05,-1.7164930455665895e-05
0.0,1.7164930455665895e-05,-1.7164930455665895e-05
0.0,1.1502421226249672e-05,-1.1502421226249672e-05
0.03,0.03004209910327204,-4.209910327204053e-05
0.0,1.7164930455665895e-05,-1.7164930455665895e-05
0.04,0.03989761503416475,0.00010238496583524909
0.0,1.7164930455665895e-05,-1.7164930455665895e-05
0.05,0.05007566338668885,-7.566338668884426e-05
0.03,0.030041996919496987,-4.199691949698797e-05
0.02,0.01984074428506043,0.00015925571493956986
0.02,0.020019892667471475,-1.9892667471474446e-05
0.03,0.029967286740882577,3.271325911742215e-05
0.0,1.7164930455665895e-05,-1.7164930455665895e-05
0.0,1.618776943916652e-05,-1.618776943916652e-05
0.0,1.6799757532185915e-05,-1.6799757532185915e-05
0.0,1.7164930455665895e-05,-1.7164930455665895e-05
0.03,0.029967286740882577,3.271325911742215e-05
0.04,0.039938884620176106,6.111537982389503e-05
0.02,0.01994674863625366,5.325136374633929e-05
0.0,1.7164930455665895e-05,-1.7164930455665895e-05
0.0,1.6799757532185915e-05,-1.6799757532185915e-05
0.02,0.01984074428506043,0.00015925571493956986
0.0,1.1502421226249672e-05,-1.1502421226249672e-05
0.0,1.7164930455665895e-05,-1.7164930455665895e-05
0.0,1.7164930455665895e-05,-1.7164930455665895e-05
0.0,8.272442426963119e-06,-8.272442426963119e-06
0.03,0.02988643818383761,0.00011356181616238928
0.0,1.7164930455665895e-05,-1.7164930455665895e-05
0.0,1.7164930455665895e-05,-1.7164930455665895e-05
0.0,1.7164930455665895e-05,-1.7164930455665895e-05
0.0,1.7164930455665895e-05,-1.7164930455665895e-05
0.0,1.618776943916652e-05,-1.618776943916652e-05
0.0,2.6099331975468947e-06,-2.6099331975468947e-06
0.0,1.618776943916652e-05,-1.618776943916652e-05
0.03,0.030041163654642405,-4.1163654642406566e-05
0.0,1.6799757532185915e-05,-1.6799757532185915e-05
0.0,1.618776943916652e-05,-1.618776943916652e-05
0.02,0.020007970263143486,-7.970263143485673e-06
0.03,0.029972438872133834,2.7561127866164437e-05
0.0,8.272442426963119e-06,-8.272442426963119e-06
0.03,0.03004209910327204,-4.209910327204053e-05
0.0,7.295281410463746e-06,-7.295281410463746e-06
0.0,1.7164930455665895e-05,-1.7164930455665895e-05
0.03,0.029967286740882577,3.271325911742215e-05
0.0,1.6799757532185915e-05,-1.6799757532185915e-05
0.02,0.019785613816425688,0.00021438618357431244
0.0,1.618776943916652e-05,-1.618776943916652e-05
0.0,1.7164930455665895e-05,-1.7164930455665895e-05
0.0,1.7164930455665895e-05,-1.7164930455665895e-05
0.03,0.029967286740882577,3.271325911742215e-05
0.0,1.618776943916652e-05,-1.618776943916652e-05
0.03,0.030036517837275078,-3.651783727507893e-05
0.05,0.05013733997788202,-0.00013733997788201863
0.0,1.7164930455665895e-05,-1.7164930455665895e-05
0.0,1.7164930455665895e-05,-1.7164930455665895e-05
0.0,1.1502421226249672e-05,-1.1502421226249672e-05
0.02,0.020001605592976344,-1.605592976343384e-06
0.0,1.7164930455665895e-05,-1.7164930455665895e-05
0.03,0.029972438872133834,2.7561127866164437e-05
0.01,0.01013786709450599,-0.0001378670945059897
0.0,8.272442426963119e-06,-8.272442426963119e-06
0.0,8.272442426963119e-06,-8.272442426963119e-06
0.03,0.029972438872133834,2.7561127866164437e-05
0.0,8.272442426963119e-06,-8.272442426963119e-06
0.02,0.020013551529140448,-1.3551529140447272e-05
0.02,0.01983437961489329,0.00016562038510671215
0.0,7.295281410463746e-06,-7.295281410463746e-06
0.0,1.7164930455665895e-05,-1.7164930455665895e-05
0.03,0.029967286740882577,3.271325911742215e-05
0.02,0.020013551529140448,-1.3551529140447272e-05
0.0,1.7164930455665895e-05,-1.7164930455665895e-05
0.0,8.272442426963119e-06,-8.272442426963119e-06
0.02,0.020007970263143486,-7.970263143485673e-06
0.0,1.7164930455665895e-05,-1.7164930455665895e-05
0.0,1.7164930455665895e-05,-1.7164930455665895e-05
0.0,1.6799757532185915e-05,-1.6799757532185915e-05
0.02,0.020007970263143486,-7.970263143485673e-06
0.0,1.7164930455665895e-05,-1.7164930455665895e-05
0.0,1.7164930455665895e-05,-1.7164930455665895e-05
0.0,1.7164930455665895e-05,-1.7164930455665895e-05
0.02,0.01980948215691778,0.00019051784308221978
0.03,0.029967286740882577,3.271325911742215e-05
0.01,0.009993929438590902,6.07056140909841e-06
0.0,1.7164930455665895e-05,-1.7164930455665895e-05
0.04,0.039497112986999525,0.0005028870130004762
0.0,8.272442426963119e-06,-8.272442426963119e-06
0.0,7.295281410463746e-06,-7.295281410463746e-06
0.03,0.029881483532880334,0.00011851646711966493
0.02,0.020007186858973305,-7.186858973304983e-06
0.0,1.1502421226249672e-05,-1.1502421226249672e-05
0.06,0.0505224490425123,0.009477550957487695
0.02,0.020007970263143486,-7.970263143485673e-06
0.03,0.029955360446640163,4.4639553359836215e-05
0.0,1.7164930455665895e-05,-1.7164930455665895e-05
0.02,0.020007186858973305,-7.186858973304983e-06
0.0,1.618776943916652e-05,-1.618776943916652e-05
0.03,0.029961705474885615,3.829452511438375e-05
0.0,1.7164930455665895e-05,-1.7164930455665895e-05
0.05,0.05015992029862149,-0.00015992029862148954
0.0,1.7164930455665895e-05,-1.7164930455665895e-05
0.01,0.009983741758105525,1.6258241894474834e-05
0.0,1.7164930455665895e-05,-1.7164930455665895e-05
0.0,1.7164930455665895e-05,-1.7164930455665895e-05
0.0,1.618776943916652e-05,-1.618776943916652e-05
0.0,1.7164930455665895e-05,-1.7164930455665895e-05
0.0,1.618776943916652e-05,-1.618776943916652e-05
0.0,1.1502421226249672e-05,-1.1502421226249672e-05
0.03,0.030036517837275078,-3.651783727507893e-05
0.0,8.272442426963119e-06,-8.272442426963119e-06
0.03,0.03004209910327204,-4.209910327204053e-05
0.03,0.029967286740882577,3.271325911742215e-05
0.0,1.7164930455665895e-05,-1.7164930455665895e-05
0.05,0.05012102577132354,-0.00012102577132353659
0.0,1.1502421226249672e-05,-1.1502421226249672e-05
0.03,0.029961705474885615,3.829452511438375e-05
0.0,1.7164930455665895e-05,-1.7164930455665895e-05
0.0,1.1502421226249672e-05,-1.1502421226249672e-05
0.0,1.1502421226249672e-05,-1.1502421226249672e-05
0.0,1.7164930455665895e-05,-1.7164930455665895e-05
0.05,0.05007566338668885,-7.566338668884426e-05
0.01,0.009951587487900447,4.841251209955315e-05
0.0,1.6799757532185915e-05,-1.6799757532185915e-05
0.0,1.7164930455665895e-05,-1.7164930455665895e-05
0.0,1.618776943916652e-05,-1.618776943916652e-05
0.0,8.272442426963119e-06,-8.272442426963119e-06
0.0,1.7164930455665895e-05,-1.7164930455665895e-05
0.02,0.020007186858973305,-7.186858973304983e-06
0.02,0.020025473933468436,-2.5473933468436044e-05
0.0,1.7164930455665895e-05,-1.7164930455665895e-05
0.04,0.03994321669503547,5.6783304964530545e-05
0.0,1.618776943916652e-05,-1.618776943916652e-05
0.04,0.03998065679933149,1.9343200668507643e-05
0.03,0.030036517837275078,-3.651783727507893e-05
0.0,1.7164930455665895e-05,-1.7164930455665895e-05
0.0,9.996368910308887e-05,-9.996368910308887e-05
0.03,0.029961705474885615,3.829452511438375e-05
0.0,1.7164930455665895e-05,-1.7164930455665895e-05
0.02,0.019797559752589792,0.00020244024741020855
0.0,2.6099331975468947e-06,-2.6099331975468947e-06
0.0,7.295281410463746e-06,-7.295281410463746e-06
0.0,1.7164930455665895e-05,-1.7164930455665895e-05
0.0,1.6799757532185915e-05,-1.6799757532185915e-05
0.0,1.7164930455665895e-05,-1.7164930455665895e-05
0.03,0.029961705474885615,3.829452511438375e-05
0.0,1.7164930455665895e-05,-1.7164930455665895e-05
0.04,0.03991399077649476,8.60092235052401e-05
0.0,7.907269503483138e-06,-7.907269503483138e-06
0.02,0.019935086629780583,6.49133702194174e-05
0.03,0.029972438872133834,2.7561127866164437e-05
0.06,0.0600243809171891,-2.4380917189099904e-05
0.03,0.029830228370553512,0.0001697716294464871
0.0,1.7164930455665895e-05,-1.7164930455665895e-05
0.0,1.7164930455665895e-05,-1.7164930455665895e-05
0.0,1.7164930455665895e-05,-1.7164930455665895e-05
0.01,0.00993369608706416,6.630391293583997e-05
0.0,1.1502421226249672e-05,-1.1502421226249672e-05
0.0,1.6799757532185915e-05,-1.6799757532185915e-05
0.0,1.1502421226249672e-05,-1.1502421226249672e-05
0.0,1.7164930455665895e-05,-1.7164930455665895e-05
0.0,1.7164930455665895e-05,-1.7164930455665895e-05
0.0,8.272442426963119e-06,-8.272442426963119e-06
0.0,1.618776943916652e-05,-1.618776943916652e-05
0.02,0.01984074428506043,0.00015925571493956986
0.0,1.6799757532185915e-05,-1.6799757532185915e-05
0.03,0.029967286740882577,3.271325911742215e-05
0.0,1.7164930455665895e-05,-1.7164930455665895e-05
0.0,1.7164930455665895e-05,-1.7164930455665895e-05
0.0,1.1502421226249672e-05,-1.1502421226249672e-05
0.01,0.009965037465996205,3.496253400379554e-05
0.0,1.1502421226249672e-05,-1.1502421226249672e-05
0.0,1.7164930455665895e-05,-1.7164930455665895e-05
0.0,1.7164930455665895e-05,-1.7164930455665895e-05
0.0,1.7164930455665895e-05,-1.7164930455665895e-05
0.0,1.618776943916652e-05,-1.618776943916652e-05
0.0,1.7164930455665895e-05,-1.7164930455665895e-05
0.02,0.02000188952266737,-1.8895226673691645e-06
0.03,0.029967286740882577,3.271325911742215e-05
0.0,1.1502421226249672e-05,-1.1502421226249672e-05
0.03,0.02988643818383761,0.00011356181616238928
0.03,0.02989201944983457,0.00010798055016542768
0.06,0.05995932390295382,4.0676097046180026e-05
0.0,1.618776943916652e-05,-1.618776943916652e-05
0.0,1.618776943916652e-05,-1.618776943916652e-05
0.02,0.019809402906128388,0.00019059709387161256
0.0,1.6799757532185915e-05,-1.6799757532185915e-05
0.02,0.020076417955365806,-7.641795536580606e-05
0.0,1.7164930455665895e-05,-1.7164930455665895e-05
0.0,1.7164930455665895e-05,-1.7164930455665895e-05
0.05,0.05006272585451199,-6.272585451198853e-05
0.0,-2.230512312274024e-06,2.230512312274024e-06
0.0,1.7164930455665895e-05,-1.7164930455665895e-05
0.02,0.019785897746116714,0.00021410225388328666
0.0,1.618776943916652e-05,-1.618776943916652e-05
0.03,0.029967286740882577,3.271325911742215e-05
0.03,0.029950714629272835,4.928537072716385e-05
0.0,1.1502421226249672e-05,-1.1502421226249672e-05
0.0,1.7164930455665895e-05,-1.7164930455665895e-05
0.0,1.618776943916652e-05,-1.618776943916652e-05
0.06,0.0605134177408643,-0.0005134177408643026
0.0,1.7164930455665895e-05,-1.7164930455665895e-05
0.0,8.272442426963119e-06,-8.272442426963119e-06
0.0,1.618776943916652e-05,-1.618776943916652e-05
0.03,0.029967286740882577,3.271325911742215e-05
0.0,1.618776943916652e-05,-1.618776943916652e-05
0.02,0.020013551529140448,-1.3551529140447272e-05
0.03,0.03004209910327204,-4.209910327204053e-05
0.0,1.1502421226249672e-05,-1.1502421226249672e-05
0.0,1.7164930455665895e-05,-1.7164930455665895e-05
0.0,1.1502421226249672e-05,-1.1502421226249672e-05
0.03,0.029972438872133834,2.7561127866164437e-05
0.0,1.6799757532185915e-05,-1.6799757532185915e-05
0.03,0.029961705474885615,3.829452511438375e-05
0.0,9.898652808658949e-05,-9.898652808658949e-05
0.03,0.02989201944983457,0.00010798055016542768
0.0,1.618776943916652e-05,-1.618776943916652e-05
0.0,8.272442426963119e-06,-8.272442426963119e-06
0.0,1.6799757532185915e-05,-1.6799757532185915e-05
0.02,0.020007970263143486,-7.970263143485673e-06
0.0,1.6799757532185915e-05,-1.6799757532185915e-05
0.03,0.029967286740882577,3.271325911742215e-05
0.0,1.7164930455665895e-05,-1.7164930455665895e-05
0.0,1.7164930455665895e-05,-1.7164930455665895e-05
0.02,0.020007970263143486,-7.970263143485673e-06
0.03,0.029961705474885615,3.829452511438375e-05
0.0,1.6799757532185915e-05,-1.6799757532185915e-05
0.0,1.7164930455665895e-05,-1.7164930455665895e-05
0.0,1.7164930455665895e-05,-1.7164930455665895e-05
0.03,0.02989201944983457,0.00010798055016542768
0.0,8.272442426963119e-06,-8.272442426963119e-06
0.0,1.618776943916652e-05,-1.618776943916652e-05
0.02,0.01984074428506043,0.00015925571493956986
0.03,0.029967286740882577,3.271325911742215e-05
0.03,0.029881483532880334,0.00011851646711966493
0.01,0.009993929438590902,6.07056140909841e-06
0.03,0.03004209910327204,-4.209910327204053e-05
0.04,0.039822802671775286,0.00017719732822471523
0.0,1.1502421226249672e-05,-1.1502421226249672e-05
0.01,0.010050267164123912,-5.026716412391205e-05
0.0,-2.230512312274024e-06,2.230512312274024e-06
0.0,1.7164930455665895e-05,-1.7164930455665895e-05
0.0,1.7164930455665895e-05,-1.7164930455665895e-05
0.02,0.020076417955365806,-7.641795536580606e-05
0.03,0.02974300190362752,0.0002569980963724773
0.02,0.020013551529140448,-1.3551529140447272e-05
0.0,1.1502421226249672e-05,-1.1502421226249672e-05
0.04,0.03989761503416475,0.00010238496583524909
0.0,1.6799757532185915e-05,-1.6799757532185915e-05
0.03,0.029972438872133834,2.7561127866164437e-05
0.0,1.618776943916652e-05,-1.618776943916652e-05
0.0,1.618776943916652e-05,-1.618776943916652e-05
0.0,1.6799757532185915e-05,-1.6799757532185915e-05
0.0,1.1502421226249672e-05,-1.1502421226249672e-05
0.0,-2.8425004052934156e-06,2.8425004052934156e-06
0.04,0.03942230062461006,0.0005776993753899423
0.03,0.029875902266883372,0.00012409773311662653
0.0,1.618776943916652e-05,-1.618776943916652e-05
0.0,1.7164930455665895e-05,-1.7164930455665895e-05
0.0,1.1502421226249672e-05,-1.1502421226249672e-05
0.0,1.7164930455665895e-05,-1.7164930455665895e-05
0.0,1.618776943916652e-05,-1.618776943916652e-05
0.02,0.020007970263143486,-7.970263143485673e-06
0.0,1.6799757532185915e-05,-1.6799757532185915e-05
0.0,0.009725117170170943,-0.009725117170170943
0.0,1.7164930455665895e-05,-1.7164930455665895e-05
0.0,1.7164930455665895e-05,-1.7164930455665895e-05
0.04,0.03994332490328032,5.667509671967996e-05
0.03,0.02989201944983457,0.00010798055016542768
0.0,1.1502421226249672e-05,-1.1502421226249672e-05
0.04,0.03985854661006048,0.0001414533899395179
0.03,0.029967286740882577,3.271325911742215e-05
0.0,1.7164930455665895e-05,-1.7164930455665895e-05
0.03,0.029830228370553512,0.0001697716294464871
0.0,1.7164930455665895e-05,-1.7164930455665895e-05
0.03,0.029961705474885615,3.829452511438375e-05
0.0,1.1502421226249672e-05,-1.1502421226249672e-05
0.05,0.04884287177788767,0.0011571282221123358
0.0,1.7164930455665895e-05,-1.7164930455665895e-05
0.0,1.1502421226249672e-05,-1.1502421226249672e-05
0.0,1.7164930455665895e-05,-1.7164930455665895e-05
0.0,1.7164930455665895e-05,-1.7164930455665895e-05
0.0,1.1502421226249672e-05,-1.1502421226249672e-05
0.04,0.03979752113367598,0.00020247886632401846
0.04,0.039881630466869704,0.00011836953313029697
0.0,1.7164930455665895e-05,-1.7164930455665895e-05
0.0,1.7164930455665895e-05,-1.7164930455665895e-05
0.06,0.059692358882606836,0.000307641117393162
0.0,8.272442426963119e-06,-8.272442426963119e-06
0.05,0.04871932777281951,0.0012806722271804932
0.01,0.00999010642827267,9.89357172733081e-06
0.05,0.05006272585451199,-6.272585451198853e-05
0.0,1.7164930455665895e-05,-1.7164930455665895e-05
0.0,1.7164930455665895e-05,-1.7164930455665895e-05
0.02,0.01983516301906347,0.00016483698093653146
0.03,0.029875902266883372,0.00012409773311662653
0.0,1.6799757532185915e-05,-1.6799757532185915e-05
0.0,1.7164930455665895e-05,-1.7164930455665895e-05
0.0,1.6799757532185915e-05,-1.6799757532185915e-05
0.04,0.03994332490328032,5.667509671967996e-05
0.04,0.03942230062461006,0.0005776993753899423
0.0,1.1502421226249672e-05,-1.1502421226249672e-05
0.03,0.029972438872133834,2.7561127866164437e-05
0.0,1.1502421226249672e-05,-1.1502421226249672e-05
0.0,1.618776943916652e-05,-1.618776943916652e-05
0.0,1.7164930455665895e-05,-1.7164930455665895e-05
0.04,0.039685081165067346,0.0003149188349326551
0.0,1.1502421226249672e-05,-1.1502421226249672e-05
0.0,1.7164930455665895e-05,-1.7164930455665895e-05
0.04,0.039822802671775286,0.00017719732822471523
0.0,1.618776943916652e-05,-1.618776943916652e-05
0.05,0.05017129519955157,-0.00017129519955156464
0.0,1.7164930455665895e-05,-1.7164930455665895e-05
0.03,0.029967286740882577,3.271325911742215e-05
0.0,1.618776943916652e-05,-1.618776943916652e-05
0.0,1.618776943916652e-05,-1.618776943916652e-05
0.0,1.7164930455665895e-05,-1.7164930455665895e-05
0.0,1.618776943916652e-05,-1.618776943916652e-05
0.02,0.020076417955365806,-7.641795536580606e-05
0.03,0.029967286740882577,3.271325911742215e-05
0.0,1.7164930455665895e-05,-1.7164930455665895e-05
0.04,0.03987719018376549,0.00012280981623451204
0.0,1.7164930455665895e-05,-1.7164930455665895e-05
0.0,1.6799757532185915e-05,-1.6799757532185915e-05
0.0,1.7164930455665895e-05,-1.7164930455665895e-05
0.0,1.7164930455665895e-05,-1.7164930455665895e-05
0.05,0.050001031418101374,-1.0314181013715285e-06
0.0,7.295281410463746e-06,-7.295281410463746e-06
0.03,0.029961705474885615,3.829452511438375e-05
0.0,1.1502421226249672e-05,-1.1502421226249672e-05
0.0,1.7164930455665895e-05,-1.7164930455665895e-05
0.03,0.03004209910327204,-4.209910327204053e-05
0.02,0.01994674863625366,5.325136374633929e-05
0.0,1.618776943916652e-05,-1.618776943916652e-05
0.06,0.04831866715705409,0.01168133284294591
0.02,0.020076417955365806,-7.641795536580606e-05
0.01,0.01013786709450599,-0.0001378670945059897
0.03,0.029967286740882577,3.271325911742215e-05
0.0,1.7164930455665895e-05,-1.7164930455665895e-05
0.0,1.618776943916652e-05,-1.618776943916652e-05
0.02,0.019785613816425688,0.00021438618357431244
0.0,8.272442426963119e-06,-8.272442426963119e-06
0.0,8.272442426963119e-06,-8.272442426963119e-06
0.03,0.029967286740882577,3.271325911742215e-05
0.0,1.1502421226249672e-05,-1.1502421226249672e-05
0.0,1.7164930455665895e-05,-1.7164930455665895e-05
0.0,1.7164930455665895e-05,-1.7164930455665895e-05
0.05,0.04836461692838779,0.0016353830716122134
0.03,0.029956295895269797,4.3704104730202253e-05
0.0,1.7164930455665895e-05,-1.7164930455665895e-05
0.0,1.618776943916652e-05,-1.618776943916652e-05
0.04,0.03998065679933149,1.9343200668507643e-05
0.02,0.01994038396608652,5.961603391348158e-05
0.0,2.6099331975468947e-06,-2.6099331975468947e-06
0.0,1.1502421226249672e-05,-1.1502421226249672e-05
0.04,0.03975989352745681,0.00024010647254318895
0.0,1.7164930455665895e-05,-1.7164930455665895e-05
0.0,1.7164930455665895e-05,-1.7164930455665895e-05
0.0,1.7164930455665895e-05,-1.7164930455665895e-05
0.04,0.03958281401122671,0.0004171859887732929
0.02,0.020076417955365806,-7.641795536580606e-05
0.02,0.020081999221362768,-8.199922136276766e-05
0.02,0.02000188952266737,-1.8895226673691645e-06
0.0,1.1502421226249672e-05,-1.1502421226249672e-05
0.0,-2.230512312274024e-06,2.230512312274024e-06
0.05,0.04836461692838779,0.0016353830716122134
0.03,0.029967286740882577,3.271325911742215e-05
0.04,0.03972687300592675,0.0002731269940732528
0.0,1.618776943916652e-05,-1.618776943916652e-05
0.0,1.1502421226249672e-05,-1.1502421226249672e-05
0.0,1.618776943916652e-05,-1.618776943916652e-05
0.01,0.010083716530352407,-8.371653035240713e-05
0.01,0.010000294108758046,-2.9410875804561365e-07
0.0,1.6799757532185915e-05,-1.6799757532185915e-05
0.05,0.05007566338668885,-7.566338668884426e-05
0.0,1.7164930455665895e-05,-1.7164930455665895e-05
0.0,2.6099331975468947e-06,-2.6099331975468947e-06
0.03,0.030047251234523297,-4.725123452329824e-05
0.0,1.7164930455665895e-05,-1.7164930455665895e-05
0.0,1.618776943916652e-05,-1.618776943916652e-05
0.0,1.1502421226249672e-05,-1.1502421226249672e-05
0.0,1.7164930455665895e-05,-1.7164930455665895e-05
0.0,1.1502421226249672e-05,-1.1502421226249672e-05
0.03,0.03004209910327204,-4.209910327204053e-05
0.02,0.020013551529140448,-1.3551529140447272e-05
0.03,0.029967286740882577,3.271325911742215e-05
0.0,1.618776943916652e-05,-1.618776943916652e-05
0.04,0.03975989352745681,0.00024010647254318895
0.02,0.020007186858973305,-7.186858973304983e-06
0.03,0.029967286740882577,3.271325911742215e-05
0.04,0.03994332490328032,5.667509671967996e-05
0.06,0.053380616347466305,0.006619383652533693
0.0,1.7164930455665895e-05,-1.7164930455665895e-05
0.03,0.030047251234523297,-4.725123452329824e-05
0.03,0.029837241644018745,0.00016275835598125385
0.02,0.01983437961489329,0.00016562038510671215
0.02,0.020013551529140448,-1.3551529140447272e-05
0.03,0.030036517837275078,-3.651783727507893e-05
0.0,1.7164930455665895e-05,-1.7164930455665895e-05
0.0,1.7164930455665895e-05,-1.7164930455665895e-05
0.0,1.7164930455665895e-05,-1.7164930455665895e-05
0.04,0.039685081165067346,0.0003149188349326551
0.02,0.020025473933468436,-2.5473933468436044e-05
0.03,0.029881483532880334,0.00011851646711966493
0.02,0.019422430426185577,0.0005775695738144231
0.0,1.6799757532185915e-05,-1.6799757532185915e-05
0.03,0.03004209910327204,-4.209910327204053e-05
0.0,1.7164930455665895e-05,-1.7164930455665895e-05
0.0,1.7164930455665895e-05,-1.7164930455665895e-05
0.0,1.6799757532185915e-05,-1.6799757532185915e-05
0.02,0.02008836389152991,-8.836389152990995e-05
0.0,1.1502421226249672e-05,-1.1502421226249672e-05
0.0,1.7164930455665895e-05,-1.7164930455665895e-05
0.0,1.7164930455665895e-05,-1.7164930455665895e-05
0.0,1.618776943916652e-05,-1.618776943916652e-05
0.0,1.7164930455665895e-05,-1.7164930455665895e-05
0.0,1.7164930455665895e-05,-1.7164930455665895e-05
0.03,0.029967286740882577,3.271325911742215e-05
0.0,1.1502421226249672e-05,-1.1502421226249672e-05
0.0,1.618776943916652e-05,-1.618776943916652e-05
0.02,0.020001605592976344,-1.605592976343384e-06
0.02,0.019785613816425688,0.00021438618357431244
0.05,0.04845665544060707,0.0015433445593929299
0.0,1.7164930455665895e-05,-1.7164930455665895e-05
0.0,1.7164930455665895e-05,-1.7164930455665895e-05
0.0,1.1502421226249672e-05,-1.1502421226249672e-05
0.0,1.7164930455665895e-05,-1.7164930455665895e-05
0.03,0.029881483532880334,0.00011851646711966493
0.04,0.039497112986999525,0.0005028870130004762
0.02,0.020001605592976344,-1.605592976343384e-06
0.0,1.7164930455665895e-05,-1.7164930455665895e-05
0.0,-2.230512312274024e-06,2.230512312274024e-06
0.0,7.295281410463746e-06,-7.295281410463746e-06
0.0,-2.230512312274024e-06,2.230512312274024e-06
0.0,1.6799757532185915e-05,-1.6799757532185915e-05
0.0,1.7164930455665895e-05,-1.7164930455665895e-05
0.01,0.010000294108758046,-2.9410875804561365e-07
0.03,0.030047251234523297,-4.725123452329824e-05
0.0,1.1502421226249672e-05,-1.1502421226249672e-05
0.03,0.029881483532880334,0.00011851646711966493
0.0,1.618776943916652e-05,-1.618776943916652e-05
0.0,1.7164930455665895e-05,-1.7164930455665895e-05
0.0,1.1502421226249672e-05,-1.1502421226249672e-05
0.0,1.7164930455665895e-05,-1.7164930455665895e-05
0.02,0.02000188952266737,-1.8895226673691645e-06
0.0,1.7164930455665895e-05,-1.7164930455665895e-05
0.0,1.7164930455665895e-05,-1.7164930455665895e-05
0.03,0.029967286740882577,3.271325911742215e-05
0.02,0.01979119508242265,0.00020880491757735084
0.0,1.618776943916652e-05,-1.618776943916652e-05
0.02,0.020025473933468436,-2.5473933468436044e-05
0.0,1.7164930455665895e-05,-1.7164930455665895e-05
0.0,1.1502421226249672e-05,-1.1502421226249672e-05
0.02,0.01984074428506043,0.00015925571493956986
0.03,0.030047251234523297,-4.725123452329824e-05
0.0,8.272442426963119e-06,-8.272442426963119e-06
0.0,1.7164930455665895e-05,-1.7164930455665895e-05
0.02,0.019785613816425688,0.00021438618357431244
0.03,0.029881483532880334,0.00011851646711966493
0.0,1.7164930455665895e-05,-1.7164930455665895e-05
0.0,8.272442426963119e-06,-8.272442426963119e-06
0.05,0.05007566338668885,-7.566338668884426e-05
0.0,1.7164930455665895e-05,-1.7164930455665895e-05
0.0,1.7164930455665895e-05,-1.7164930455665895e-05
0.0,1.618776943916652e-05,-1.618776943916652e-05
0.0,1.7164930455665895e-05,-1.7164930455665895e-05
0.03,0.029967286740882577,3.271325911742215e-05
0.02,0.01994674863625366,5.325136374633929e-05
0.02,0.020013551529140448,-1.3551529140447272e-05
0.0,1.618776943916652e-05,-1.618776943916652e-05
0.04,0.039497112986999525,0.0005028870130004762
0.02,0.019763047268422505,0.0002369527315774951
0.02,0.02000188952266737,-1.8895226673691645e-06
0.05,0.05001396895027823,-1.3968950278227255e-05
0.0,1.6799757532185915e-05,-1.6799757532185915e-05
0.03,0.029961705474885615,3.829452511438375e-05
0.0,1.7164930455665895e-05,-1.7164930455665895e-05
0.0,1.7164930455665895e-05,-1.7164930455665895e-05
0.0,1.7164930455665895e-05,-1.7164930455665895e-05
0.04,0.040035255207254754,-3.525520725475295e-05
0.0,1.1502421226249672e-05,-1.1502421226249672e-05
0.0,1.6799757532185915e-05,-1.6799757532185915e-05
0.05,0.05007566338668885,-7.566338668884426e-05
0.03,0.029950714629272835,4.928537072716385e-05
0.0,-1.1123000340976801e-05,1.1123000340976801e-05
0.03,0.030047251234523297,-4.725123452329824e-05
0.0,1.6799757532185915e-05,-1.6799757532185915e-05
0.01,0.009983741758105525,1.6258241894474834e-05
0.0,1.7164930455665895e-05,-1.7164930455665895e-05
0.0,1.7164930455665895e-05,-1.7164930455665895e-05
0.03,0.03004209910327204,-4.209910327204053e-05
0.04,0.03975989352745681,0.00024010647254318895
0.02,0.01994038396608652,5.961603391348158e-05
0.01,0.009965037465996205,3.496253400379554e-05
0.03,0.029881483532880334,0.00011851646711966493
0.0,1.618776943916652e-05,-1.618776943916652e-05
0.04,0.03989761503416475,0.00010238496583524909
0.0,1.6799757532185915e-05,-1.6799757532185915e-05
0.0,1.1502421226249672e-05,-1.1502421226249672e-05
0.0,1.1502421226249672e-05,-1.1502421226249672e-05
0.0,-2.230512312274024e-06,2.230512312274024e-06
0.0,8.272442426963119e-06,-8.272442426963119e-06
0.03,0.029967286740882577,3.271325911742215e-05
0.04,0.03975989352745681,0.00024010647254318895
0.05,0.04845031795261497,0.00154968204738503
0.0,8.272442426963119e-06,-8.272442426963119e-06
0.03,0.029961705474885615,3.829452511438375e-05
0.0,1.7164930455665895e-05,-1.7164930455665895e-05
0.0,1.618776943916652e-05,-1.618776943916652e-05
0.0,1.7164930455665895e-05,-1.7164930455665895e-05
0.0,1.7164930455665895e-05,-1.7164930455665895e-05
0.0,1.7164930455665895e-05,-1.7164930455665895e-05
0.0,1.7164930455665895e-05,-1.7164930455665895e-05
0.02,0.020001605592976344,-1.605592976343384e-06
0.02,0.020001605592976344,-1.605592976343384e-06
0.0,8.272442426963119e-06,-8.272442426963119e-06
0.0,1.618776943916652e-05,-1.618776943916652e-05
0.02,0.01983437961489329,0.00016562038510671215
0.0,1.6799757532185915e-05,-1.6799757532185915e-05
0.02,0.01979119508242265,0.00020880491757735084
0.0,1.618776943916652e-05,-1.618776943916652e-05
0.0,1.7164930455665895e-05,-1.7164930455665895e-05
0.0,1.7164930455665895e-05,-1.7164930455665895e-05
0.07,0.06891174088425892,0.0010882591157410915
0.0,1.7164930455665895e-05,-1.7164930455665895e-05
0.0,1.7164930455665895e-05,-1.7164930455665895e-05
0.0,1.618776943916652e-05,-1.618776943916652e-05
0.0,1.618776943916652e-05,-1.618776943916652e-05
0.0,1.7164930455665895e-05,-1.7164930455665895e-05
0.0,8.272442426963119e-06,-8.272442426963119e-06
0.04,0.03975989352745681,0.00024010647254318895
0.02,0.020007186858973305,-7.186858973304983e-06
0.0,1.6799757532185915e-05,-1.6799757532185915e-05
0.0,1.7164930455665895e-05,-1.7164930455665895e-05
0.04,0.039685081165067346,0.0003149188349326551
0.0,1.7164930455665895e-05,-1.7164930455665895e-05
0.0,1.7164930455665895e-05,-1.7164930455665895e-05
0.06,0.060302530784224664,-0.0003025307842246666
0.03,0.030058474845602055,-5.847484560205646e-05
0.0,1.7164930455665895e-05,-1.7164930455665895e-05
0.0,1.618776943916652e-05,-1.618776943916652e-05
0.0,1.6799757532185915e-05,-1.6799757532185915e-05
0.0,-2.230512312274024e-06,2.230512312274024e-06
0.0,1.7164930455665895e-05,-1.7164930455665895e-05
0.0,1.1502421226249672e-05,-1.1502421226249672e-05
0.03,0.029967286740882577,3.271325911742215e-05
0.0,1.618776943916652e-05,-1.618776943916652e-05
0.04,0.03975989352745681,0.00024010647254318895
0.0,1.7164930455665895e-05,-1.7164930455665895e-05
0.0,1.7164930455665895e-05,-1.7164930455665895e-05
0.0,1.7164930455665895e-05,-1.7164930455665895e-05
0.04,0.03986013456782646,0.00013986543217354291
0.0,1.7164930455665895e-05,-1.7164930455665895e-05
0.04,0.03975989352745681,0.00024010647254318895
0.0,1.618776943916652e-05,-1.618776943916652e-05
0.0,-2.230512312274024e-06,2.230512312274024e-06
0.0,1.7164930455665895e-05,-1.7164930455665895e-05
0.03,0.029867370484034903,0.00013262951596509573
0.02,0.020007186858973305,-7.186858973304983e-06
0.0,1.7164930455665895e-05,-1.7164930455665895e-05
0.0,-2.230512312274024e-06,2.230512312274024e-06
0.0,1.1502421226249672e-05,-1.1502421226249672e-05
0.0,1.7164930455665895e-05,-1.7164930455665895e-05
0.0,1.1502421226249672e-05,-1.1502421226249672e-05
0.03,0.029956295895269797,4.3704104730202253e-05
0.03,0.029967286740882577,3.271325911742215e-05
0.01,0.009993929438590902,6.07056140909841e-06
0.0,7.295281410463746e-06,-7.295281410463746e-06
0.0,8.272442426963119e-06,-8.272442426963119e-06
0.0,1.7164930455665895e-05,-1.7164930455665895e-05
0.0,1.618776943916652e-05,-1.618776943916652e-05
0.0,1.7164930455665895e-05,-1.7164930455665895e-05
0.0,1.618776943916652e-05,-1.618776943916652e-05
0.0,1.1502421226249672e-05,-1.1502421226249672e-05
0.0,1.1502421226249672e-05,-1.1502421226249672e-05
0.0,1.7164930455665895e-05,-1.7164930455665895e-05
0.0,1.1502421226249672e-05,-1.1502421226249672e-05
0.0,1.7164930455665895e-05,-1.7164930455665895e-05
0.0,1.7164930455665895e-05,-1.7164930455665895e-05
0.0,1.7164930455665895e-05,-1.7164930455665895e-05
0.0,1.618776943916652e-05,-1.618776943916652e-05
0.0,1.7164930455665895e-05,-1.7164930455665895e-05
0.0,1.7164930455665895e-05,-1.7164930455665895e-05
0.0,1.7164930455665895e-05,-1.7164930455665895e-05
0.03,0.029967286740882577,3.271325911742215e-05
0.03,0.030047251234523297,-4.725123452329824e-05
0.03,0.029961705474885615,3.829452511438375e-05
0.03,0.029950714629272835,4.928537072716385e-05
0.01,0.009965037465996205,3.496253400379554e-05
0.0,1.7164930455665895e-05,-1.7164930455665895e-05
0.0,7.295281410463746e-06,-7.295281410463746e-06
0.02,0.020007186858973305,-7.186858973304983e-06
0.0,1.7164930455665895e-05,-1.7164930455665895e-05
0.0,1.7164930455665895e-05,-1.7164930455665895e-05
0.0,1.7164930455665895e-05,-1.7164930455665895e-05
0.0,1.7164930455665895e-05,-1.7164930455665895e-05
0.03,0.030036517837275078,-3.651783727507893e-05
0.06,0.059653416317891915,0.0003465836821080828
0.0,1.1502421226249672e-05,-1.1502421226249672e-05
0.0,1.7164930455665895e-05,-1.7164930455665895e-05
0.0,1.7164930455665895e-05,-1.7164930455665895e-05
0.02,0.020007186858973305,-7.186858973304983e-06
0.0,1.7164930455665895e-05,-1.7164930455665895e-05
0.0,1.618776943916652e-05,-1.618776943916652e-05
0.0,8.272442426963119e-06,-8.272442426963119e-06
0.0,1.7164930455665895e-05,-1.7164930455665895e-05
0.0,1.7164930455665895e-05,-1.7164930455665895e-05
0.02,0.020025473933468436,-2.5473933468436044e-05
0.0,1.7164930455665895e-05,-1.7164930455665895e-05
0.0,1.7164930455665895e-05,-1.7164930455665895e-05
0.02,0.01984074428506043,0.00015925571493956986
0.0,8.272442426963119e-06,-8.272442426963119e-06
0.03,0.029961705474885615,3.829452511438375e-05
0.0,1.7164930455665895e-05,-1.7164930455665895e-05
0.05,0.05012102577132354,-0.00012102577132353659
0.02,0.01984074428506043,0.00015925571493956986
0.0,1.6799757532185915e-05,-1.6799757532185915e-05
0.0,1.618776943916652e-05,-1.618776943916652e-05
0.0,8.272442426963119e-06,-8.272442426963119e-06
0.02,0.019785613816425688,0.00021438618357431244
0.0,1.7164930455665895e-05,-1.7164930455665895e-05
0.0,1.618776943916652e-05,-1.618776943916652e-05
0.04,0.03975989352745681,0.00024010647254318895
0.0,1.7164930455665895e-05,-1.7164930455665895e-05
0.0,1.1502421226249672e-05,-1.1502421226249672e-05
0.0,1.7164930455665895e-05,-1.7164930455665895e-05
0.05,0.05011329099290802,-0.00011329099290801475
0.03,0.029862218352783645,0.00013778164721635344
0.03,0.029967286740882577,3.271325911742215e-05
0.0,1.618776943916652e-05,-1.618776943916652e-05
0.04,0.03972241306111852,0.0002775869388814828
0.02,0.019797559752589792,0.00020244024741020855
0.03,0.030036517837275078,-3.651783727507893e-05
0.03,0.03004209910327204,-4.209910327204053e-05
0.03,0.02989201944983457,0.00010798055016542768
0.0,1.7164930455665895e-05,-1.7164930455665895e-05
0.03,0.029961250546227072,3.87494537729266e-05
0.0,1.7164930455665895e-05,-1.7164930455665895e-05
0.03,0.030036415653500025,-3.6415653500026374e-05
0.0,1.7164930455665895e-05,-1.7164930455665895e-05
0.0,1.7164930455665895e-05,-1.7164930455665895e-05
0.0,1.7164930455665895e-05,-1.7164930455665895e-05
0.01,0.010000294108758046,-2.9410875804561365e-07
0.0,1.7164930455665895e-05,-1.7164930455665895e-05
0.0,1.7164930455665895e-05,-1.7164930455665895e-05
0.0,1.6799757532185915e-05,-1.6799757532185915e-05
0.03,0.030033896269241998,-3.389626924199876e-05
0.0,1.7164930455665895e-05,-1.7164930455665895e-05
0.05,0.050241091908264236,-0.0002410919082642335
0.03,0.030036517837275078,-3.651783727507893e-05
0.02,0.01983437961489329,0.00016562038510671215
0.0,1.1502421226249672e-05,-1.1502421226249672e-05
0.0,1.7164930455665895e-05,-1.7164930455665895e-05
0.03,0.029967286740882577,3.271325911742215e-05
0.0,1.618776943916652e-05,-1.618776943916652e-05
0.02,0.01984074428506043,0.00015925571493956986
0.03,0.029961705474885615,3.829452511438375e-05
0.0,0.03942230062461006,-0.03942230062461006
0.0,8.272442426963119e-06,-8.272442426963119e-06
0.0,1.7164930455665895e-05,-1.7164930455665895e-05
0.04,0.038422708756067445,0.0015772912439325562
0.0,1.1502421226249672e-05,-1.1502421226249672e-05
0.0,8.272442426963119e-06,-8.272442426963119e-06
0.0,1.618776943916652e-05,-1.618776943916652e-05
0.05,0.05014367792490301,-0.00014367792490301012
0.0,1.7164930455665895e-05,-1.7164930455665895e-05
0.0,1.7164930455665895e-05,-1.7164930455665895e-05
0.04,0.03994332490328032,5.667509671967996e-05
0.0,1.7164930455665895e-05,-1.7164930455665895e-05
0.02,0.020025473933468436,-2.5473933468436044e-05
0.03,0.029961705474885615,3.829452511438375e-05
0.0,1.6799757532185915e-05,-1.6799757532185915e-05
0.0,1.618776943916652e-05,-1.618776943916652e-05
0.02,0.020001605592976344,-1.605592976343384e-06
0.03,0.029972438872133834,2.7561127866164437e-05
0.02,0.0199411673702567,5.883262974330089e-05
0.03,0.029967286740882577,3.271325911742215e-05
0.0,1.7164930455665895e-05,-1.7164930455665895e-05
0.0,1.618776943916652e-05,-1.618776943916652e-05
0.0,1.1502421226249672e-05,-1.1502421226249672e-05
0.0,1.7164930455665895e-05,-1.7164930455665895e-05
0.0,1.1502421226249672e-05,-1.1502421226249672e-05
0.0,7.295281410463746e-06,-7.295281410463746e-06
0.0,1.7164930455665895e-05,-1.7164930455665895e-05
0.03,0.029961705474885615,3.829452511438375e-05
0.03,0.03004209910327204,-4.209910327204053e-05
0.01,0.009983741758105525,1.6258241894474834e-05
0.0,1.6799757532185915e-05,-1.6799757532185915e-05
0.0,1.7164930455665895e-05,-1.7164930455665895e-05
0.0,1.1502421226249672e-05,-1.1502421226249672e-05
0.0,1.6799757532185915e-05,-1.6799757532185915e-05
0.0,1.7164930455665895e-05,-1.7164930455665895e-05
0.02,0.020013551529140448,-1.3551529140447272e-05
0.0,1.7164930455665895e-05,-1.7164930455665895e-05
0.04,0.039881630466869704,0.00011836953313029697
0.05,0.05036954645517228,-0.0003695464551722802
0.0,1.7164930455665895e-05,-1.7164930455665895e-05
0.02,0.01984074428506043,0.00015925571493956986
0.0,1.7164930455665895e-05,-1.7164930455665895e-05
0.02,0.020001605592976344,-1.605592976343384e-06
0.0,1.6799757532185915e-05,-1.6799757532185915e-05
0.02,0.019804184820611845,0.0001958151793881556
0.0,1.1502421226249672e-05,-1.1502421226249672e-05
0.0,1.7164930455665895e-05,-1.7164930455665895e-05
0.02,0.01984074428506043,0.00015925571493956986
0.0,1.1502421226249672e-05,-1.1502421226249672e-05
0.05,0.05001396895027823,-1.3968950278227255e-05
0.0,1.1502421226249672e-05,-1.1502421226249672e-05
0.04,0.03942230062461006,0.0005776993753899423
0.0,1.1502421226249672e-05,-1.1502421226249672e-05
0.0,8.272442426963119e-06,-8.272442426963119e-06
0.0,1.1502421226249672e-05,-1.1502421226249672e-05
0.01,0.009943956498809888,5.6043501190112394e-05
0.0,1.7164930455665895e-05,-1.7164930455665895e-05
0.01,0.010072822457297933,-7.282245729793232e-05
0.0,1.7164930455665895e-05,-1.7164930455665895e-05
0.0,1.1502421226249672e-05,-1.1502421226249672e-05
0.06,0.05997127150495221,2.8728495047786184e-05
0.02,0.020007186858973305,-7.186858973304983e-06
0.0,1.7164930455665895e-05,-1.7164930455665895e-05
0.02,0.02004339687346692,-4.339687346691795e-05
0.0,1.618776943916652e-05,-1.618776943916652e-05
0.03,0.03004209910327204,-4.209910327204053e-05
0.03,0.029967286740882577,3.271325911742215e-05
0.02,0.019935086629780583,6.49133702194174e-05
0.04,0.03942230062461006,0.0005776993753899423
0.0,1.7164930455665895e-05,-1.7164930455665895e-05
0.0,1.618776943916652e-05,-1.618776943916652e-05
0.0,1.6799757532185915e-05,-1.6799757532185915e-05
0.0,7.295281410463746e-06,-7.295281410463746e-06
0.0,1.618776943916652e-05,-1.618776943916652e-05
0.0,1.618776943916652e-05,-1.618776943916652e-05
0.03,0.029972438872133834,2.7561127866164437e-05
0.0,1.618776943916652e-05,-1.618776943916652e-05
0.0,1.7164930455665895e-05,-1.7164930455665895e-05
0.0,8.272442426963119e-06,-8.272442426963119e-06
0.07,0.07175679492333469,-0.0017567949233346786
0.0,1.7164930455665895e-05,-1.7164930455665895e-05
0.01,0.009993208800829432,6.791199170567974e-06
0.0,1.7164930455665895e-05,-1.7164930455665895e-05
0.0,1.7164930455665895e-05,-1.7164930455665895e-05
0.0,1.7164930455665895e-05,-1.7164930455665895e-05
0.0,7.295281410463746e-06,-7.295281410463746e-06
0.04,0.03849752111845691,0.00150247888154309
0.0,1.7164930455665895e-05,-1.7164930455665895e-05
0.04,0.03975989352745681,0.00024010647254318895
0.02,0.01994674863625366,5.325136374633929e-05
0.0,1.7164930455665895e-05,-1.7164930455665895e-05
0.0,8.272442426963119e-06,-8.272442426963119e-06
0.04,0.03975989352745681,0.00024010647254318895
0.0,1.6799757532185915e-05,-1.6799757532185915e-05
0.04,0.03989761503416475,0.00010238496583524909
0.03,0.029881483532880334,0.00011851646711966493
0.01,0.009993929438590902,6.07056140909841e-06
0.0,1.1502421226249672e-05,-1.1502421226249672e-05
0.0,-2.230512312274024e-06,2.230512312274024e-06
0.0,-2.230512312274024e-06,2.230512312274024e-06
0.0,1.7164930455665895e-05,-1.7164930455665895e-05
0.02,0.01979119508242265,0.00020880491757735084
0.0,-2.230512312274024e-06,2.230512312274024e-06
0.0,1.7164930455665895e-05,-1.7164930455665895e-05
0.03,0.029967286740882577,3.271325911742215e-05
0.04,0.03998065679933149,1.9343200668507643e-05
0.06,0.059653416317891915,0.0003465836821080828
0.02,0.01984074428506043,0.00015925571493956986
0.02,0.01994674863625366,5.325136374633929e-05
0.0,1.618776943916652e-05,-1.618776943916652e-05
0.02,0.019829082278587352,0.00017091772141264797
0.02,0.020007186858973305,-7.186858973304983e-06
0.0,1.7164930455665895e-05,-1.7164930455665895e-05
0.05,0.050133963303500395,-0.00013396330350039232
0.0,1.618776943916652e-05,-1.618776943916652e-05
0.01,0.009975317399993145,2.4682600006854793e-05
0.0,1.7164930455665895e-05,-1.7164930455665895e-05
0.0,1.7164930455665895e-05,-1.7164930455665895e-05
0.0,1.618776943916652e-05,-1.618776943916652e-05
0.0,1.618776943916652e-05,-1.618776943916652e-05
0.0,1.7164930455665895e-05,-1.7164930455665895e-05
0.03,0.02989201944983457,0.00010798055016542768
0.0,1.7164930455665895e-05,-1.7164930455665895e-05
0.0,1.7164930455665895e-05,-1.7164930455665895e-05
0.0,1.7164930455665895e-05,-1.7164930455665895e-05
0.0,1.7164930455665895e-05,-1.7164930455665895e-05
0.03,0.029887935228406295,0.00011206477159370412
0.0,8.272442426963119e-06,-8.272442426963119e-06
0.0,1.7164930455665895e-05,-1.7164930455665895e-05
0.0,1.1502421226249672e-05,-1.1502421226249672e-05
0.0,1.7164930455665895e-05,-1.7164930455665895e-05
0.0,1.618776943916652e-05,-1.618776943916652e-05
0.04,0.039685081165067346,0.0003149188349326551
0.01,0.009936871190881274,6.312880911872598e-05
0.0,1.1502421226249672e-05,-1.1502421226249672e-05
0.0,1.7164930455665895e-05,-1.7164930455665895e-05
0.02,0.01983437961489329,0.00016562038510671215
0.02,0.020013551529140448,-1.3551529140447272e-05
0.0,7.295281410463746e-06,-7.295281410463746e-06
0.0,1.7164930455665895e-05,-1.7164930455665895e-05
0.0,1.7164930455665895e-05,-1.7164930455665895e-05
0.02,0.01983437961489329,0.00016562038510671215
0.0,1.7164930455665895e-05,-1.7164930455665895e-05
0.03,0.029961705474885615,3.829452511438375e-05
0.03,0.029967286740882577,3.271325911742215e-05
0.0,8.272442426963119e-06,-8.272442426963119e-06
0.0,9.430117987367264e-05,-9.430117987367264e-05
0.0,1.7164930455665895e-05,-1.7164930455665895e-05
0.0,1.7164930455665895e-05,-1.7164930455665895e-05
0.0,1.6799757532185915e-05,-1.6799757532185915e-05
0.03,0.03004209910327204,-4.209910327204053e-05
0.02,0.020001605592976344,-1.605592976343384e-06
0.0,8.272442426963119e-06,-8.272442426963119e-06
0.0,7.907269503483138e-06,-7.907269503483138e-06
0.03,0.02960906492170155,0.00039093507829844956
0.04,0.03989761503416475,0.00010238496583524909
0.0,1.7164930455665895e-05,-1.7164930455665895e-05
0.0,1.7164930455665895e-05,-1.7164930455665895e-05
0.0,1.618776943916652e-05,-1.618776943916652e-05
0.02,0.020007186858973305,-7.186858973304983e-06
0.06,0.03759583252933611,0.022404167470663885
0.0,1.1502421226249672e-05,-1.1502421226249672e-05
0.0,1.7164930455665895e-05,-1.7164930455665895e-05
0.02,0.020013551529140448,-1.3551529140447272e-05
0.0,8.272442426963119e-06,-8.272442426963119e-06
0.06,0.056298705982377635,0.0037012940176223627
0.0,-2.230512312274024e-06,2.230512312274024e-06
0.0,1.7164930455665895e-05,-1.7164930455665895e-05
0.0,1.6799757532185915e-05,-1.6799757532185915e-05
0.03,0.029881483532880334,0.00011851646711966493
0.0,1.7164930455665895e-05,-1.7164930455665895e-05
0.0,1.618776943916652e-05,-1.618776943916652e-05
0.01,0.009930419015076856,6.958098492314442e-05
0.02,0.019797559752589792,0.00020244024741020855
0.04,0.039955260362506115,4.473963749388604e-05
0.05,0.05011329099290802,-0.00011329099290801475
0.04,0.039955260362506115,4.473963749388604e-05
0.04,0.03991399077649476,8.60092235052401e-05
0.0,8.272442426963119e-06,-8.272442426963119e-06
0.01,0.010127679414020613,-0.00012767941402061327
0.0,1.618776943916652e-05,-1.618776943916652e-05
0.0,8.272442426963119e-06,-8.272442426963119e-06
0.03,0.029972438872133834,2.7561127866164437e-05
0.03,0.03004209910327204,-4.209910327204053e-05
0.03,0.029961705474885615,3.829452511438375e-05
0.0,1.7164930455665895e-05,-1.7164930455665895e-05
0.03,0.0299413422802997,5.865771970029951e-05
0.0,1.7164930455665895e-05,-1.7164930455665895e-05
0.02,0.020007186858973305,-7.186858973304983e-06
0.0,1.7164930455665895e-05,-1.7164930455665895e-05
0.0,1.7164930455665895e-05,-1.7164930455665895e-05
0.0,1.7164930455665895e-05,-1.7164930455665895e-05
0.0,1.618776943916652e-05,-1.618776943916652e-05
0.0,1.7164930455665895e-05,-1.7164930455665895e-05
0.0,1.618776943916652e-05,-1.618776943916652e-05
0.03,0.029967286740882577,3.271325911742215e-05
0.0,1.1502421226249672e-05,-1.1502421226249672e-05
0.0,1.618776943916652e-05,-1.618776943916652e-05
0.05,0.05011299528274002,-0.00011299528274001658
0.02,0.01984074428506043,0.00015925571493956986
0.0,7.295281410463746e-06,-7.295281410463746e-06
0.0,8.272442426963119e-06,-8.272442426963119e-06
0.05,0.05010035346073116,-0.00010035346073115903
0.0,1.1502421226249672e-05,-1.1502421226249672e-05
0.0,1.6799757532185915e-05,-1.6799757532185915e-05
0.0,1.618776943916652e-05,-1.618776943916652e-05
0.0,1.7164930455665895e-05,-1.7164930455665895e-05
0.03,0.030036517837275078,-3.651783727507893e-05
0.0,1.618776943916652e-05,-1.618776943916652e-05
0.0,1.6799757532185915e-05,-1.6799757532185915e-05
0.0,1.6799757532185915e-05,-1.6799757532185915e-05
0.0,1.618776943916652e-05,-1.618776943916652e-05
0.04,0.039685081165067346,0.0003149188349326551
0.0,1.618776943916652e-05,-1.618776943916652e-05
0.0,1.7164930455665895e-05,-1.7164930455665895e-05
0.04,0.039634834493707465,0.0003651655062925363
0.02,0.020013551529140448,-1.3551529140447272e-05
0.02,0.020001605592976344,-1.605592976343384e-06
0.0,8.272442426963119e-06,-8.272442426963119e-06
0.04,0.03975989352745681,0.00024010647254318895
0.04,0.03989761503416475,0.00010238496583524909
0.0,1.6799757532185915e-05,-1.6799757532185915e-05
0.0,1.7164930455665895e-05,-1.7164930455665895e-05
0.0,1.618776943916652e-05,-1.618776943916652e-05
0.0,1.7164930455665895e-05,-1.7164930455665895e-05
0.02,0.01984074428506043,0.00015925571493956986
0.02,0.01994674863625366,5.325136374633929e-05
0.02,0.020007186858973305,-7.186858973304983e-06
0.02,0.01942879509635272,0.0005712049036472808
0.0,1.1502421226249672e-05,-1.1502421226249672e-05
0.0,1.618776943916652e-05,-1.618776943916652e-05
0.0,1.7164930455665895e-05,-1.7164930455665895e-05
0.0,1.1502421226249672e-05,-1.1502421226249672e-05
0.02,0.020007970263143486,-7.970263143485673e-06
0.01,0.009745017562467784,0.00025498243753221614
0.02,0.020013551529140448,-1.3551529140447272e-05
0.0,1.7164930455665895e-05,-1.7164930455665895e-05
0.0,1.7164930455665895e-05,-1.7164930455665895e-05
0.05,0.05007566338668885,-7.566338668884426e-05
0.0,1.7164930455665895e-05,-1.7164930455665895e-05
0.0,1.1502421226249672e-05,-1.1502421226249672e-05
0.0,1.7164930455665895e-05,-1.7164930455665895e-05
0.0,1.7164930455665895e-05,-1.7164930455665895e-05
0.0,1.7164930455665895e-05,-1.7164930455665895e-05
0.0,1.7164930455665895e-05,-1.7164930455665895e-05
0.03,0.03004209910327204,-4.209910327204053e-05
0.02,0.01963748487112976,0.0003625151288702416
0.0,1.7164930455665895e-05,-1.7164930455665895e-05
0.0,1.618776943916652e-05,-1.618776943916652e-05
0.0,1.1502421226249672e-05,-1.1502421226249672e-05
0.0,1.7164930455665895e-05,-1.7164930455665895e-05
0.0,1.7164930455665895e-05,-1.7164930455665895e-05
0.0,1.7164930455665895e-05,-1.7164930455665895e-05
0.0,1.7164930455665895e-05,-1.7164930455665895e-05
0.0,1.7164930455665895e-05,-1.7164930455665895e-05
0.0,1.618776943916652e-05,-1.618776943916652e-05
0.02,0.01986042617881515,0.00013957382118484976
0.0,1.1502421226249672e-05,-1.1502421226249672e-05
0.0,1.7164930455665895e-05,-1.7164930455665895e-05
0.0,1.7164930455665895e-05,-1.7164930455665895e-05
0.0,1.6799757532185915e-05,-1.6799757532185915e-05
0.02,0.020001605592976344,-1.605592976343384e-06
0.04,0.03975989352745681,0.00024010647254318895
0.0,1.7164930455665895e-05,-1.7164930455665895e-05
0.03,0.03004209910327204,-4.209910327204053e-05
0.0,1.1502421226249672e-05,-1.1502421226249672e-05
0.0,1.6799757532185915e-05,-1.6799757532185915e-05
0.0,1.6799757532185915e-05,-1.6799757532185915e-05
0.0,1.7164930455665895e-05,-1.7164930455665895e-05
0.0,1.618776943916652e-05,-1.618776943916652e-05
0.05,0.0490115682255185,0.0009884317744815047
0.0,1.7164930455665895e-05,-1.7164930455665895e-05
0.0,1.7164930455665895e-05,-1.7164930455665895e-05
0.0,-1.1123000340976801e-05,1.1123000340976801e-05
0.0,1.7164930455665895e-05,-1.7164930455665895e-05
0.03,0.030036517837275078,-3.651783727507893e-05
0.02,0.020007186858973305,-7.186858973304983e-06
0.02,0.01984074428506043,0.00015925571493956986
0.0,1.7164930455665895e-05,-1.7164930455665895e-05
0.0,1.7164930455665895e-05,-1.7164930455665895e-05
0.0,8.272442426963119e-06,-8.272442426963119e-06
0.0,1.7164930455665895e-05,-1.7164930455665895e-05
0.03,0.029956295895269797,4.3704104730202253e-05
0.0,1.618776943916652e-05,-1.618776943916652e-05
0.0,1.7164930455665895e-05,-1.7164930455665895e-05
0.0,1.7164930455665895e-05,-1.7164930455665895e-05
0.0,1.7164930455665895e-05,-1.7164930455665895e-05
0.02,0.019606143492197716,0.0003938565078022843
0.02,0.020013551529140448,-1.3551529140447272e-05
0.0,1.1502421226249672e-05,-1.1502421226249672e-05
0.0,1.6799757532185915e-05,-1.6799757532185915e-05
0.02,0.020007186858973305,-7.186858973304983e-06
0.0,1.7164930455665895e-05,-1.7164930455665895e-05
0.0,1.7164930455665895e-05,-1.7164930455665895e-05
0.0,1.618776943916652e-05,-1.618776943916652e-05
0.0,7.907269503483138e-06,-7.907269503483138e-06
0.0,1.7164930455665895e-05,-1.7164930455665895e-05
0.0,1.7164930455665895e-05,-1.7164930455665895e-05
0.0,1.7164930455665895e-05,-1.7164930455665895e-05
0.0,1.7164930455665895e-05,-1.7164930455665895e-05
0.05,0.050079101596842,-7.910159684199752e-05
0.0,1.7164930455665895e-05,-1.7164930455665895e-05
0.0,8.272442426963119e-06,-8.272442426963119e-06
0.0,1.7164930455665895e-05,-1.7164930455665895e-05
0.0,1.7164930455665895e-05,-1.7164930455665895e-05
0.0,1.1502421226249672e-05,-1.1502421226249672e-05
0.05,0.050610019613323044,-0.0006100196133230415
0.0,1.7164930455665895e-05,-1.7164930455665895e-05
0.0,1.6799757532185915e-05,-1.6799757532185915e-05
0.0,1.7164930455665895e-05,-1.7164930455665895e-05
0.0,1.7164930455665895e-05,-1.7164930455665895e-05
0.0,1.7164930455665895e-05,-1.7164930455665895e-05
0.05,0.05039321325490742,-0.000393213254907418
0.03,0.029961250546227072,3.87494537729266e-05
0.01,0.009986844130662288,1.3155869337711998e-05
0.0,1.618776943916652e-05,-1.618776943916652e-05
0.01,0.00999010642827267,9.89357172733081e-06
0.0,1.7164930455665895e-05,-1.7164930455665895e-05
0.0,8.272442426963119e-06,-8.272442426963119e-06
0.02,0.019934802700089557,6.519729991044318e-05
0.02,0.020013551529140448,-1.3551529140447272e-05
0.0,7.295281410463746e-06,-7.295281410463746e-06
0.03,0.02970154759927219,0.0002984524007278097
0.0,1.7164930455665895e-05,-1.7164930455665895e-05
0.01,0.010127679414020613,-0.00012767941402061327
0.0,8.272442426963119e-06,-8.272442426963119e-06
0.0,1.7164930455665895e-05,-1.7164930455665895e-05
0.0,1.6799757532185915e-05,-1.6799757532185915e-05
0.0,8.272442426963119e-06,-8.272442426963119e-06
0.0,1.618776943916652e-05,-1.618776943916652e-05
0.0,1.7164930455665895e-05,-1.7164930455665895e-05
0.0,1.6799757532185915e-05,-1.6799757532185915e-05
0.02,0.020007186858973305,-7.186858973304983e-06
0.0,8.272442426963119e-06,-8.272442426963119e-06
0.02,0.020007186858973305,-7.186858973304983e-06
0.0,1.7164930455665895e-05,-1.7164930455665895e-05
0.0,1.7164930455665895e-05,-1.7164930455665895e-05
0.0,1.7164930455665895e-05,-1.7164930455665895e-05
0.02,0.020007186858973305,-7.186858973304983e-06
0.02,0.01994038396608652,5.961603391348158e-05
0.01,0.009968232092064532,3.176790793546838e-05
0.0,1.618776943916652e-05,-1.618776943916652e-05
0.03,0.029967286740882577,3.271325911742215e-05
0.0,1.7164930455665895e-05,-1.7164930455665895e-05
0.0,2.6099331975468947e-06,-2.6099331975468947e-06
0.03,0.030036517837275078,-3.651783727507893e-05
0.0,1.618776943916652e-05,-1.618776943916652e-05
0.0,1.7164930455665895e-05,-1.7164930455665895e-05
0.05,0.048696272809357746,0.0013037271906422565
0.04,0.039634834493707465,0.0003651655062925363
0.0,1.7164930455665895e-05,-1.7164930455665895e-05
0.0,1.1502421226249672e-05,-1.1502421226249672e-05
0.01,0.009993208800829432,6.791199170567974e-06
0.0,8.272442426963119e-06,-8.272442426963119e-06
0.01,0.010060876521133829,-6.087652113382844e-05
0.04,0.039881630466869704,0.00011836953313029697
0.0,1.7164930455665895e-05,-1.7164930455665895e-05
0.0,2.6099331975468947e-06,-2.6099331975468947e-06
0.0,1.7164930455665895e-05,-1.7164930455665895e-05
0.02,0.019797559752589792,0.00020244024741020855
0.0,1.618776943916652e-05,-1.618776943916652e-05
0.0,1.618776943916652e-05,-1.618776943916652e-05
0.0,1.6799757532185915e-05,-1.6799757532185915e-05
0.0,1.618776943916652e-05,-1.618776943916652e-05
0.0,1.7164930455665895e-05,-1.7164930455665895e-05
0.0,1.618776943916652e-05,-1.618776943916652e-05
0.0,1.1502421226249672e-05,-1.1502421226249672e-05
0.03,0.030052893579605094,-5.289357960509486e-05
0.0,1.1502421226249672e-05,-1.1502421226249672e-05
0.03,0.029967286740882577,3.271325911742215e-05
0.02,0.01979119508242265,0.00020880491757735084
0.0,1.6799757532185915e-05,-1.6799757532185915e-05
0.0,1.618776943916652e-05,-1.618776943916652e-05
0.0,1.7164930455665895e-05,-1.7164930455665895e-05
0.0,1.618776943916652e-05,-1.618776943916652e-05
0.0,1.7164930455665895e-05,-1.7164930455665895e-05
0.02,0.01980948215691778,0.00019051784308221978
0.03,0.029972438872133834,2.7561127866164437e-05
0.0,1.1502421226249672e-05,-1.1502421226249672e-05
0.0,1.7164930455665895e-05,-1.7164930455665895e-05
0.02,0.01983437961489329,0.00016562038510671215
0.0,1.7164930455665895e-05,-1.7164930455665895e-05
0.0,1.618776943916652e-05,-1.618776943916652e-05
0.0,7.295281410463746e-06,-7.295281410463746e-06
0.0,1.7164930455665895e-05,-1.7164930455665895e-05
0.02,0.01639174884359423,0.00360825115640577
0.02,0.020007186858973305,-7.186858973304983e-06
0.0,1.6799757532185915e-05,-1.6799757532185915e-05
0.0,1.7164930455665895e-05,-1.7164930455665895e-05
0.03,0.029967286740882577,3.271325911742215e-05
0.0,1.7164930455665895e-05,-1.7164930455665895e-05
0.04,0.03650416919158257,0.0034958308084174286
0.0,1.7164930455665895e-05,-1.7164930455665895e-05
0.05,0.047986834756874784,0.0020131652431252187
0.0,1.7164930455665895e-05,-1.7164930455665895e-05
0.0,1.618776943916652e-05,-1.618776943916652e-05
0.0,1.7164930455665895e-05,-1.7164930455665895e-05
0.03,0.029967286740882577,3.271325911742215e-05
0.0,1.6799757532185915e-05,-1.6799757532185915e-05
0.0,1.1502421226249672e-05,-1.1502421226249672e-05
0.02,0.01984074428506043,0.00015925571493956986
0.0,1.618776943916652e-05,-1.618776943916652e-05
0.04,0.039918962362920876,8.103763707912465e-05
0.0,1.7164930455665895e-05,-1.7164930455665895e-05
0.03,0.030058474845602055,-5.847484560205646e-05
0.02,0.01979119508242265,0.00020880491757735084
0.0,1.7164930455665895e-05,-1.7164930455665895e-05
0.03,0.02988643818383761,0.00011356181616238928
0.0,1.7164930455665895e-05,-1.7164930455665895e-05
0.01,0.009983741758105525,1.6258241894474834e-05
0.0,1.1502421226249672e-05,-1.1502421226249672e-05
0.03,0.030036517837275078,-3.651783727507893e-05
0.0,1.7164930455665895e-05,-1.7164930455665895e-05
0.0,1.7164930455665895e-05,-1.7164930455665895e-05
0.03,0.029756140332996766,0.00024385966700323294
0.0,1.618776943916652e-05,-1.618776943916652e-05
0.0,1.7164930455665895e-05,-1.7164930455665895e-05
0.04,0.039976512226395276,2.3487773604724538e-05
0.0,1.1502421226249672e-05,-1.1502421226249672e-05
0.05,0.050092039129018856,-9.203912901885325e-05
0.0,1.7164930455665895e-05,-1.7164930455665895e-05
0.0,8.272442426963119e-06,-8.272442426963119e-06
0.04,0.039822802671775286,0.00017719732822471523
0.0,1.7164930455665895e-05,-1.7164930455665895e-05
0.0,1.1502421226249672e-05,-1.1502421226249672e-05
0.06,0.05986426611371244,0.00013573388628755623
0.0,1.7164930455665895e-05,-1.7164930455665895e-05
0.03,0.02989717158108583,0.00010282841891416997
0.03,0.029837241644018745,0.00016275835598125385
0.01,0.010090493896536887,-9.049389653688691e-05
0.03,0.029967286740882577,3.271325911742215e-05
0.0,1.1502421226249672e-05,-1.1502421226249672e-05
0.0,1.7164930455665895e-05,-1.7164930455665895e-05
0.0,1.7164930455665895e-05,-1.7164930455665895e-05
0.04,0.039881630466869704,0.00011836953313029697
0.0,1.618776943916652e-05,-1.618776943916652e-05
0.01,0.009729105165261091,0.0002708948347389089
0.0,1.7164930455665895e-05,-1.7164930455665895e-05
0.0,1.7164930455665895e-05,-1.7164930455665895e-05
0.03,0.029881483532880334,0.00011851646711966493
0.0,8.272442426963119e-06,-8.272442426963119e-06
0.03,0.02989201944983457,0.00010798055016542768
0.02,0.020007186858973305,-7.186858973304983e-06
0.0,1.7164930455665895e-05,-1.7164930455665895e-05
0.05,0.050092039129018856,-9.203912901885325e-05
0.0,1.7164930455665895e-05,-1.7164930455665895e-05
0.0,8.272442426963119e-06,-8.272442426963119e-06
0.02,0.020013551529140448,-1.3551529140447272e-05
0.02,0.01984074428506043,0.00015925571493956986
0.0,-2.230512312274024e-06,2.230512312274024e-06
0.03,0.029967286740882577,3.271325911742215e-05
0.02,0.020001605592976344,-1.605592976343384e-06
0.0,1.7164930455665895e-05,-1.7164930455665895e-05
0.05,0.050092039129018856,-9.203912901885325e-05
0.0,1.618776943916652e-05,-1.618776943916652e-05
0.01,0.010000294108758046,-2.9410875804561365e-07
0.01,0.00995867279582906,4.132720417093956e-05
0.01,0.01013786709450599,-0.0001378670945059897
0.0,1.7164930455665895e-05,-1.7164930455665895e-05
0.0,1.7164930455665895e-05,-1.7164930455665895e-05
0.0,1.618776943916652e-05,-1.618776943916652e-05
0.0,1.7164930455665895e-05,-1.7164930455665895e-05
0.0,8.272442426963119e-06,-8.272442426963119e-06
0.06,0.055501779957743164,0.004498220042256834
0.02,0.01984074428506043,0.00015925571493956986
0.0,1.7164930455665895e-05,-1.7164930455665895e-05
0.0,1.7164930455665895e-05,-1.7164930455665895e-05
0.02,0.020076417955365806,-7.641795536580606e-05
0.0,1.7164930455665895e-05,-1.7164930455665895e-05
0.0,1.1502421226249672e-05,-1.1502421226249672e-05
0.0,1.7164930455665895e-05,-1.7164930455665895e-05
0.0,1.7164930455665895e-05,-1.7164930455665895e-05
0.0,1.618776943916652e-05,-1.618776943916652e-05
0.03,0.029881483532880334,0.00011851646711966493
0.02,0.020076417955365806,-7.641795536580606e-05
0.0,1.6799757532185915e-05,-1.6799757532185915e-05
0.0,8.272442426963119e-06,-8.272442426963119e-06
0.02,0.020076417955365806,-7.641795536580606e-05
0.04,0.03994332490328032,5.667509671967996e-05
0.03,0.030036517837275078,-3.651783727507893e-05
0.0,1.7164930455665895e-05,-1.7164930455665895e-05
0.0,1.6799757532185915e-05,-1.6799757532185915e-05
0.02,0.01984074428506043,0.00015925571493956986
0.0,1.7164930455665895e-05,-1.7164930455665895e-05
0.03,0.029881483532880334,0.00011851646711966493
0.0,1.7164930455665895e-05,-1.7164930455665895e-05
0.02,0.02003183860363558,-3.183860363557833e-05
0.03,0.02989201944983457,0.00010798055016542768
0.02,0.020076417955365806,-7.641795536580606e-05
0.0,1.7164930455665895e-05,-1.7164930455665895e-05
0.02,0.01983437961489329,0.00016562038510671215
0.0,1.7164930455665895e-05,-1.7164930455665895e-05
0.0,1.6799757532185915e-05,-1.6799757532185915e-05
0.0,7.295281410463746e-06,-7.295281410463746e-06
0.0,1.1502421226249672e-05,-1.1502421226249672e-05
0.0,1.1502421226249672e-05,-1.1502421226249672e-05
0.0,1.7164930455665895e-05,-1.7164930455665895e-05
0.03,0.029961705474885615,3.829452511438375e-05
0.03,0.030036517837275078,-3.651783727507893e-05
0.02,0.01979119508242265,0.00020880491757735084
0.0,1.618776943916652e-05,-1.618776943916652e-05
0.0,1.7164930455665895e-05,-1.7164930455665895e-05
0.0,1.618776943916652e-05,-1.618776943916652e-05
0.03,0.029967286740882577,3.271325911742215e-05
0.0,1.7164930455665895e-05,-1.7164930455665895e-05
0.06,0.060411998274612966,-0.000411998274612968
0.0,1.7164930455665895e-05,-1.7164930455665895e-05
0.0,8.272442426963119e-06,-8.272442426963119e-06
0.0,1.7164930455665895e-05,-1.7164930455665895e-05
0.01,0.009993208800829432,6.791199170567974e-06
0.0,1.7164930455665895e-05,-1.7164930455665895e-05
0.0,8.272442426963119e-06,-8.272442426963119e-06
0.03,0.030041996919496987,-4.199691949698797e-05
0.03,0.029972438872133834,2.7561127866164437e-05
0.01,0.009936871190881274,6.312880911872598e-05
0.0,2.6099331975468947e-06,-2.6099331975468947e-06
0.0,1.7164930455665895e-05,-1.7164930455665895e-05
0.0,1.7164930455665895e-05,-1.7164930455665895e-05
0.02,0.020007186858973305,-7.186858973304983e-06
0.0,1.7164930455665895e-05,-1.7164930455665895e-05
0.03,0.02989201944983457,0.00010798055016542768
0.0,1.7164930455665895e-05,-1.7164930455665895e-05
0.0,1.618776943916652e-05,-1.618776943916652e-05
0.01,0.010149813030670094,-0.00014981303067009358
0.03,0.029961705474885615,3.829452511438375e-05
0.0,8.272442426963119e-06,-8.272442426963119e-06
0.0,1.618776943916652e-05,-1.618776943916652e-05
0.06,0.06052641737709254,-0.000526417377092539
0.01,0.009993929438590902,6.07056140909841e-06
0.03,0.03004209910327204,-4.209910327204053e-05
0.0,1.1502421226249672e-05,-1.1502421226249672e-05
0.0,1.618776943916652e-05,-1.618776943916652e-05
0.04,0.039497112986999525,0.0005028870130004762
0.03,0.029881483532880334,0.00011851646711966493
0.02,0.01983437961489329,0.00016562038510671215
0.02,0.01994038396608652,5.961603391348158e-05
0.02,0.020007186858973305,-7.186858973304983e-06
0.0,1.7164930455665895e-05,-1.7164930455665895e-05
0.04,0.039918962362920876,8.103763707912465e-05
0.0,1.7164930455665895e-05,-1.7164930455665895e-05
0.0,1.7164930455665895e-05,-1.7164930455665895e-05
0.0,1.7164930455665895e-05,-1.7164930455665895e-05
0.0,1.1502421226249672e-05,-1.1502421226249672e-05
0.0,1.1502421226249672e-05,-1.1502421226249672e-05
0.0,1.618776943916652e-05,-1.618776943916652e-05
0.01,0.009983741758105525,1.6258241894474834e-05
0.0,-1.1123000340976801e-05,1.1123000340976801e-05
0.0,1.7164930455665895e-05,-1.7164930455665895e-05
0.05,0.05010035346073116,-0.00010035346073115903
0.03,0.030036517837275078,-3.651783727507893e-05
0.0,8.272442426963119e-06,-8.272442426963119e-06
0.02,0.020007186858973305,-7.186858973304983e-06
0.0,8.272442426963119e-06,-8.272442426963119e-06
0.02,0.01984074428506043,0.00015925571493956986
0.01,0.01014344836050295,-0.00014344836050294955
0.03,0.029867370484034903,0.00013262951596509573
0.03,0.029967286740882577,3.271325911742215e-05
0.03,0.029695922277134804,0.0003040777228651946
0.0,1.618776943916652e-05,-1.618776943916652e-05
0.04,0.03986013456782646,0.00013986543217354291
0.0,2.6099331975468947e-06,-2.6099331975468947e-06
0.03,0.03004209910327204,-4.209910327204053e-05
0.0,1.7164930455665895e-05,-1.7164930455665895e-05
0.0,1.618776943916652e-05,-1.618776943916652e-05
0.0,1.7164930455665895e-05,-1.7164930455665895e-05
0.0,1.7164930455665895e-05,-1.7164930455665895e-05
0.0,1.7164930455665895e-05,-1.7164930455665895e-05
0.02,0.01984074428506043,0.00015925571493956986
0.0,1.7164930455665895e-05,-1.7164930455665895e-05
0.03,0.030052893579605094,-5.289357960509486e-05
0.0,1.7164930455665895e-05,-1.7164930455665895e-05
0.02,0.020001605592976344,-1.605592976343384e-06
0.0,1.7164930455665895e-05,-1.7164930455665895e-05
0.0,1.618776943916652e-05,-1.618776943916652e-05
0.02,0.020081999221362768,-8.199922136276766e-05
0.0,1.618776943916652e-05,-1.618776943916652e-05
0.0,1.6799757532185915e-05,-1.6799757532185915e-05
0.01,0.009993929438590902,6.07056140909841e-06
0.05,0.04830292249197717,0.0016970775080228304
0.0,1.7164930455665895e-05,-1.7164930455665895e-05
0.03,0.02980621624183233,0.00019378375816767046
0.0,1.7164930455665895e-05,-1.7164930455665895e-05
0.03,0.030052893579605094,-5.289357960509486e-05
0.0,1.618776943916652e-05,-1.618776943916652e-05
0.03,0.029967286740882577,3.271325911742215e-05
0.0,1.6799757532185915e-05,-1.6799757532185915e-05
0.04,0.03994332490328032,5.667509671967996e-05
0.0,1.7164930455665895e-05,-1.7164930455665895e-05
0.0,-2.230512312274024e-06,2.230512312274024e-06
0.03,0.029881483532880334,0.00011851646711966493
0.03,0.029966831812224034,3.3168187775965e-05
0.0,1.7164930455665895e-05,-1.7164930455665895e-05
0.0,1.1502421226249672e-05,-1.1502421226249672e-05
0.02,0.01984074428506043,0.00015925571493956986
0.0,1.618776943916652e-05,-1.618776943916652e-05
0.03,0.029967286740882577,3.271325911742215e-05
0.02,0.020007186858973305,-7.186858973304983e-06
0.0,7.295281410463746e-06,-7.295281410463746e-06
0.02,0.01979119508242265,0.00020880491757735084
0.0,7.295281410463746e-06,-7.295281410463746e-06
0.0,1.618776943916652e-05,-1.618776943916652e-05
0.0,1.7164930455665895e-05,-1.7164930455665895e-05
0.0,1.618776943916652e-05,-1.618776943916652e-05
0.0,1.6799757532185915e-05,-1.6799757532185915e-05
0.0,8.272442426963119e-06,-8.272442426963119e-06
0.0,1.7164930455665895e-05,-1.7164930455665895e-05
0.02,0.019769411938589648,0.00023058806141035282
0.0,7.295281410463746e-06,-7.295281410463746e-06
0.04,0.03994332490328032,5.667509671967996e-05
0.05,0.05010035346073116,-0.00010035346073115903
0.0,1.1502421226249672e-05,-1.1502421226249672e-05
0.0,1.7164930455665895e-05,-1.7164930455665895e-05
0.0,1.7164930455665895e-05,-1.7164930455665895e-05
0.04,0.03942230062461006,0.0005776993753899423
0.02,0.020001605592976344,-1.605592976343384e-06
0.0,8.272442426963119e-06,-8.272442426963119e-06
0.0,1.7164930455665895e-05,-1.7164930455665895e-05
0.0,1.1502421226249672e-05,-1.1502421226249672e-05
0.0,1.7164930455665895e-05,-1.7164930455665895e-05
0.07,0.061873475912304327,0.00812652408769568
0.05,0.050133963303500395,-0.00013396330350039232
0.0,1.6799757532185915e-05,-1.6799757532185915e-05
0.0,1.618776943916652e-05,-1.618776943916652e-05
0.05,0.05001396895027823,-1.3968950278227255e-05
0.02,0.020007186858973305,-7.186858973304983e-06
0.04,0.03975989352745681,0.00024010647254318895
0.0,8.272442426963119e-06,-8.272442426963119e-06
0.0,1.7164930455665895e-05,-1.7164930455665895e-05
0.02,0.020007970263143486,-7.970263143485673e-06
0.0,1.1502421226249672e-05,-1.1502421226249672e-05
0.02,0.020007186858973305,-7.186858973304983e-06
0.0,1.618776943916652e-05,-1.618776943916652e-05
0.03,0.03004209910327204,-4.209910327204053e-05
0.01,0.009979213141571729,2.0786858428271243e-05
0.0,1.1502421226249672e-05,-1.1502421226249672e-05
0.0,1.6799757532185915e-05,-1.6799757532185915e-05
0.03,0.029956295895269797,4.3704104730202253e-05
0.0,1.7164930455665895e-05,-1.7164930455665895e-05
0.0,1.1502421226249672e-05,-1.1502421226249672e-05
0.03,0.03004209910327204,-4.209910327204053e-05
0.0,1.6799757532185915e-05,-1.6799757532185915e-05
0.01,0.010057941175506844,-5.794117550684402e-05
0.0,1.7164930455665895e-05,-1.7164930455665895e-05
0.0,1.618776943916652e-05,-1.618776943916652e-05
0.0,2.6099331975468947e-06,-2.6099331975468947e-06
0.0,1.7164930455665895e-05,-1.7164930455665895e-05
0.05,0.05007566338668885,-7.566338668884426e-05
0.0,1.618776943916652e-05,-1.618776943916652e-05
0.0,1.7164930455665895e-05,-1.7164930455665895e-05
0.06,0.05952929147442087,0.00047070852557912907
0.0,1.1502421226249672e-05,-1.1502421226249672e-05
0.0,-2.230512312274024e-06,2.230512312274024e-06
0.03,0.029961705474885615,3.829452511438375e-05
0.03,0.02989201944983457,0.00010798055016542768
0.0,1.1502421226249672e-05,-1.1502421226249672e-05
0.05,0.049105544110100104,0.0008944558898998992
0.0,1.7164930455665895e-05,-1.7164930455665895e-05
0.0,1.6799757532185915e-05,-1.6799757532185915e-05
0.0,1.1502421226249672e-05,-1.1502421226249672e-05
0.05,0.05007566338668885,-7.566338668884426e-05
0.03,0.029967286740882577,3.271325911742215e-05
0.0,1.7164930455665895e-05,-1.7164930455665895e-05
0.01,0.010000294108758046,-2.9410875804561365e-07
0.03,0.029972438872133834,2.7561127866164437e-05
0.0,1.7164930455665895e-05,-1.7164930455665895e-05
0.0,1.618776943916652e-05,-1.618776943916652e-05
0.03,0.029967286740882577,3.271325911742215e-05
0.0,1.7164930455665895e-05,-1.7164930455665895e-05
0.0,8.272442426963119e-06,-8.272442426963119e-06
0.0,1.1502421226249672e-05,-1.1502421226249672e-05
0.04,0.039797225423507984,0.00020277457649201663
0.0,1.7164930455665895e-05,-1.7164930455665895e-05
0.0,8.272442426963119e-06,-8.272442426963119e-06
0.0,1.6799757532185915e-05,-1.6799757532185915e-05
0.0,1.7164930455665895e-05,-1.7164930455665895e-05
0.02,0.020007186858973305,-7.186858973304983e-06
0.0,1.7164930455665895e-05,-1.7164930455665895e-05
0.0,1.6799757532185915e-05,-1.6799757532185915e-05
0.02,0.020001605592976344,-1.605592976343384e-06
0.0,1.7164930455665895e-05,-1.7164930455665895e-05
0.0,1.1502421226249672e-05,-1.1502421226249672e-05
0.0,1.7164930455665895e-05,-1.7164930455665895e-05
0.01,0.010078547960372783,-7.854796037278303e-05
0.0,1.7164930455665895e-05,-1.7164930455665895e-05
0.03,0.029967286740882577,3.271325911742215e-05
0.02,0.020001605592976344,-1.605592976343384e-06
0.0,1.618776943916652e-05,-1.618776943916652e-05
0.0,1.618776943916652e-05,-1.618776943916652e-05
0.0,1.7164930455665895e-05,-1.7164930455665895e-05
0.0,1.7164930455665895e-05,-1.7164930455665895e-05
0.02,0.01983437961489329,0.00016562038510671215
0.03,0.030047251234523297,-4.725123452329824e-05
0.0,1.618776943916652e-05,-1.618776943916652e-05
0.0,1.1502421226249672e-05,-1.1502421226249672e-05
0.0,1.1502421226249672e-05,-1.1502421226249672e-05
0.05,0.05010035346073116,-0.00010035346073115903
0.0,1.7164930455665895e-05,-1.7164930455665895e-05
0.04,0.0392565389109179,0.0007434610890821036
0.0,1.7164930455665895e-05,-1.7164930455665895e-05
0.0,7.295281410463746e-06,-7.295281410463746e-06
0.0,1.618776943916652e-05,-1.618776943916652e-05
0.0,1.7164930455665895e-05,-1.7164930455665895e-05
0.0,1.6799757532185915e-05,-1.6799757532185915e-05
0.0,1.7164930455665895e-05,-1.7164930455665895e-05
0.0,1.618776943916652e-05,-1.618776943916652e-05
0.0,1.7164930455665895e-05,-1.7164930455665895e-05
0.0,1.1502421226249672e-05,-1.1502421226249672e-05
0.0,1.7164930455665895e-05,-1.7164930455665895e-05
0.03,0.029967286740882577,3.271325911742215e-05
0.0,1.7164930455665895e-05,-1.7164930455665895e-05
0.02,0.020013551529140448,-1.3551529140447272e-05
0.04,0.03991399077649476,8.60092235052401e-05
0.0,1.7164930455665895e-05,-1.7164930455665895e-05
0.0,8.272442426963119e-06,-8.272442426963119e-06
0.0,1.6799757532185915e-05,-1.6799757532185915e-05
0.04,0.03965206064353728,0.00034793935646271895
0.02,0.01981576757629553,0.00018423242370447027
0.02,0.020001605592976344,-1.605592976343384e-06
0.0,1.6799757532185915e-05,-1.6799757532185915e-05
0.02,0.01979119508242265,0.00020880491757735084
0.02,0.01994038396608652,5.961603391348158e-05
0.02,0.020001605592976344,-1.605592976343384e-06
0.01,0.009965037465996205,3.496253400379554e-05
0.03,0.02988643818383761,0.00011356181616238928
0.0,1.7164930455665895e-05,-1.7164930455665895e-05
0.0,1.7164930455665895e-05,-1.7164930455665895e-05
0.0,1.1502421226249672e-05,-1.1502421226249672e-05
0.0,1.7164930455665895e-05,-1.7164930455665895e-05
0.0,1.1502421226249672e-05,-1.1502421226249672e-05
0.0,8.272442426963119e-06,-8.272442426963119e-06
0.0,1.7164930455665895e-05,-1.7164930455665895e-05
0.0,1.7164930455665895e-05,-1.7164930455665895e-05
0.04,0.039881630466869704,0.00011836953313029697
0.0,1.7164930455665895e-05,-1.7164930455665895e-05
0.01,0.010000294108758046,-2.9410875804561365e-07
0.0,1.618776943916652e-05,-1.618776943916652e-05
0.0,1.7164930455665895e-05,-1.7164930455665895e-05
0.03,0.029961705474885615,3.829452511438375e-05
0.03,0.02989717158108583,0.00010282841891416997
0.0,1.618776943916652e-05,-1.618776943916652e-05
0.0,1.618776943916652e-05,-1.618776943916652e-05
0.0,1.6799757532185915e-05,-1.6799757532185915e-05
0.03,0.029961705474885615,3.829452511438375e-05
0.0,1.1502421226249672e-05,-1.1502421226249672e-05
0.0,1.7164930455665895e-05,-1.7164930455665895e-05
0.03,0.029967286740882577,3.271325911742215e-05
0.02,0.020013551529140448,-1.3551529140447272e-05
0.0,1.1502421226249672e-05,-1.1502421226249672e-05
0.0,1.618776943916652e-05,-1.618776943916652e-05
0.04,0.03961884992641242,0.0003811500735875842
0.03,0.02989201944983457,0.00010798055016542768
0.0,1.1502421226249672e-05,-1.1502421226249672e-05
0.0,1.7164930455665895e-05,-1.7164930455665895e-05
0.0,1.1502421226249672e-05,-1.1502421226249672e-05
0.0,1.618776943916652e-05,-1.618776943916652e-05
0.05,0.04884287177788767,0.0011571282221123358
0.03,0.030058474845602055,-5.847484560205646e-05
0.0,8.272442426963119e-06,-8.272442426963119e-06
0.0,1.7164930455665895e-05,-1.7164930455665895e-05
0.0,1.6799757532185915e-05,-1.6799757532185915e-05
0.03,0.03004209910327204,-4.209910327204053e-05
0.0,1.7164930455665895e-05,-1.7164930455665895e-05
0.0,7.295281410463746e-06,-7.295281410463746e-06
0.0,1.7164930455665895e-05,-1.7164930455665895e-05
0.0,1.618776943916652e-05,-1.618776943916652e-05
0.0,1.618776943916652e-05,-1.618776943916652e-05
0.0,1.7164930455665895e-05,-1.7164930455665895e-05
0.0,1.618776943916652e-05,-1.618776943916652e-05
0.04,0.03942230062461006,0.0005776993753899423
0.0,1.7164930455665895e-05,-1.7164930455665895e-05
0.03,0.030036517837275078,-3.651783727507893e-05
0.0,1.7164930455665895e-05,-1.7164930455665895e-05
0.01,0.010083716530352407,-8.371653035240713e-05
0.03,0.029967286740882577,3.271325911742215e-05
0.0,1.6799757532185915e-05,-1.6799757532185915e-05
0.0,8.272442426963119e-06,-8.272442426963119e-06
0.03,0.029972438872133834,2.7561127866164437e-05
0.0,1.7164930455665895e-05,-1.7164930455665895e-05
0.04,0.03989761503416475,0.00010238496583524909
0.02,0.020007186858973305,-7.186858973304983e-06
0.0,1.1502421226249672e-05,-1.1502421226249672e-05
0.0,1.1502421226249672e-05,-1.1502421226249672e-05
0.02,0.02003183860363558,-3.183860363557833e-05
0.03,0.029972438872133834,2.7561127866164437e-05
0.0,1.7164930455665895e-05,-1.7164930455665895e-05
0.05,0.050092039129018856,-9.203912901885325e-05
0.05,0.050092039129018856,-9.203912901885325e-05
0.0,1.7164930455665895e-05,-1.7164930455665895e-05
0.01,0.009993208800829432,6.791199170567974e-06
0.01,0.009993208800829432,6.791199170567974e-06
0.0,1.7164930455665895e-05,-1.7164930455665895e-05
0.01,0.00973793225453917,0.0002620677454608297
0.0,1.7164930455665895e-05,-1.7164930455665895e-05
0.0,1.7164930455665895e-05,-1.7164930455665895e-05
0.02,0.01994038396608652,5.961603391348158e-05
0.05,0.05007566338668885,-7.566338668884426e-05
0.0,1.7164930455665895e-05,-1.7164930455665895e-05
0.02,0.020081999221362768,-8.199922136276766e-05
0.0,1.7164930455665895e-05,-1.7164930455665895e-05
0.0,1.7164930455665895e-05,-1.7164930455665895e-05
0.0,1.7164930455665895e-05,-1.7164930455665895e-05
0.0,1.618776943916652e-05,-1.618776943916652e-05
0.0,1.1502421226249672e-05,-1.1502421226249672e-05
0.0,1.1502421226249672e-05,-1.1502421226249672e-05
0.0,1.618776943916652e-05,-1.618776943916652e-05
0.0,1.1502421226249672e-05,-1.1502421226249672e-05
0.03,0.030047251234523297,-4.725123452329824e-05
0.0,1.7164930455665895e-05,-1.7164930455665895e-05
0.0,1.1502421226249672e-05,-1.1502421226249672e-05
0.0,1.7164930455665895e-05,-1.7164930455665895e-05
0.02,0.019422430426185577,0.0005775695738144231
0.01,0.010127679414020613,-0.00012767941402061327
0.0,1.7164930455665895e-05,-1.7164930455665895e-05
0.02,0.020001605592976344,-1.605592976343384e-06
0.0,1.1502421226249672e-05,-1.1502421226249672e-05
0.0,1.618776943916652e-05,-1.618776943916652e-05
0.0,1.1502421226249672e-05,-1.1502421226249672e-05
0.0,1.1502421226249672e-05,-1.1502421226249672e-05
0.0,7.295281410463746e-06,-7.295281410463746e-06
0.0,1.7164930455665895e-05,-1.7164930455665895e-05
0.0,8.272442426963119e-06,-8.272442426963119e-06
0.05,0.05012102577132354,-0.00012102577132353659
0.03,0.030003683188304126,-3.6831883041266167e-06
0.02,0.020013551529140448,-1.3551529140447272e-05
0.03,0.029972438872133834,2.7561127866164437e-05
0.0,1.7164930455665895e-05,-1.7164930455665895e-05
0.0,1.1502421226249672e-05,-1.1502421226249672e-05
0.0,1.618776943916652e-05,-1.618776943916652e-05
0.04,0.03987719018376549,0.00012280981623451204
0.03,0.029972438872133834,2.7561127866164437e-05
0.0,1.7164930455665895e-05,-1.7164930455665895e-05
0.0,1.618776943916652e-05,-1.618776943916652e-05
0.0,8.272442426963119e-06,-8.272442426963119e-06
0.0,1.6799757532185915e-05,-1.6799757532185915e-05
0.0,1.618776943916652e-05,-1.618776943916652e-05
0.02,0.019797559752589792,0.00020244024741020855
0.0,1.618776943916652e-05,-1.618776943916652e-05
0.0,1.7164930455665895e-05,-1.7164930455665895e-05
0.0,1.1502421226249672e-05,-1.1502421226249672e-05
0.02,0.020007186858973305,-7.186858973304983e-06
0.0,1.7164930455665895e-05,-1.7164930455665895e-05
0.0,1.7164930455665895e-05,-1.7164930455665895e-05
0.04,0.03975989352745681,0.00024010647254318895
0.0,1.618776943916652e-05,-1.618776943916652e-05
0.0,1.7164930455665895e-05,-1.7164930455665895e-05
0.0,1.1502421226249672e-05,-1.1502421226249672e-05
0.0,1.7164930455665895e-05,-1.7164930455665895e-05
0.03,0.030003683188304126,-3.6831883041266167e-06
0.02,0.020001605592976344,-1.605592976343384e-06
0.0,7.295281410463746e-06,-7.295281410463746e-06
0.0,1.7164930455665895e-05,-1.7164930455665895e-05
0.02,0.020001605592976344,-1.605592976343384e-06
0.0,1.618776943916652e-05,-1.618776943916652e-05
0.0,1.618776943916652e-05,-1.618776943916652e-05
0.02,0.01984074428506043,0.00015925571493956986
0.0,1.7164930455665895e-05,-1.7164930455665895e-05
0.03,0.030036517837275078,-3.651783727507893e-05
0.0,1.6799757532185915e-05,-1.6799757532185915e-05
0.0,1.6799757532185915e-05,-1.6799757532185915e-05
0.02,0.020013551529140448,-1.3551529140447272e-05
0.0,1.6799757532185915e-05,-1.6799757532185915e-05
0.0,1.7164930455665895e-05,-1.7164930455665895e-05
0.0,1.7164930455665895e-05,-1.7164930455665895e-05
0.04,0.039822802671775286,0.00017719732822471523
0.03,0.029961705474885615,3.829452511438375e-05
0.0,1.7164930455665895e-05,-1.7164930455665895e-05
0.0,1.7164930455665895e-05,-1.7164930455665895e-05
0.05,0.0500513008463294,-5.1300846329399574e-05
0.0,1.7164930455665895e-05,-1.7164930455665895e-05
0.0,8.272442426963119e-06,-8.272442426963119e-06
0.0,8.272442426963119e-06,-8.272442426963119e-06
0.04,0.039685081165067346,0.0003149188349326551
0.0,1.7164930455665895e-05,-1.7164930455665895e-05
0.0,1.7164930455665895e-05,-1.7164930455665895e-05
0.0,8.272442426963119e-06,-8.272442426963119e-06
0.04,0.03987719018376549,0.00012280981623451204
0.04,0.039918962362920876,8.103763707912465e-05
0.03,0.029961705474885615,3.829452511438375e-05
0.0,1.1502421226249672e-05,-1.1502421226249672e-05
0.0,1.6799757532185915e-05,-1.6799757532185915e-05
0.0,8.272442426963119e-06,-8.272442426963119e-06
0.03,0.030015396090322402,-1.539609032240319e-05
0.0,1.6799757532185915e-05,-1.6799757532185915e-05
0.0,1.6799757532185915e-05,-1.6799757532185915e-05
0.0,1.7164930455665895e-05,-1.7164930455665895e-05
0.02,0.020013551529140448,-1.3551529140447272e-05
0.0,1.618776943916652e-05,-1.618776943916652e-05
0.03,0.03004209910327204,-4.209910327204053e-05
0.05,0.048394961004196456,0.0016050389958035469
0.0,1.6799757532185915e-05,-1.6799757532185915e-05
0.0,1.618776943916652e-05,-1.618776943916652e-05
0.03,0.029967286740882577,3.271325911742215e-05
0.03,0.029409788728445217,0.0005902112715547823
0.0,8.272442426963119e-06,-8.272442426963119e-06
0.0,1.618776943916652e-05,-1.618776943916652e-05
0.0,1.6799757532185915e-05,-1.6799757532185915e-05
0.01,0.010127679414020613,-0.00012767941402061327
0.0,8.272442426963119e-06,-8.272442426963119e-06
0.0,1.7164930455665895e-05,-1.7164930455665895e-05
0.03,0.02961464618769851,0.00038535381230148796
0.0,1.6799757532185915e-05,-1.6799757532185915e-05
0.04,0.03987719018376549,0.00012280981623451204
0.0,7.295281410463746e-06,-7.295281410463746e-06
0.0,1.6799757532185915e-05,-1.6799757532185915e-05
0.03,0.029972438872133834,2.7561127866164437e-05
0.0,1.7164930455665895e-05,-1.7164930455665895e-05
0.0,1.618776943916652e-05,-1.618776943916652e-05
0.0,1.7164930455665895e-05,-1.7164930455665895e-05
0.06,0.05585545919050199,0.0041445408094980055
0.0,1.7164930455665895e-05,-1.7164930455665895e-05
0.0,1.618776943916652e-05,-1.618776943916652e-05
0.0,1.618776943916652e-05,-1.618776943916652e-05
0.0,1.7164930455665895e-05,-1.7164930455665895e-05
0.03,0.029967286740882577,3.271325911742215e-05
0.03,0.029961705474885615,3.829452511438375e-05
0.0,1.618776943916652e-05,-1.618776943916652e-05
0.0,7.295281410463746e-06,-7.295281410463746e-06
0.0,1.7164930455665895e-05,-1.7164930455665895e-05
0.0,1.1502421226249672e-05,-1.1502421226249672e-05
0.0,1.7164930455665895e-05,-1.7164930455665895e-05
0.02,0.01984074428506043,0.00015925571493956986
0.0,1.618776943916652e-05,-1.618776943916652e-05
0.0,8.272442426963119e-06,-8.272442426963119e-06
0.0,1.1502421226249672e-05,-1.1502421226249672e-05
0.03,0.02980621624183233,0.00019378375816767046
0.0,1.7164930455665895e-05,-1.7164930455665895e-05
0.0,1.7164930455665895e-05,-1.7164930455665895e-05
0.02,0.01984074428506043,0.00015925571493956986
0.02,0.020013551529140448,-1.3551529140447272e-05
0.02,0.019797559752589792,0.00020244024741020855
0.0,1.7164930455665895e-05,-1.7164930455665895e-05
0.0,7.295281410463746e-06,-7.295281410463746e-06
0.0,1.7164930455665895e-05,-1.7164930455665895e-05
0.0,1.7164930455665895e-05,-1.7164930455665895e-05
0.02,0.01984074428506043,0.00015925571493956986
0.04,0.039881630466869704,0.00011836953313029697
0.0,1.618776943916652e-05,-1.618776943916652e-05
0.02,0.01983437961489329,0.00016562038510671215
0.02,0.01979119508242265,0.00020880491757735084
0.0,1.1502421226249672e-05,-1.1502421226249672e-05
0.05,0.05007566338668885,-7.566338668884426e-05
0.0,1.7164930455665895e-05,-1.7164930455665895e-05
0.0,1.7164930455665895e-05,-1.7164930455665895e-05
0.0,1.7164930455665895e-05,-1.7164930455665895e-05
0.0,1.618776943916652e-05,-1.618776943916652e-05
0.0,1.7164930455665895e-05,-1.7164930455665895e-05
0.0,1.618776943916652e-05,-1.618776943916652e-05
0.0,1.618776943916652e-05,-1.618776943916652e-05
0.0,1.7164930455665895e-05,-1.7164930455665895e-05
0.02,0.020013551529140448,-1.3551529140447272e-05
0.0,1.7164930455665895e-05,-1.7164930455665895e-05
0.0,1.7164930455665895e-05,-1.7164930455665895e-05
0.03,0.030036517837275078,-3.651783727507893e-05
0.0,1.7164930455665895e-05,-1.7164930455665895e-05
0.0,1.1502421226249672e-05,-1.1502421226249672e-05
0.0,1.7164930455665895e-05,-1.7164930455665895e-05
0.04,0.039685081165067346,0.0003149188349326551
0.0,7.295281410463746e-06,-7.295281410463746e-06
0.02,0.020025473933468436,-2.5473933468436044e-05
0.0,1.618776943916652e-05,-1.618776943916652e-05
0.01,0.010149813030670094,-0.00014981303067009358
0.04,0.039997184536987654,2.815463012346975e-06
0.0,1.7164930455665895e-05,-1.7164930455665895e-05
0.0,1.7164930455665895e-05,-1.7164930455665895e-05
0.0,1.7164930455665895e-05,-1.7164930455665895e-05
0.0,1.1502421226249672e-05,-1.1502421226249672e-05
0.02,0.020013551529140448,-1.3551529140447272e-05
0.0,1.7164930455665895e-05,-1.7164930455665895e-05
0.0,8.272442426963119e-06,-8.272442426963119e-06
0.05,0.05062541973219768,-0.0006254197321976795
0.0,1.7164930455665895e-05,-1.7164930455665895e-05
0.02,0.020007186858973305,-7.186858973304983e-06
0.0,7.907269503483138e-06,-7.907269503483138e-06
0.0,8.272442426963119e-06,-8.272442426963119e-06
0.0,8.272442426963119e-06,-8.272442426963119e-06
0.0,1.618776943916652e-05,-1.618776943916652e-05
0.0,1.6799757532185915e-05,-1.6799757532185915e-05
0.0,1.6799757532185915e-05,-1.6799757532185915e-05
0.0,1.6799757532185915e-05,-1.6799757532185915e-05
0.02,0.020013551529140448,-1.3551529140447272e-05
0.0,1.1502421226249672e-05,-1.1502421226249672e-05
0.0,8.272442426963119e-06,-8.272442426963119e-06
0.03,0.029966351292252943,3.364870774705611e-05
0.03,0.03004209910327204,-4.209910327204053e-05
0.0,1.7164930455665895e-05,-1.7164930455665895e-05
0.0,1.7164930455665895e-05,-1.7164930455665895e-05
0.0,1.7164930455665895e-05,-1.7164930455665895e-05
0.03,0.029972438872133834,2.7561127866164437e-05
0.0,1.7164930455665895e-05,-1.7164930455665895e-05
0.01,0.010127679414020613,-0.00012767941402061327
0.05,0.05007566338668885,-7.566338668884426e-05
0.0,1.1502421226249672e-05,-1.1502421226249672e-05
0.02,0.01984074428506043,0.00015925571493956986
0.03,0.029800634975835367,0.00019936502416463206
0.0,1.7164930455665895e-05,-1.7164930455665895e-05
0.0,1.7164930455665895e-05,-1.7164930455665895e-05
0.0,1.6799757532185915e-05,-1.6799757532185915e-05
0.03,0.029956295895269797,4.3704104730202253e-05
0.0,1.7164930455665895e-05,-1.7164930455665895e-05
0.03,0.03004209910327204,-4.209910327204053e-05
0.04,0.03954802279473828,0.0004519772052617235
0.03,0.02988643818383761,0.00011356181616238928
0.0,1.6799757532185915e-05,-1.6799757532185915e-05
0.0,1.618776943916652e-05,-1.618776943916652e-05
0.04,0.03975989352745681,0.00024010647254318895
0.0,8.272442426963119e-06,-8.272442426963119e-06
0.04,0.03984582622676976,0.00015417377323024423
0.02,0.020001605592976344,-1.605592976343384e-06
0.0,1.7164930455665895e-05,-1.7164930455665895e-05
0.0,1.6799757532185915e-05,-1.6799757532185915e-05
0.06,0.06017849026354009,-0.00017849026354008896
0.02,0.020007186858973305,-7.186858973304983e-06
0.03,0.029972438872133834,2.7561127866164437e-05
0.01,0.00995867279582906,4.132720417093956e-05
0.0,1.618776943916652e-05,-1.618776943916652e-05
0.0,1.7164930455665895e-05,-1.7164930455665895e-05
0.0,-2.230512312274024e-06,2.230512312274024e-06
0.03,0.029866074989251694,0.00013392501074830504
0.0,1.7164930455665895e-05,-1.7164930455665895e-05
0.05,0.043060260489732466,0.006939739510267537
0.03,0.030047251234523297,-4.725123452329824e-05
0.03,0.029961250546227072,3.87494537729266e-05
0.0,1.6799757532185915e-05,-1.6799757532185915e-05
0.04,0.040343905302154065,-0.0003439053021540642
0.0,1.1502421226249672e-05,-1.1502421226249672e-05
0.03,0.0299413422802997,5.865771970029951e-05
0.03,0.029967286740882577,3.271325911742215e-05
0.0,1.7164930455665895e-05,-1.7164930455665895e-05
0.0,1.7164930455665895e-05,-1.7164930455665895e-05
0.0,8.272442426963119e-06,-8.272442426963119e-06
0.0,1.6799757532185915e-05,-1.6799757532185915e-05
0.02,0.020013551529140448,-1.3551529140447272e-05
0.03,0.029881483532880334,0.00011851646711966493
0.02,0.020001605592976344,-1.605592976343384e-06
0.02,0.019797559752589792,0.00020244024741020855
0.0,1.6799757532185915e-05,-1.6799757532185915e-05
0.02,0.01984074428506043,0.00015925571493956986
0.0,8.272442426963119e-06,-8.272442426963119e-06
0.0,1.1502421226249672e-05,-1.1502421226249672e-05
0.0,1.7164930455665895e-05,-1.7164930455665895e-05
0.0,1.618776943916652e-05,-1.618776943916652e-05
0.0,1.7164930455665895e-05,-1.7164930455665895e-05
0.0,1.7164930455665895e-05,-1.7164930455665895e-05
0.0,1.7164930455665895e-05,-1.7164930455665895e-05
0.0,1.7164930455665895e-05,-1.7164930455665895e-05
0.0,1.1502421226249672e-05,-1.1502421226249672e-05
0.03,0.029961705474885615,3.829452511438375e-05
0.0,1.7164930455665895e-05,-1.7164930455665895e-05
0.02,0.020001605592976344,-1.605592976343384e-06
0.0,8.272442426963119e-06,-8.272442426963119e-06
0.03,0.029961705474885615,3.829452511438375e-05
0.02,0.020076417955365806,-7.641795536580606e-05
0.0,1.618776943916652e-05,-1.618776943916652e-05
0.04,0.039989545338139185,1.0454661860816172e-05
0.03,0.029967286740882577,3.271325911742215e-05
0.0,7.295281410463746e-06,-7.295281410463746e-06
0.01,0.009969025461086353,3.097453891364767e-05
0.03,0.02974300190362752,0.0002569980963724773
0.0,1.7164930455665895e-05,-1.7164930455665895e-05
0.03,0.029972438872133834,2.7561127866164437e-05
0.0,1.7164930455665895e-05,-1.7164930455665895e-05
0.0,1.618776943916652e-05,-1.618776943916652e-05
0.03,0.03004209910327204,-4.209910327204053e-05
0.01,0.010127679414020613,-0.00012767941402061327
0.03,0.029967286740882577,3.271325911742215e-05
0.0,1.7164930455665895e-05,-1.7164930455665895e-05
0.0,1.7164930455665895e-05,-1.7164930455665895e-05
0.04,0.03994332490328032,5.667509671967996e-05
0.0,1.6799757532185915e-05,-1.6799757532185915e-05
0.0,2.6099331975468947e-06,-2.6099331975468947e-06
0.0,1.618776943916652e-05,-1.618776943916652e-05
0.05,0.05007566338668885,-7.566338668884426e-05
0.0,1.618776943916652e-05,-1.618776943916652e-05
0.01,0.01014344836050295,-0.00014344836050294955
0.0,1.618776943916652e-05,-1.618776943916652e-05
0.0,8.272442426963119e-06,-8.272442426963119e-06
0.0,1.1502421226249672e-05,-1.1502421226249672e-05
0.0,1.618776943916652e-05,-1.618776943916652e-05
0.0,1.6799757532185915e-05,-1.6799757532185915e-05
0.0,1.7164930455665895e-05,-1.7164930455665895e-05
0.0,1.7164930455665895e-05,-1.7164930455665895e-05
0.0,1.1502421226249672e-05,-1.1502421226249672e-05
0.0,1.618776943916652e-05,-1.618776943916652e-05
0.0,1.618776943916652e-05,-1.618776943916652e-05
0.04,0.039685081165067346,0.0003149188349326551
0.03,0.02989717158108583,0.00010282841891416997
0.01,0.009943956498809888,5.6043501190112394e-05
0.0,1.618776943916652e-05,-1.618776943916652e-05
0.0,1.618776943916652e-05,-1.618776943916652e-05
0.0,1.1502421226249672e-05,-1.1502421226249672e-05
0.01,0.009983741758105525,1.6258241894474834e-05
0.0,1.618776943916652e-05,-1.618776943916652e-05
0.02,0.01984074428506043,0.00015925571493956986
0.0,1.6799757532185915e-05,-1.6799757532185915e-05
0.0,-2.230512312274024e-06,2.230512312274024e-06
0.0,1.7164930455665895e-05,-1.7164930455665895e-05
0.0,1.6799757532185915e-05,-1.6799757532185915e-05
0.02,0.01979119508242265,0.00020880491757735084
0.0,1.6799757532185915e-05,-1.6799757532185915e-05
0.0,1.1502421226249672e-05,-1.1502421226249672e-05
0.0,1.7164930455665895e-05,-1.7164930455665895e-05
0.0,1.7164930455665895e-05,-1.7164930455665895e-05
0.05,0.050133963303500395,-0.00013396330350039232
0.0,1.7164930455665895e-05,-1.7164930455665895e-05
0.0,1.1502421226249672e-05,-1.1502421226249672e-05
0.0,1.1502421226249672e-05,-1.1502421226249672e-05
0.04,0.039934946930215924,6.505306978407677e-05
0.0,8.272442426963119e-06,-8.272442426963119e-06
0.0,1.7164930455665895e-05,-1.7164930455665895e-05
0.06,0.06019559953481947,-0.00019559953481947112
0.0,1.1502421226249672e-05,-1.1502421226249672e-05
0.0,1.7164930455665895e-05,-1.7164930455665895e-05
0.0,1.7164930455665895e-05,-1.7164930455665895e-05
0.0,1.7164930455665895e-05,-1.7164930455665895e-05
0.03,0.029961705474885615,3.829452511438375e-05
0.0,1.618776943916652e-05,-1.618776943916652e-05
0.0,-2.230512312274024e-06,2.230512312274024e-06
0.02,0.019934802700089557,6.519729991044318e-05
0.0,1.1502421226249672e-05,-1.1502421226249672e-05
0.06,0.059444559161349796,0.0005554408386502022
0.02,0.01986042617881515,0.00013957382118484976
0.0,1.6799757532185915e-05,-1.6799757532185915e-05
0.0,1.6799757532185915e-05,-1.6799757532185915e-05
0.05,0.05007566338668885,-7.566338668884426e-05
0.0,1.7164930455665895e-05,-1.7164930455665895e-05
0.04,0.039822802671775286,0.00017719732822471523
0.03,0.030036517837275078,-3.651783727507893e-05
0.01,0.010000294108758046,-2.9410875804561365e-07
0.0,8.272442426963119e-06,-8.272442426963119e-06
0.04,0.039881630466869704,0.00011836953313029697
0.0,-2.230512312274024e-06,2.230512312274024e-06
0.0,1.618776943916652e-05,-1.618776943916652e-05
0.0,1.618776943916652e-05,-1.618776943916652e-05
0.0,1.7164930455665895e-05,-1.7164930455665895e-05
0.02,0.01979119508242265,0.00020880491757735084
0.0,1.7164930455665895e-05,-1.7164930455665895e-05
0.0,8.272442426963119e-06,-8.272442426963119e-06
0.0,1.7164930455665895e-05,-1.7164930455665895e-05
0.0,8.272442426963119e-06,-8.272442426963119e-06
0.01,0.00999010642827267,9.89357172733081e-06
0.0,1.7164930455665895e-05,-1.7164930455665895e-05
0.02,0.01980948215691778,0.00019051784308221978
0.0,8.272442426963119e-06,-8.272442426963119e-06
0.05,0.0500513008463294,-5.1300846329399574e-05
0.02,0.020007186858973305,-7.186858973304983e-06
0.03,0.029967286740882577,3.271325911742215e-05
0.0,1.1502421226249672e-05,-1.1502421226249672e-05
0.03,0.029967286740882577,3.271325911742215e-05
0.05,0.04884287177788767,0.0011571282221123358
0.0,1.7164930455665895e-05,-1.7164930455665895e-05
0.0,1.618776943916652e-05,-1.618776943916652e-05
0.05,0.050092039129018856,-9.203912901885325e-05
0.0,1.7164930455665895e-05,-1.7164930455665895e-05
0.0,1.7164930455665895e-05,-1.7164930455665895e-05
0.03,0.02961464618769851,0.00038535381230148796
0.0,1.1502421226249672e-05,-1.1502421226249672e-05
0.0,1.7164930455665895e-05,-1.7164930455665895e-05
0.0,1.1502421226249672e-05,-1.1502421226249672e-05
0.02,0.01984074428506043,0.00015925571493956986
0.03,0.03004209910327204,-4.209910327204053e-05
0.0,1.6799757532185915e-05,-1.6799757532185915e-05
0.0,1.1502421226249672e-05,-1.1502421226249672e-05
0.05,0.05011299528274002,-0.00011299528274001658
0.0,1.7164930455665895e-05,-1.7164930455665895e-05
0.02,0.01942879509635272,0.0005712049036472808
0.0,1.7164930455665895e-05,-1.7164930455665895e-05
0.0,1.618776943916652e-05,-1.618776943916652e-05
0.0,1.618776943916652e-05,-1.618776943916652e-05
0.0,1.7164930455665895e-05,-1.7164930455665895e-05
0.0,1.7164930455665895e-05,-1.7164930455665895e-05
0.0,1.618776943916652e-05,-1.618776943916652e-05
0.0,1.7164930455665895e-05,-1.7164930455665895e-05
0.0,1.7164930455665895e-05,-1.7164930455665895e-05
0.03,0.02988643818383761,0.00011356181616238928
0.0,1.6799757532185915e-05,-1.6799757532185915e-05
0.03,0.029972438872133834,2.7561127866164437e-05
0.0,1.618776943916652e-05,-1.618776943916652e-05
0.0,1.1502421226249672e-05,-1.1502421226249672e-05
0.0,1.1502421226249672e-05,-1.1502421226249672e-05
0.0,1.7164930455665895e-05,-1.7164930455665895e-05
0.0,1.618776943916652e-05,-1.618776943916652e-05
0.04,0.039938884620176106,6.111537982389503e-05
0.03,0.029956295895269797,4.3704104730202253e-05
0.0,-2.230512312274024e-06,2.230512312274024e-06
0.03,0.03004209910327204,-4.209910327204053e-05
0.0,1.7164930455665895e-05,-1.7164930455665895e-05
0.0,1.6799757532185915e-05,-1.6799757532185915e-05
0.04,0.03972241306111852,0.0002775869388814828
0.0,1.7164930455665895e-05,-1.7164930455665895e-05
0.04,0.03994332490328032,5.667509671967996e-05
0.04,0.03942230062461006,0.0005776993753899423
0.0,1.7164930455665895e-05,-1.7164930455665895e-05
0.03,0.029881483532880334,0.00011851646711966493
0.0,1.7164930455665895e-05,-1.7164930455665895e-05
0.0,8.272442426963119e-06,-8.272442426963119e-06
0.01,0.00973865289230064,0.00026134710769936016
0.01,0.009704036202984627,0.0002959637970153736
0.03,0.029539833825309048,0.00046016617469095064
0.03,0.02988643818383761,0.00011356181616238928
0.0,1.7164930455665895e-05,-1.7164930455665895e-05
0.03,0.030036517837275078,-3.651783727507893e-05
0.02,0.020076417955365806,-7.641795536580606e-05
0.03,0.03004209910327204,-4.209910327204053e-05
0.0,1.7164930455665895e-05,-1.7164930455665895e-05
0.0,1.618776943916652e-05,-1.618776943916652e-05
0.0,7.295281410463746e-06,-7.295281410463746e-06
0.0,1.7164930455665895e-05,-1.7164930455665895e-05
0.0,1.618776943916652e-05,-1.618776943916652e-05
0.03,0.029972438872133834,2.7561127866164437e-05
0.0,1.7164930455665895e-05,-1.7164930455665895e-05
0.0,1.618776943916652e-05,-1.618776943916652e-05
0.0,1.1502421226249672e-05,-1.1502421226249672e-05
0.0,1.1502421226249672e-05,-1.1502421226249672e-05
0.0,1.7164930455665895e-05,-1.7164930455665895e-05
0.02,0.01994038396608652,5.961603391348158e-05
0.05,0.05006272585451199,-6.272585451198853e-05
0.02,0.01981576757629553,0.00018423242370447027
0.03,0.030036517837275078,-3.651783727507893e-05
0.03,0.029881483532880334,0.00011851646711966493
0.0,-1.1123000340976801e-05,1.1123000340976801e-05
0.0,8.272442426963119e-06,-8.272442426963119e-06
0.0,1.7164930455665895e-05,-1.7164930455665895e-05
0.03,0.029967286740882577,3.271325911742215e-05
0.0,1.618776943916652e-05,-1.618776943916652e-05
0.03,0.030052893579605094,-5.289357960509486e-05
0.03,0.030036517837275078,-3.651783727507893e-05
0.0,1.6799757532185915e-05,-1.6799757532185915e-05
0.0,1.618776943916652e-05,-1.618776943916652e-05
0.0,1.7164930455665895e-05,-1.7164930455665895e-05
0.01,0.009986844130662288,1.3155869337711998e-05
0.0,1.7164930455665895e-05,-1.7164930455665895e-05
0.03,0.029967286740882577,3.271325911742215e-05
0.0,1.6799757532185915e-05,-1.6799757532185915e-05
0.0,1.1502421226249672e-05,-1.1502421226249672e-05
0.02,0.01983437961489329,0.00016562038510671215
0.0,1.7164930455665895e-05,-1.7164930455665895e-05
0.02,0.01942879509635272,0.0005712049036472808
0.0,1.618776943916652e-05,-1.618776943916652e-05
0.03,0.029972438872133834,2.7561127866164437e-05
0.0,1.7164930455665895e-05,-1.7164930455665895e-05
0.05,0.04894982466600401,0.001050175333995991
0.02,0.020013551529140448,-1.3551529140447272e-05
0.0,1.7164930455665895e-05,-1.7164930455665895e-05
0.03,0.030047251234523297,-4.725123452329824e-05
0.02,0.01983437961489329,0.00016562038510671215
0.05,0.050092039129018856,-9.203912901885325e-05
0.0,1.1502421226249672e-05,-1.1502421226249672e-05
0.0,1.618776943916652e-05,-1.618776943916652e-05
0.0,1.7164930455665895e-05,-1.7164930455665895e-05
0.0,1.1502421226249672e-05,-1.1502421226249672e-05
0.06,0.060238766246226615,-0.00023876624622661685
0.04,0.039680544362823034,0.0003194556371769672
0.03,0.029972438872133834,2.7561127866164437e-05
0.0,1.6799757532185915e-05,-1.6799757532185915e-05
0.0,1.1502421226249672e-05,-1.1502421226249672e-05
0.01,0.010076645467616165,-7.664546761616473e-05
0.02,0.019751124864094517,0.0002488751359054839
0.02,0.020013551529140448,-1.3551529140447272e-05
0.03,0.03004209910327204,-4.209910327204053e-05
0.02,0.020007186858973305,-7.186858973304983e-06
0.0,1.7164930455665895e-05,-1.7164930455665895e-05
0.03,0.029961705474885615,3.829452511438375e-05
0.0,1.7164930455665895e-05,-1.7164930455665895e-05
0.03,0.029967286740882577,3.271325911742215e-05
0.03,0.029967286740882577,3.271325911742215e-05
0.03,0.029966831812224034,3.3168187775965e-05
0.0,1.7164930455665895e-05,-1.7164930455665895e-05
0.0,1.7164930455665895e-05,-1.7164930455665895e-05
0.0,1.7164930455665895e-05,-1.7164930455665895e-05
0.0,1.7164930455665895e-05,-1.7164930455665895e-05
0.0,1.7164930455665895e-05,-1.7164930455665895e-05
0.0,1.1502421226249672e-05,-1.1502421226249672e-05
0.03,0.030036517837275078,-3.651783727507893e-05
0.0,1.1502421226249672e-05,-1.1502421226249672e-05
0.0,0.01986042617881515,-0.01986042617881515
0.0,1.618776943916652e-05,-1.618776943916652e-05
0.0,1.1502421226249672e-05,-1.1502421226249672e-05
0.0,8.272442426963119e-06,-8.272442426963119e-06
0.05,0.048627289260600226,0.0013727107393997767
0.0,8.272442426963119e-06,-8.272442426963119e-06
0.0,1.618776943916652e-05,-1.618776943916652e-05
0.0,-2.230512312274024e-06,2.230512312274024e-06
0.0,1.618776943916652e-05,-1.618776943916652e-05
0.0,1.7164930455665895e-05,-1.7164930455665895e-05
0.0,1.7164930455665895e-05,-1.7164930455665895e-05
0.02,0.020013551529140448,-1.3551529140447272e-05
0.02,0.0199411673702567,5.883262974330089e-05
0.0,1.7164930455665895e-05,-1.7164930455665895e-05
0.0,1.7164930455665895e-05,-1.7164930455665895e-05
0.01,0.009993929438590902,6.07056140909841e-06
0.04,0.03975989352745681,0.00024010647254318895
0.01,0.009983021120344056,1.6978879655944398e-05
0.03,0.029961250546227072,3.87494537729266e-05
0.0,1.7164930455665895e-05,-1.7164930455665895e-05
0.0,1.7164930455665895e-05,-1.7164930455665895e-05
0.0,1.6799757532185915e-05,-1.6799757532185915e-05
0.0,1.7164930455665895e-05,-1.7164930455665895e-05
0.0,-2.230512312274024e-06,2.230512312274024e-06
0.0,-2.230512312274024e-06,2.230512312274024e-06
0.0,1.1502421226249672e-05,-1.1502421226249672e-05
0.03,0.029961705474885615,3.829452511438375e-05
0.0,8.272442426963119e-06,-8.272442426963119e-06
0.0,1.7164930455665895e-05,-1.7164930455665895e-05
0.06,0.05619845277956165,0.0038015472204383505
0.03,0.029972438872133834,2.7561127866164437e-05
0.0,1.7164930455665895e-05,-1.7164930455665895e-05
0.03,0.030036415653500025,-3.6415653500026374e-05
0.02,0.020013551529140448,-1.3551529140447272e-05
0.0,1.618776943916652e-05,-1.618776943916652e-05
0.0,1.1502421226249672e-05,-1.1502421226249672e-05
0.0,2.6099331975468947e-06,-2.6099331975468947e-06
0.0,1.1502421226249672e-05,-1.1502421226249672e-05
0.02,0.019829082278587352,0.00017091772141264797
0.0,1.7164930455665895e-05,-1.7164930455665895e-05
0.02,0.020076417955365806,-7.641795536580606e-05
0.02,0.020007970263143486,-7.970263143485673e-06
0.02,0.01984074428506043,0.00015925571493956986
0.0,1.7164930455665895e-05,-1.7164930455665895e-05
0.04,0.03975989352745681,0.00024010647254318895
0.02,0.020007970263143486,-7.970263143485673e-06
0.03,0.029881483532880334,0.00011851646711966493
0.0,1.7164930455665895e-05,-1.7164930455665895e-05
0.0,1.618776943916652e-05,-1.618776943916652e-05
0.0,1.7164930455665895e-05,-1.7164930455665895e-05
0.0,1.1502421226249672e-05,-1.1502421226249672e-05
0.05,0.05011299528274002,-0.00011299528274001658
0.01,0.009961940153157739,3.8059846842261255e-05
0.0,1.7164930455665895e-05,-1.7164930455665895e-05
0.0,1.7164930455665895e-05,-1.7164930455665895e-05
0.0,1.6799757532185915e-05,-1.6799757532185915e-05
0.0,1.618776943916652e-05,-1.618776943916652e-05
0.0,1.7164930455665895e-05,-1.7164930455665895e-05
0.0,1.6799757532185915e-05,-1.6799757532185915e-05
0.02,0.01979119508242265,0.00020880491757735084
0.03,0.02980621624183233,0.00019378375816767046
0.02,0.019829082278587352,0.00017091772141264797
0.0,1.7164930455665895e-05,-1.7164930455665895e-05
0.01,0.009722019857332478,0.0002779801426675225
0.05,0.0500513008463294,-5.1300846329399574e-05
0.07,0.06206971266008481,0.007930287339915194
0.0,1.7164930455665895e-05,-1.7164930455665895e-05
0.0,1.7164930455665895e-05,-1.7164930455665895e-05
0.02,0.01984074428506043,0.00015925571493956986
0.03,0.03004209910327204,-4.209910327204053e-05
0.0,1.7164930455665895e-05,-1.7164930455665895e-05
0.02,0.01981576757629553,0.00018423242370447027
0.02,0.01994674863625366,5.325136374633929e-05
0.02,0.019829082278587352,0.00017091772141264797
0.0,2.6099331975468947e-06,-2.6099331975468947e-06
0.04,0.03975989352745681,0.00024010647254318895
0.0,1.7164930455665895e-05,-1.7164930455665895e-05
0.04,0.03975989352745681,0.00024010647254318895
0.02,0.01983437961489329,0.00016562038510671215
0.0,1.7164930455665895e-05,-1.7164930455665895e-05
0.05,0.05011299528274002,-0.00011299528274001658
0.0,1.1502421226249672e-05,-1.1502421226249672e-05
0.0,1.1502421226249672e-05,-1.1502421226249672e-05
0.0,7.295281410463746e-06,-7.295281410463746e-06
0.0,1.618776943916652e-05,-1.618776943916652e-05
0.0,1.1502421226249672e-05,-1.1502421226249672e-05
0.0,1.7164930455665895e-05,-1.7164930455665895e-05
0.0,1.7164930455665895e-05,-1.7164930455665895e-05
0.02,0.01983437961489329,0.00016562038510671215
0.04,0.03975989352745681,0.00024010647254318895
0.0,1.7164930455665895e-05,-1.7164930455665895e-05
0.0,1.1502421226249672e-05,-1.1502421226249672e-05
0.0,8.272442426963119e-06,-8.272442426963119e-06
0.05,0.05007566338668885,-7.566338668884426e-05
0.0,8.272442426963119e-06,-8.272442426963119e-06
0.0,1.1502421226249672e-05,-1.1502421226249672e-05
0.0,1.7164930455665895e-05,-1.7164930455665895e-05
0.01,0.010000294108758046,-2.9410875804561365e-07
0.0,1.7164930455665895e-05,-1.7164930455665895e-05
0.0,-2.230512312274024e-06,2.230512312274024e-06
0.0,8.272442426963119e-06,-8.272442426963119e-06
0.0,1.1502421226249672e-05,-1.1502421226249672e-05
0.0,1.6799757532185915e-05,-1.6799757532185915e-05
0.0,8.272442426963119e-06,-8.272442426963119e-06
0.03,0.029961705474885615,3.829452511438375e-05
0.02,0.020007186858973305,-7.186858973304983e-06
0.0,1.7164930455665895e-05,-1.7164930455665895e-05
0.0,1.7164930455665895e-05,-1.7164930455665895e-05
0.0,1.1502421226249672e-05,-1.1502421226249672e-05
0.0,7.295281410463746e-06,-7.295281410463746e-06
0.02,0.01963748487112976,0.0003625151288702416
0.0,1.618776943916652e-05,-1.618776943916652e-05
0.0,1.7164930455665895e-05,-1.7164930455665895e-05
0.0,1.618776943916652e-05,-1.618776943916652e-05
0.02,0.020007186858973305,-7.186858973304983e-06
0.0,1.7164930455665895e-05,-1.7164930455665895e-05
0.0,1.618776943916652e-05,-1.618776943916652e-05
0.0,1.6799757532185915e-05,-1.6799757532185915e-05
0.0,1.7164930455665895e-05,-1.7164930455665895e-05
0.0,1.1502421226249672e-05,-1.1502421226249672e-05
0.0,1.7164930455665895e-05,-1.7164930455665895e-05
0.05,0.05007566338668885,-7.566338668884426e-05
0.0,1.7164930455665895e-05,-1.7164930455665895e-05
0.02,0.020013551529140448,-1.3551529140447272e-05
0.0,1.618776943916652e-05,-1.618776943916652e-05
0.0,1.618776943916652e-05,-1.618776943916652e-05
0.0,1.618776943916652e-05,-1.618776943916652e-05
0.0,1.618776943916652e-05,-1.618776943916652e-05
0.0,1.7164930455665895e-05,-1.7164930455665895e-05
0.0,1.7164930455665895e-05,-1.7164930455665895e-05
0.03,0.03004209910327204,-4.209910327204053e-05
0.0,1.7164930455665895e-05,-1.7164930455665895e-05
0.0,1.6799757532185915e-05,-1.6799757532185915e-05
0.0,7.295281410463746e-06,-7.295281410463746e-06
0.0,1.618776943916652e-05,-1.618776943916652e-05
0.0,1.7164930455665895e-05,-1.7164930455665895e-05
0.0,1.7164930455665895e-05,-1.7164930455665895e-05
0.03,0.029967286740882577,3.271325911742215e-05
0.0,1.7164930455665895e-05,-1.7164930455665895e-05
0.0,1.7164930455665895e-05,-1.7164930455665895e-05
0.0,7.295281410463746e-06,-7.295281410463746e-06
0.05,0.050079101596842,-7.910159684199752e-05
0.0,1.6799757532185915e-05,-1.6799757532185915e-05
0.04,0.03975989352745681,0.00024010647254318895
0.0,1.618776943916652e-05,-1.618776943916652e-05
0.0,8.272442426963119e-06,-8.272442426963119e-06
0.0,1.7164930455665895e-05,-1.7164930455665895e-05
0.0,1.7164930455665895e-05,-1.7164930455665895e-05
0.0,1.6799757532185915e-05,-1.6799757532185915e-05
0.03,0.029967286740882577,3.271325911742215e-05
0.03,0.030036517837275078,-3.651783727507893e-05
0.02,0.01980948215691778,0.00019051784308221978
0.0,1.1502421226249672e-05,-1.1502421226249672e-05
0.0,1.1502421226249672e-05,-1.1502421226249672e-05
0.0,1.7164930455665895e-05,-1.7164930455665895e-05
0.05,0.0500513008463294,-5.1300846329399574e-05
0.0,1.6799757532185915e-05,-1.6799757532185915e-05
0.02,0.01994674863625366,5.325136374633929e-05
0.0,1.7164930455665895e-05,-1.7164930455665895e-05
0.0,8.272442426963119e-06,-8.272442426963119e-06
0.0,1.1502421226249672e-05,-1.1502421226249672e-05
0.03,0.029967286740882577,3.271325911742215e-05
0.0,1.7164930455665895e-05,-1.7164930455665895e-05
0.06,0.05421865160563844,0.005781348394361556
0.0,1.618776943916652e-05,-1.618776943916652e-05
0.03,0.0299413422802997,5.865771970029951e-05
0.02,0.01983437961489329,0.00016562038510671215
0.0,1.7164930455665895e-05,-1.7164930455665895e-05
0.05,0.0500513008463294,-5.1300846329399574e-05
0.02,0.020013551529140448,-1.3551529140447272e-05
0.0,1.7164930455665895e-05,-1.7164930455665895e-05
0.0,1.1502421226249672e-05,-1.1502421226249672e-05
0.0,1.7164930455665895e-05,-1.7164930455665895e-05
0.02,0.020007186858973305,-7.186858973304983e-06
0.0,1.7164930455665895e-05,-1.7164930455665895e-05
0.0,1.618776943916652e-05,-1.618776943916652e-05
0.03,0.030036517837275078,-3.651783727507893e-05
0.02,0.01994038396608652,5.961603391348158e-05
0.0,8.272442426963119e-06,-8.272442426963119e-06
0.0,1.6799757532185915e-05,-1.6799757532185915e-05
0.0,1.1502421226249672e-05,-1.1502421226249672e-05
0.0,-2.230512312274024e-06,2.230512312274024e-06
0.02,0.020007186858973305,-7.186858973304983e-06
0.0,1.618776943916652e-05,-1.618776943916652e-05
0.04,0.03975989352745681,0.00024010647254318895
0.0,1.6799757532185915e-05,-1.6799757532185915e-05
0.05,0.04836461692838779,0.0016353830716122134
0.03,0.03004209910327204,-4.209910327204053e-05
0.0,1.7164930455665895e-05,-1.7164930455665895e-05
0.02,0.020076417955365806,-7.641795536580606e-05
0.03,0.030016154642689162,-1.6154642689163168e-05
0.0,1.7164930455665895e-05,-1.7164930455665895e-05
0.0,1.7164930455665895e-05,-1.7164930455665895e-05
0.03,0.03004209910327204,-4.209910327204053e-05
0.01,0.009951587487900447,4.841251209955315e-05
0.03,0.029961705474885615,3.829452511438375e-05
0.0,1.7164930455665895e-05,-1.7164930455665895e-05
0.03,0.02991032770222347,8.96722977765281e-05
0.0,8.272442426963119e-06,-8.272442426963119e-06
0.02,0.019785613816425688,0.00021438618357431244
0.0,1.618776943916652e-05,-1.618776943916652e-05
0.0,1.1502421226249672e-05,-1.1502421226249672e-05
0.0,1.7164930455665895e-05,-1.7164930455665895e-05
0.02,0.019785613816425688,0.00021438618357431244
0.0,8.272442426963119e-06,-8.272442426963119e-06
0.02,0.01979119508242265,0.00020880491757735084
0.0,1.7164930455665895e-05,-1.7164930455665895e-05
0.0,1.1502421226249672e-05,-1.1502421226249672e-05
0.0,1.7164930455665895e-05,-1.7164930455665895e-05
0.03,0.02981923752494073,0.0001807624750592672
0.0,1.7164930455665895e-05,-1.7164930455665895e-05
0.0,1.7164930455665895e-05,-1.7164930455665895e-05
0.0,1.7164930455665895e-05,-1.7164930455665895e-05
0.0,1.6799757532185915e-05,-1.6799757532185915e-05
0.03,0.029967286740882577,3.271325911742215e-05
0.0,1.7164930455665895e-05,-1.7164930455665895e-05
0.0,1.1502421226249672e-05,-1.1502421226249672e-05
0.03,0.029961705474885615,3.829452511438375e-05
0.03,0.029881483532880334,0.00011851646711966493
0.0,7.295281410463746e-06,-7.295281410463746e-06
0.0,1.6799757532185915e-05,-1.6799757532185915e-05
0.0,8.272442426963119e-06,-8.272442426963119e-06
0.0,8.272442426963119e-06,-8.272442426963119e-06
0.02,0.02000188952266737,-1.8895226673691645e-06
0.02,0.019935086629780583,6.49133702194174e-05
0.03,0.03004209910327204,-4.209910327204053e-05
0.03,0.029961705474885615,3.829452511438375e-05
0.0,1.7164930455665895e-05,-1.7164930455665895e-05
0.0,1.7164930455665895e-05,-1.7164930455665895e-05
0.0,1.7164930455665895e-05,-1.7164930455665895e-05
0.03,0.03004209910327204,-4.209910327204053e-05
0.01,0.009979213141571729,2.0786858428271243e-05
0.0,1.618776943916652e-05,-1.618776943916652e-05
0.02,0.01981576757629553,0.00018423242370447027
0.0,1.1502421226249672e-05,-1.1502421226249672e-05
0.0,1.6799757532185915e-05,-1.6799757532185915e-05
0.02,0.019797559752589792,0.00020244024741020855
0.03,0.029866074989251694,0.00013392501074830504
0.0,8.272442426963119e-06,-8.272442426963119e-06
0.0,1.1502421226249672e-05,-1.1502421226249672e-05
0.0,1.1502421226249672e-05,-1.1502421226249672e-05
0.0,1.7164930455665895e-05,-1.7164930455665895e-05
0.02,0.020001605592976344,-1.605592976343384e-06
0.0,1.618776943916652e-05,-1.618776943916652e-05
0.0,1.618776943916652e-05,-1.618776943916652e-05
0.0,1.618776943916652e-05,-1.618776943916652e-05
0.0,1.618776943916652e-05,-1.618776943916652e-05
0.05,0.05011299528274002,-0.00011299528274001658
0.02,0.019829082278587352,0.00017091772141264797
0.0,8.272442426963119e-06,-8.272442426963119e-06
0.03,0.029695922277134804,0.0003040777228651946
0.04,0.03948179155608335,0.0005182084439166526
0.0,1.6799757532185915e-05,-1.6799757532185915e-05
0.0,-2.230512312274024e-06,2.230512312274024e-06
0.0,1.7164930455665895e-05,-1.7164930455665895e-05
0.02,0.020001605592976344,-1.605592976343384e-06
0.04,0.03989761503416475,0.00010238496583524909
0.0,1.618776943916652e-05,-1.618776943916652e-05
0.0,1.1502421226249672e-05,-1.1502421226249672e-05
0.02,0.02000188952266737,-1.8895226673691645e-06
0.0,1.618776943916652e-05,-1.618776943916652e-05
0.02,0.020007186858973305,-7.186858973304983e-06
0.0,1.7164930455665895e-05,-1.7164930455665895e-05
0.0,1.7164930455665895e-05,-1.7164930455665895e-05
0.05,0.05007566338668885,-7.566338668884426e-05
0.02,0.01984074428506043,0.00015925571493956986
0.0,1.618776943916652e-05,-1.618776943916652e-05
0.0,1.1502421226249672e-05,-1.1502421226249672e-05
0.0,1.7164930455665895e-05,-1.7164930455665895e-05
0.03,0.030047251234523297,-4.725123452329824e-05
0.0,1.1502421226249672e-05,-1.1502421226249672e-05
0.03,0.029967286740882577,3.271325911742215e-05
0.0,1.7164930455665895e-05,-1.7164930455665895e-05
0.0,1.7164930455665895e-05,-1.7164930455665895e-05
0.04,0.03991794720502266,8.205279497734003e-05
0.03,0.029961705474885615,3.829452511438375e-05
0.0,1.1502421226249672e-05,-1.1502421226249672e-05
0.0,1.7164930455665895e-05,-1.7164930455665895e-05
0.0,1.1502421226249672e-05,-1.1502421226249672e-05
0.02,0.01994674863625366,5.325136374633929e-05
0.0,1.7164930455665895e-05,-1.7164930455665895e-05
0.0,8.272442426963119e-06,-8.272442426963119e-06
0.02,0.01979119508242265,0.00020880491757735084
0.04,0.03951433913682934,0.0004856608631706588
0.0,0.00026922897126318456,-0.00026922897126318456
0.0,1.7164930455665895e-05,-1.7164930455665895e-05
0.05,0.05007566338668885,-7.566338668884426e-05
0.0,8.272442426963119e-06,-8.272442426963119e-06
0.0,1.618776943916652e-05,-1.618776943916652e-05
0.0,2.6099331975468947e-06,-2.6099331975468947e-06
0.05,0.05006272585451199,-6.272585451198853e-05
0.0,1.7164930455665895e-05,-1.7164930455665895e-05
0.0,1.7164930455665895e-05,-1.7164930455665895e-05
0.01,0.009983741758105525,1.6258241894474834e-05
0.02,0.01963748487112976,0.0003625151288702416
0.0,1.7164930455665895e-05,-1.7164930455665895e-05
0.0,2.6099331975468947e-06,-2.6099331975468947e-06
0.0,1.7164930455665895e-05,-1.7164930455665895e-05
0.03,0.029862218352783645,0.00013778164721635344
0.0,1.7164930455665895e-05,-1.7164930455665895e-05
0.03,0.03004209910327204,-4.209910327204053e-05
0.0,2.6099331975468947e-06,-2.6099331975468947e-06
0.0,1.7164930455665895e-05,-1.7164930455665895e-05
0.02,0.020007186858973305,-7.186858973304983e-06
0.0,1.1502421226249672e-05,-1.1502421226249672e-05
0.0,1.618776943916652e-05,-1.618776943916652e-05
0.02,0.020076417955365806,-7.641795536580606e-05
0.03,0.03004209910327204,-4.209910327204053e-05
0.0,1.7164930455665895e-05,-1.7164930455665895e-05
0.03,0.029956295895269797,4.3704104730202253e-05
0.03,0.029967286740882577,3.271325911742215e-05
0.0,1.7164930455665895e-05,-1.7164930455665895e-05
0.0,1.1502421226249672e-05,-1.1502421226249672e-05
0.0,1.7164930455665895e-05,-1.7164930455665895e-05
0.0,1.7164930455665895e-05,-1.7164930455665895e-05
0.0,1.7164930455665895e-05,-1.7164930455665895e-05
0.0,1.7164930455665895e-05,-1.7164930455665895e-05
0.0,1.1502421226249672e-05,-1.1502421226249672e-05
0.0,1.618776943916652e-05,-1.618776943916652e-05
0.0,1.7164930455665895e-05,-1.7164930455665895e-05
0.02,0.019785613816425688,0.00021438618357431244
0.03,0.029961705474885615,3.829452511438375e-05
0.0,8.272442426963119e-06,-8.272442426963119e-06
0.05,0.05011299528274002,-0.00011299528274001658
0.02,0.020007186858973305,-7.186858973304983e-06
0.02,0.019744760193927374,0.00025523980607262617
0.0,1.7164930455665895e-05,-1.7164930455665895e-05
0.02,0.020013551529140448,-1.3551529140447272e-05
0.01,0.009956477832079888,4.352216792011254e-05
0.03,0.029972438872133834,2.7561127866164437e-05
0.0,1.7164930455665895e-05,-1.7164930455665895e-05
0.0,1.618776943916652e-05,-1.618776943916652e-05
0.02,0.020007970263143486,-7.970263143485673e-06
0.0,1.618776943916652e-05,-1.618776943916652e-05
0.02,0.020007186858973305,-7.186858973304983e-06
0.0,1.7164930455665895e-05,-1.7164930455665895e-05
0.0,1.618776943916652e-05,-1.618776943916652e-05
0.0,1.7164930455665895e-05,-1.7164930455665895e-05
0.0,1.618776943916652e-05,-1.618776943916652e-05
0.0,1.6799757532185915e-05,-1.6799757532185915e-05
0.03,0.03004209910327204,-4.209910327204053e-05
0.0,1.618776943916652e-05,-1.618776943916652e-05
0.0,1.7164930455665895e-05,-1.7164930455665895e-05
0.0,1.618776943916652e-05,-1.618776943916652e-05
0.0,1.7164930455665895e-05,-1.7164930455665895e-05
0.0,1.6799757532185915e-05,-1.6799757532185915e-05
0.0,8.272442426963119e-06,-8.272442426963119e-06
0.0,1.7164930455665895e-05,-1.7164930455665895e-05
0.0,1.1502421226249672e-05,-1.1502421226249672e-05
0.0,1.6799757532185915e-05,-1.6799757532185915e-05
0.06,0.05990631893145842,9.368106854158037e-05
0.0,1.1502421226249672e-05,-1.1502421226249672e-05
0.02,0.01994674863625366,5.325136374633929e-05
0.0,1.6799757532185915e-05,-1.6799757532185915e-05
0.0,1.618776943916652e-05,-1.618776943916652e-05
0.0,8.272442426963119e-06,-8.272442426963119e-06
0.0,1.7164930455665895e-05,-1.7164930455665895e-05
0.0,1.618776943916652e-05,-1.618776943916652e-05
0.0,1.1502421226249672e-05,-1.1502421226249672e-05
0.0,1.7164930455665895e-05,-1.7164930455665895e-05
0.02,0.02000188952266737,-1.8895226673691645e-06
0.03,0.029967286740882577,3.271325911742215e-05
0.02,0.01983437961489329,0.00016562038510671215
0.0,1.1502421226249672e-05,-1.1502421226249672e-05
0.0,8.272442426963119e-06,-8.272442426963119e-06
0.02,0.020007186858973305,-7.186858973304983e-06
0.0,1.6799757532185915e-05,-1.6799757532185915e-05
0.0,1.7164930455665895e-05,-1.7164930455665895e-05
0.0,1.7164930455665895e-05,-1.7164930455665895e-05
0.03,0.030036517837275078,-3.651783727507893e-05
0.0,1.7164930455665895e-05,-1.7164930455665895e-05
0.0,1.1502421226249672e-05,-1.1502421226249672e-05
0.0,1.7164930455665895e-05,-1.7164930455665895e-05
0.0,1.1502421226249672e-05,-1.1502421226249672e-05
0.0,-2.230512312274024e-06,2.230512312274024e-06
0.0,1.1502421226249672e-05,-1.1502421226249672e-05
0.02,0.02003824474221566,-3.824474221566024e-05
0.05,0.05001396895027823,-1.3968950278227255e-05
0.03,0.03004209910327204,-4.209910327204053e-05
0.04,0.03975989352745681,0.00024010647254318895
0.0,1.7164930455665895e-05,-1.7164930455665895e-05
0.02,0.020081999221362768,-8.199922136276766e-05
0.0,1.7164930455665895e-05,-1.7164930455665895e-05
0.01,0.009993929438590902,6.07056140909841e-06
0.0,1.7164930455665895e-05,-1.7164930455665895e-05
0.03,0.029539833825309048,0.00046016617469095064
0.03,0.0299413422802997,5.865771970029951e-05
0.0,1.1502421226249672e-05,-1.1502421226249672e-05
0.04,0.039934946930215924,6.505306978407677e-05
0.0,8.272442426963119e-06,-8.272442426963119e-06
0.0,1.6799757532185915e-05,-1.6799757532185915e-05
0.0,1.6799757532185915e-05,-1.6799757532185915e-05
0.02,0.01994038396608652,5.961603391348158e-05
0.0,1.7164930455665895e-05,-1.7164930455665895e-05
0.02,0.01942879509635272,0.0005712049036472808
0.03,0.02989201944983457,0.00010798055016542768
0.03,0.029881483532880334,0.00011851646711966493
0.0,1.7164930455665895e-05,-1.7164930455665895e-05
0.0,1.7164930455665895e-05,-1.7164930455665895e-05
0.02,0.01986042617881515,0.00013957382118484976
0.0,1.6799757532185915e-05,-1.6799757532185915e-05
0.02,0.020007186858973305,-7.186858973304983e-06
0.02,0.020019892667471475,-1.9892667471474446e-05
0.0,8.272442426963119e-06,-8.272442426963119e-06
0.0,1.7164930455665895e-05,-1.7164930455665895e-05
0.03,0.02988643818383761,0.00011356181616238928
0.03,0.029972438872133834,2.7561127866164437e-05
0.05,0.05007566338668885,-7.566338668884426e-05
0.02,0.0200201765971625,-2.0176597162500226e-05
0.0,1.618776943916652e-05,-1.618776943916652e-05
0.03,0.029972438872133834,2.7561127866164437e-05
0.0,1.618776943916652e-05,-1.618776943916652e-05
0.0,1.7164930455665895e-05,-1.7164930455665895e-05
0.0,7.295281410463746e-06,-7.295281410463746e-06
0.05,0.05001396895027823,-1.3968950278227255e-05
0.0,1.7164930455665895e-05,-1.7164930455665895e-05
0.0,1.7164930455665895e-05,-1.7164930455665895e-05
0.0,1.7164930455665895e-05,-1.7164930455665895e-05
0.0,1.7164930455665895e-05,-1.7164930455665895e-05
0.0,1.618776943916652e-05,-1.618776943916652e-05
0.0,1.7164930455665895e-05,-1.7164930455665895e-05
0.0,1.7164930455665895e-05,-1.7164930455665895e-05
0.03,0.029961705474885615,3.829452511438375e-05
0.0,1.7164930455665895e-05,-1.7164930455665895e-05
0.0,1.7164930455665895e-05,-1.7164930455665895e-05
0.05,0.05007566338668885,-7.566338668884426e-05
0.0,1.7164930455665895e-05,-1.7164930455665895e-05
0.03,0.029881483532880334,0.00011851646711966493
0.02,0.019785897746116714,0.00021410225388328666
0.03,0.029665793437118646,0.0003342065628813527
0.02,0.019829082278587352,0.00017091772141264797
0.03,0.030036517837275078,-3.651783727507893e-05
0.0,1.618776943916652e-05,-1.618776943916652e-05
0.03,0.029972438872133834,2.7561127866164437e-05
0.0,1.1502421226249672e-05,-1.1502421226249672e-05
0.0,1.6799757532185915e-05,-1.6799757532185915e-05
0.03,0.029867370484034903,0.00013262951596509573
0.02,0.020013551529140448,-1.3551529140447272e-05
0.0,1.7164930455665895e-05,-1.7164930455665895e-05
0.0,1.7164930455665895e-05,-1.7164930455665895e-05
0.02,0.01984074428506043,0.00015925571493956986
0.0,1.7164930455665895e-05,-1.7164930455665895e-05
0.02,0.019797559752589792,0.00020244024741020855
0.0,1.618776943916652e-05,-1.618776943916652e-05
0.0,1.6799757532185915e-05,-1.6799757532185915e-05
0.0,8.272442426963119e-06,-8.272442426963119e-06
0.03,0.029881483532880334,0.00011851646711966493
0.03,0.030036517837275078,-3.651783727507893e-05
0.0,1.1502421226249672e-05,-1.1502421226249672e-05
0.0,1.1502421226249672e-05,-1.1502421226249672e-05
0.0,1.6799757532185915e-05,-1.6799757532185915e-05
0.0,1.7164930455665895e-05,-1.7164930455665895e-05
0.04,0.039881630466869704,0.00011836953313029697
0.0,1.618776943916652e-05,-1.618776943916652e-05
0.0,1.7164930455665895e-05,-1.7164930455665895e-05
0.05,0.05014367792490301,-0.00014367792490301012
0.0,7.295281410463746e-06,-7.295281410463746e-06
0.04,0.03994332490328032,5.667509671967996e-05
0.0,-2.230512312274024e-06,2.230512312274024e-06
0.0,1.618776943916652e-05,-1.618776943916652e-05
0.0,1.618776943916652e-05,-1.618776943916652e-05
0.03,0.030047251234523297,-4.725123452329824e-05
0.0,1.6799757532185915e-05,-1.6799757532185915e-05
0.03,0.029967286740882577,3.271325911742215e-05
0.03,0.029967286740882577,3.271325911742215e-05
0.03,0.029961705474885615,3.829452511438375e-05
0.0,1.6799757532185915e-05,-1.6799757532185915e-05
0.03,0.029881483532880334,0.00011851646711966493
0.0,1.7164930455665895e-05,-1.7164930455665895e-05
0.03,0.029875902266883372,0.00012409773311662653
0.05,0.05010035346073116,-0.00010035346073115903
0.0,1.1502421226249672e-05,-1.1502421226249672e-05
0.03,0.03004209910327204,-4.209910327204053e-05
0.03,0.02978695106173564,0.00021304893826435897
0.0,1.1502421226249672e-05,-1.1502421226249672e-05
0.0,1.1502421226249672e-05,-1.1502421226249672e-05
0.05,0.05012102577132354,-0.00012102577132353659
0.0,1.6799757532185915e-05,-1.6799757532185915e-05
0.0,1.7164930455665895e-05,-1.7164930455665895e-05
0.0,1.6799757532185915e-05,-1.6799757532185915e-05
0.0,1.6799757532185915e-05,-1.6799757532185915e-05
0.0,1.7164930455665895e-05,-1.7164930455665895e-05
0.02,0.020076417955365806,-7.641795536580606e-05
0.02,0.020001605592976344,-1.605592976343384e-06
0.01,0.009983741758105525,1.6258241894474834e-05
0.0,1.7164930455665895e-05,-1.7164930455665895e-05
0.0,1.618776943916652e-05,-1.618776943916652e-05
0.0,1.618776943916652e-05,-1.618776943916652e-05
0.04,0.03987719018376549,0.00012280981623451204
0.0,1.7164930455665895e-05,-1.7164930455665895e-05
0.0,1.6799757532185915e-05,-1.6799757532185915e-05
0.05,0.050079101596842,-7.910159684199752e-05
0.0,1.7164930455665895e-05,-1.7164930455665895e-05
0.0,2.6099331975468947e-06,-2.6099331975468947e-06
0.05,0.05020535451609619,-0.0002053545160961845
0.0,1.1502421226249672e-05,-1.1502421226249672e-05
0.0,8.272442426963119e-06,-8.272442426963119e-06
0.05,0.050133963303500395,-0.00013396330350039232
0.0,1.7164930455665895e-05,-1.7164930455665895e-05
0.0,8.272442426963119e-06,-8.272442426963119e-06
0.02,0.02000188952266737,-1.8895226673691645e-06
0.0,1.618776943916652e-05,-1.618776943916652e-05
0.0,-2.230512312274024e-06,2.230512312274024e-06
0.02,0.020007186858973305,-7.186858973304983e-06
0.02,0.01983437961489329,0.00016562038510671215
0.02,0.020007186858973305,-7.186858973304983e-06
0.0,-2.230512312274024e-06,2.230512312274024e-06
0.0,8.272442426963119e-06,-8.272442426963119e-06
0.0,1.618776943916652e-05,-1.618776943916652e-05
0.03,0.029977626288557088,2.237371144291067e-05
0.02,0.01942879509635272,0.0005712049036472808
0.05,0.05007566338668885,-7.566338668884426e-05
0.0,1.6799757532185915e-05,-1.6799757532185915e-05
0.03,0.029967286740882577,3.271325911742215e-05
0.02,0.01994674863625366,5.325136374633929e-05
0.0,1.618776943916652e-05,-1.618776943916652e-05
0.0,-2.230512312274024e-06,2.230512312274024e-06
0.0,-2.230512312274024e-06,2.230512312274024e-06
0.0,1.7164930455665895e-05,-1.7164930455665895e-05
0.04,0.03984582622676976,0.00015417377323024423
0.02,0.01994038396608652,5.961603391348158e-05
0.0,1.7164930455665895e-05,-1.7164930455665895e-05
0.02,0.019797559752589792,0.00020244024741020855
0.02,0.019719783485162474,0.0002802165148375266
0.02,0.020013551529140448,-1.3551529140447272e-05
0.02,0.019809402906128388,0.00019059709387161256
0.0,1.7164930455665895e-05,-1.7164930455665895e-05
0.0,1.7164930455665895e-05,-1.7164930455665895e-05
0.02,0.01986042617881515,0.00013957382118484976
0.06,0.05971941939264723,0.0002805806073527678
0.0,1.618776943916652e-05,-1.618776943916652e-05
0.0,1.6799757532185915e-05,-1.6799757532185915e-05
0.0,1.618776943916652e-05,-1.618776943916652e-05
0.02,0.020001605592976344,-1.605592976343384e-06
0.0,1.7164930455665895e-05,-1.7164930455665895e-05
0.0,1.6799757532185915e-05,-1.6799757532185915e-05
0.0,1.7164930455665895e-05,-1.7164930455665895e-05
0.0,7.295281410463746e-06,-7.295281410463746e-06
0.0,1.7164930455665895e-05,-1.7164930455665895e-05
0.0,1.7164930455665895e-05,-1.7164930455665895e-05
0.0,1.7164930455665895e-05,-1.7164930455665895e-05
0.0,-1.1123000340976801e-05,1.1123000340976801e-05
0.05,0.0500513008463294,-5.1300846329399574e-05
0.05,0.04830292249197717,0.0016970775080228304
0.02,0.020007186858973305,-7.186858973304983e-06
0.02,0.01983437961489329,0.00016562038510671215
0.0,1.7164930455665895e-05,-1.7164930455665895e-05
0.0,1.7164930455665895e-05,-1.7164930455665895e-05
0.01,0.009976656450176912,2.3343549823088422e-05
0.02,0.019935086629780583,6.49133702194174e-05
0.0,1.7164930455665895e-05,-1.7164930455665895e-05
0.0,1.1502421226249672e-05,-1.1502421226249672e-05
0.0,1.7164930455665895e-05,-1.7164930455665895e-05
0.0,1.7164930455665895e-05,-1.7164930455665895e-05
0.03,0.030036517837275078,-3.651783727507893e-05
0.03,0.029967286740882577,3.271325911742215e-05
0.0,1.7164930455665895e-05,-1.7164930455665895e-05
0.0,1.7164930455665895e-05,-1.7164930455665895e-05
0.0,1.618776943916652e-05,-1.618776943916652e-05
0.0,1.6799757532185915e-05,-1.6799757532185915e-05
0.02,0.01981576757629553,0.00018423242370447027
0.05,0.05001396895027823,-1.3968950278227255e-05
0.0,1.6799757532185915e-05,-1.6799757532185915e-05
0.0,1.7164930455665895e-05,-1.7164930455665895e-05
0.0,1.7164930455665895e-05,-1.7164930455665895e-05
0.04,0.03987719018376549,0.00012280981623451204
0.0,1.7164930455665895e-05,-1.7164930455665895e-05
0.04,0.039685081165067346,0.0003149188349326551
0.02,0.019829082278587352,0.00017091772141264797
0.0,1.618776943916652e-05,-1.618776943916652e-05
0.0,1.7164930455665895e-05,-1.7164930455665895e-05
0.0,1.7164930455665895e-05,-1.7164930455665895e-05
0.0,1.7164930455665895e-05,-1.7164930455665895e-05
0.04,0.03989761503416475,0.00010238496583524909
0.04,0.03998065679933149,1.9343200668507643e-05
0.03,0.029867370484034903,0.00013262951596509573
0.0,1.7164930455665895e-05,-1.7164930455665895e-05
0.0,1.7164930455665895e-05,-1.7164930455665895e-05
0.0,1.6799757532185915e-05,-1.6799757532185915e-05
0.03,0.029967286740882577,3.271325911742215e-05
0.02,0.020007186858973305,-7.186858973304983e-06
0.0,1.7164930455665895e-05,-1.7164930455665895e-05
0.04,0.03981360116583799,0.00018639883416200764
0.01,0.010000294108758046,-2.9410875804561365e-07
0.0,8.272442426963119e-06,-8.272442426963119e-06
0.0,1.7164930455665895e-05,-1.7164930455665895e-05
0.0,1.7164930455665895e-05,-1.7164930455665895e-05
0.0,1.7164930455665895e-05,-1.7164930455665895e-05
0.0,1.618776943916652e-05,-1.618776943916652e-05
0.03,0.029967286740882577,3.271325911742215e-05
0.03,0.030036517837275078,-3.651783727507893e-05
0.0,8.272442426963119e-06,-8.272442426963119e-06
0.0,1.618776943916652e-05,-1.618776943916652e-05
0.0,1.1502421226249672e-05,-1.1502421226249672e-05
0.0,1.1502421226249672e-05,-1.1502421226249672e-05
0.0,1.7164930455665895e-05,-1.7164930455665895e-05
0.0,1.618776943916652e-05,-1.618776943916652e-05
0.0,1.7164930455665895e-05,-1.7164930455665895e-05
0.0,1.7164930455665895e-05,-1.7164930455665895e-05
0.03,0.029877201831158075,0.00012279816884192343
0.02,0.020013551529140448,-1.3551529140447272e-05
0.0,1.1502421226249672e-05,-1.1502421226249672e-05
0.0,7.907269503483138e-06,-7.907269503483138e-06
0.0,1.618776943916652e-05,-1.618776943916652e-05
0.0,1.1502421226249672e-05,-1.1502421226249672e-05
0.06,0.05289499494458174,0.007105005055418258
0.03,0.029967286740882577,3.271325911742215e-05
0.0,1.7164930455665895e-05,-1.7164930455665895e-05
0.0,1.7164930455665895e-05,-1.7164930455665895e-05
0.0,1.7164930455665895e-05,-1.7164930455665895e-05
0.0,8.272442426963119e-06,-8.272442426963119e-06
0.02,0.020013551529140448,-1.3551529140447272e-05
0.03,0.030036517837275078,-3.651783727507893e-05
0.02,0.020007186858973305,-7.186858973304983e-06
0.0,1.7164930455665895e-05,-1.7164930455665895e-05
0.0,1.7164930455665895e-05,-1.7164930455665895e-05
0.0,1.618776943916652e-05,-1.618776943916652e-05
0.0,1.1502421226249672e-05,-1.1502421226249672e-05
0.03,0.03004209910327204,-4.209910327204053e-05
0.04,0.03989761503416475,0.00010238496583524909
0.0,1.7164930455665895e-05,-1.7164930455665895e-05
0.01,0.009993929438590902,6.07056140909841e-06
0.0,1.618776943916652e-05,-1.618776943916652e-05
0.0,1.7164930455665895e-05,-1.7164930455665895e-05
0.0,1.618776943916652e-05,-1.618776943916652e-05
0.0,1.7164930455665895e-05,-1.7164930455665895e-05
0.03,0.029967286740882577,3.271325911742215e-05
0.02,0.020007970263143486,-7.970263143485673e-06
0.0,1.618776943916652e-05,-1.618776943916652e-05
0.0,1.7164930455665895e-05,-1.7164930455665895e-05
0.03,0.02989717158108583,0.00010282841891416997
0.0,1.6799757532185915e-05,-1.6799757532185915e-05
0.0,1.6799757532185915e-05,-1.6799757532185915e-05
0.02,0.020007186858973305,-7.186858973304983e-06
0.02,0.020013551529140448,-1.3551529140447272e-05
0.0,1.7164930455665895e-05,-1.7164930455665895e-05
0.0,1.7164930455665895e-05,-1.7164930455665895e-05
0.0,1.618776943916652e-05,-1.618776943916652e-05
0.02,0.020081999221362768,-8.199922136276766e-05
0.0,1.7164930455665895e-05,-1.7164930455665895e-05
0.06,0.05962816906442285,0.0003718309355771471
0.0,1.7164930455665895e-05,-1.7164930455665895e-05
0.02,0.0201002862958579,-0.00010028629585789872
0.06,0.060093924900938574,-9.392490093857592e-05
0.0,1.618776943916652e-05,-1.618776943916652e-05
0.0,1.7164930455665895e-05,-1.7164930455665895e-05
0.0,1.7164930455665895e-05,-1.7164930455665895e-05
0.0,1.1502421226249672e-05,-1.1502421226249672e-05
0.0,1.7164930455665895e-05,-1.7164930455665895e-05
0.0,1.6799757532185915e-05,-1.6799757532185915e-05
0.01,0.010000294108758046,-2.9410875804561365e-07
0.0,1.1502421226249672e-05,-1.1502421226249672e-05
0.0,8.272442426963119e-06,-8.272442426963119e-06
0.0,1.7164930455665895e-05,-1.7164930455665895e-05
0.0,1.1502421226249672e-05,-1.1502421226249672e-05
0.0,1.7164930455665895e-05,-1.7164930455665895e-05
0.0,1.7164930455665895e-05,-1.7164930455665895e-05
0.0,1.618776943916652e-05,-1.618776943916652e-05
0.0,1.7164930455665895e-05,-1.7164930455665895e-05
0.0,1.7164930455665895e-05,-1.7164930455665895e-05
0.0,1.7164930455665895e-05,-1.7164930455665895e-05
0.0,1.7164930455665895e-05,-1.7164930455665895e-05
0.03,0.030036517837275078,-3.651783727507893e-05
0.0,1.7164930455665895e-05,-1.7164930455665895e-05
0.0,1.1502421226249672e-05,-1.1502421226249672e-05
0.0,1.618776943916652e-05,-1.618776943916652e-05
0.0,1.7164930455665895e-05,-1.7164930455665895e-05
0.0,1.7164930455665895e-05,-1.7164930455665895e-05
0.0,1.7164930455665895e-05,-1.7164930455665895e-05
0.0,1.618776943916652e-05,-1.618776943916652e-05
0.0,1.6799757532185915e-05,-1.6799757532185915e-05
0.0,1.7164930455665895e-05,-1.7164930455665895e-05
0.02,0.01984074428506043,0.00015925571493956986
0.03,0.029881483532880334,0.00011851646711966493
0.0,8.272442426963119e-06,-8.272442426963119e-06
0.02,0.01994674863625366,5.325136374633929e-05
0.03,0.030052893579605094,-5.289357960509486e-05
0.0,7.295281410463746e-06,-7.295281410463746e-06
0.02,0.020013551529140448,-1.3551529140447272e-05
0.0,1.7164930455665895e-05,-1.7164930455665895e-05
0.0,1.7164930455665895e-05,-1.7164930455665895e-05
0.0,1.7164930455665895e-05,-1.7164930455665895e-05
0.0,-2.230512312274024e-06,2.230512312274024e-06
0.0,1.1502421226249672e-05,-1.1502421226249672e-05
0.0,1.618776943916652e-05,-1.618776943916652e-05
0.0,1.7164930455665895e-05,-1.7164930455665895e-05
0.0,1.6799757532185915e-05,-1.6799757532185915e-05
0.0,1.7164930455665895e-05,-1.7164930455665895e-05
0.01,0.010127679414020613,-0.00012767941402061327
0.01,0.009975317399993145,2.4682600006854793e-05
0.0,1.618776943916652e-05,-1.618776943916652e-05
0.02,0.020007186858973305,-7.186858973304983e-06
0.03,0.029961705474885615,3.829452511438375e-05
0.0,1.7164930455665895e-05,-1.7164930455665895e-05
0.02,0.020007186858973305,-7.186858973304983e-06
0.03,0.02980621624183233,0.00019378375816767046
0.0,1.618776943916652e-05,-1.618776943916652e-05
0.03,0.029875902266883372,0.00012409773311662653
0.02,0.020013551529140448,-1.3551529140447272e-05
0.0,8.272442426963119e-06,-8.272442426963119e-06
0.03,0.029967286740882577,3.271325911742215e-05
0.0,1.7164930455665895e-05,-1.7164930455665895e-05
0.02,0.020025473933468436,-2.5473933468436044e-05
0.02,0.020013551529140448,-1.3551529140447272e-05
0.02,0.019422430426185577,0.0005775695738144231
0.0,1.7164930455665895e-05,-1.7164930455665895e-05
0.0,8.272442426963119e-06,-8.272442426963119e-06
0.0,1.7164930455665895e-05,-1.7164930455665895e-05
0.0,-2.230512312274024e-06,2.230512312274024e-06
0.0,1.6799757532185915e-05,-1.6799757532185915e-05
0.05,0.050092039129018856,-9.203912901885325e-05
0.0,1.7164930455665895e-05,-1.7164930455665895e-05
0.06,0.05960177752200776,0.0003982224779922397
0.0,1.618776943916652e-05,-1.618776943916652e-05
0.0,1.6799757532185915e-05,-1.6799757532185915e-05
0.05,0.04987043717882686,0.0001295628211731431
0.0,1.7164930455665895e-05,-1.7164930455665895e-05
0.03,0.0298805480842507,0.00011945191574929889
0.04,0.03975989352745681,0.00024010647254318895
0.03,0.03004209910327204,-4.209910327204053e-05
0.01,0.009957952158067591,4.2047841932409125e-05
0.03,0.029967286740882577,3.271325911742215e-05
0.03,0.03004209910327204,-4.209910327204053e-05
0.0,7.295281410463746e-06,-7.295281410463746e-06
0.04,0.039822802671775286,0.00017719732822471523
0.0,1.7164930455665895e-05,-1.7164930455665895e-05
0.03,0.029881483532880334,0.00011851646711966493
0.0,1.618776943916652e-05,-1.618776943916652e-05
0.0,1.7164930455665895e-05,-1.7164930455665895e-05
0.0,1.7164930455665895e-05,-1.7164930455665895e-05
0.0,8.272442426963119e-06,-8.272442426963119e-06
0.0,8.272442426963119e-06,-8.272442426963119e-06
0.0,1.6799757532185915e-05,-1.6799757532185915e-05
0.0,1.7164930455665895e-05,-1.7164930455665895e-05
0.0,1.618776943916652e-05,-1.618776943916652e-05
0.0,1.7164930455665895e-05,-1.7164930455665895e-05
0.04,0.03989761503416475,0.00010238496583524909
0.0,1.1502421226249672e-05,-1.1502421226249672e-05
0.0,1.7164930455665895e-05,-1.7164930455665895e-05
0.0,8.272442426963119e-06,-8.272442426963119e-06
0.0,1.6799757532185915e-05,-1.6799757532185915e-05
0.0,1.1502421226249672e-05,-1.1502421226249672e-05
0.01,0.010078547960372783,-7.854796037278303e-05
0.03,0.029792103192986898,0.00020789680701310126
0.0,1.7164930455665895e-05,-1.7164930455665895e-05
0.0,1.7164930455665895e-05,-1.7164930455665895e-05
0.02,0.020007186858973305,-7.186858973304983e-06
0.0,1.618776943916652e-05,-1.618776943916652e-05
0.0,1.7164930455665895e-05,-1.7164930455665895e-05
0.0,1.7164930455665895e-05,-1.7164930455665895e-05
0.0,1.1502421226249672e-05,-1.1502421226249672e-05
0.04,0.03994332490328032,5.667509671967996e-05
0.02,0.020001605592976344,-1.605592976343384e-06
0.03,0.029967286740882577,3.271325911742215e-05
0.03,0.029961250546227072,3.87494537729266e-05
0.02,0.020007186858973305,-7.186858973304983e-06
0.0,1.1502421226249672e-05,-1.1502421226249672e-05
0.0,1.7164930455665895e-05,-1.7164930455665895e-05
0.0,1.1502421226249672e-05,-1.1502421226249672e-05
0.0,1.1502421226249672e-05,-1.1502421226249672e-05
0.0,1.7164930455665895e-05,-1.7164930455665895e-05
0.05,0.05007566338668885,-7.566338668884426e-05
0.0,1.7164930455665895e-05,-1.7164930455665895e-05
0.0,1.7164930455665895e-05,-1.7164930455665895e-05
0.02,0.020081999221362768,-8.199922136276766e-05
0.04,0.03975989352745681,0.00024010647254318895
0.0,1.7164930455665895e-05,-1.7164930455665895e-05
0.0,1.7164930455665895e-05,-1.7164930455665895e-05
0.03,0.029967286740882577,3.271325911742215e-05
0.02,0.01984074428506043,0.00015925571493956986
0.0,2.6099331975468947e-06,-2.6099331975468947e-06
0.0,-2.230512312274024e-06,2.230512312274024e-06
0.0,1.618776943916652e-05,-1.618776943916652e-05
0.0,1.7164930455665895e-05,-1.7164930455665895e-05
0.03,0.029966831812224034,3.3168187775965e-05
0.0,1.7164930455665895e-05,-1.7164930455665895e-05
0.03,0.0299413422802997,5.865771970029951e-05
0.02,0.019797559752589792,0.00020244024741020855
0.04,0.03989761503416475,0.00010238496583524909
0.02,0.020001605592976344,-1.605592976343384e-06
0.03,0.029956295895269797,4.3704104730202253e-05
0.0,1.7164930455665895e-05,-1.7164930455665895e-05
0.03,0.029972438872133834,2.7561127866164437e-05
0.05,0.05011329099290802,-0.00011329099290801475
0.0,8.272442426963119e-06,-8.272442426963119e-06
0.0,1.7164930455665895e-05,-1.7164930455665895e-05
0.02,0.019889603779636084,0.0001103962203639168
0.0,8.272442426963119e-06,-8.272442426963119e-06
0.0,8.272442426963119e-06,-8.272442426963119e-06
0.0,1.7164930455665895e-05,-1.7164930455665895e-05
0.0,1.7164930455665895e-05,-1.7164930455665895e-05
0.0,1.7164930455665895e-05,-1.7164930455665895e-05
0.02,0.0201002862958579,-0.00010028629585789872
0.0,1.7164930455665895e-05,-1.7164930455665895e-05
0.0,1.7164930455665895e-05,-1.7164930455665895e-05
0.0,1.7164930455665895e-05,-1.7164930455665895e-05
0.0,1.7164930455665895e-05,-1.7164930455665895e-05
0.05,0.050133963303500395,-0.00013396330350039232
0.05,0.048394961004196456,0.0016050389958035469
0.0,1.7164930455665895e-05,-1.7164930455665895e-05
0.0,1.7164930455665895e-05,-1.7164930455665895e-05
0.0,1.6799757532185915e-05,-1.6799757532185915e-05
0.0,1.7164930455665895e-05,-1.7164930455665895e-05
0.0,1.618776943916652e-05,-1.618776943916652e-05
0.0,1.1502421226249672e-05,-1.1502421226249672e-05
0.0,-2.230512312274024e-06,2.230512312274024e-06
0.0,1.7164930455665895e-05,-1.7164930455665895e-05
0.0,1.7164930455665895e-05,-1.7164930455665895e-05
0.0,1.6799757532185915e-05,-1.6799757532185915e-05
0.06,0.05988475858101845,0.00011524141898154594
0.06,0.059692358882606836,0.000307641117393162
0.0,1.618776943916652e-05,-1.618776943916652e-05
0.0,1.1502421226249672e-05,-1.1502421226249672e-05
0.03,0.029539833825309048,0.00046016617469095064
0.0,1.7164930455665895e-05,-1.7164930455665895e-05
0.0,1.6799757532185915e-05,-1.6799757532185915e-05
0.02,0.01984074428506043,0.00015925571493956986
0.0,8.272442426963119e-06,-8.272442426963119e-06
0.03,0.030047251234523297,-4.725123452329824e-05
0.03,0.030016154642689162,-1.6154642689163168e-05
0.05,0.050092039129018856,-9.203912901885325e-05
0.0,1.7164930455665895e-05,-1.7164930455665895e-05
0.0,1.618776943916652e-05,-1.618776943916652e-05
0.02,0.020025473933468436,-2.5473933468436044e-05
0.0,1.6799757532185915e-05,-1.6799757532185915e-05
0.0,1.1502421226249672e-05,-1.1502421226249672e-05
0.0,1.7164930455665895e-05,-1.7164930455665895e-05
0.0,1.618776943916652e-05,-1.618776943916652e-05
0.01,0.01013786709450599,-0.0001378670945059897
0.03,0.03004209910327204,-4.209910327204053e-05
0.06,0.060436151430940076,-0.00043615143094007797
0.05,0.05006272585451199,-6.272585451198853e-05
0.0,1.618776943916652e-05,-1.618776943916652e-05
0.0,1.618776943916652e-05,-1.618776943916652e-05
0.03,0.029961250546227072,3.87494537729266e-05
0.0,1.7164930455665895e-05,-1.7164930455665895e-05
0.0,1.7164930455665895e-05,-1.7164930455665895e-05
0.01,0.009979213141571729,2.0786858428271243e-05
0.04,0.03976624538705022,0.0002337546129497839
0.0,1.6799757532185915e-05,-1.6799757532185915e-05
0.02,0.020007186858973305,-7.186858973304983e-06
0.0,1.6799757532185915e-05,-1.6799757532185915e-05
0.05,0.05012937102507003,-0.00012937102507002557
0.0,1.6799757532185915e-05,-1.6799757532185915e-05
0.02,0.020007186858973305,-7.186858973304983e-06
0.01,0.009993929438590902,6.07056140909841e-06
0.0,1.7164930455665895e-05,-1.7164930455665895e-05
0.0,1.1502421226249672e-05,-1.1502421226249672e-05
0.0,1.7164930455665895e-05,-1.7164930455665895e-05
0.0,7.295281410463746e-06,-7.295281410463746e-06
0.02,0.020007186858973305,-7.186858973304983e-06
0.05,0.05007566338668885,-7.566338668884426e-05
0.0,1.618776943916652e-05,-1.618776943916652e-05
0.03,0.029967286740882577,3.271325911742215e-05
0.02,0.01940381838758782,0.0005961816124121812
0.0,1.7164930455665895e-05,-1.7164930455665895e-05
0.02,0.01983437961489329,0.00016562038510671215
0.0,1.7164930455665895e-05,-1.7164930455665895e-05
0.03,0.029967286740882577,3.271325911742215e-05
0.03,0.029966351292252943,3.364870774705611e-05
0.0,1.7164930455665895e-05,-1.7164930455665895e-05
0.03,0.030047251234523297,-4.725123452329824e-05
0.0,1.7164930455665895e-05,-1.7164930455665895e-05
0.02,0.020076417955365806,-7.641795536580606e-05
0.02,0.02003183860363558,-3.183860363557833e-05
0.0,-2.230512312274024e-06,2.230512312274024e-06
0.03,0.029539833825309048,0.00046016617469095064
0.02,0.01984074428506043,0.00015925571493956986
0.0,1.618776943916652e-05,-1.618776943916652e-05
0.02,0.020025473933468436,-2.5473933468436044e-05
0.02,0.020007186858973305,-7.186858973304983e-06
0.03,0.02955371177555448,0.0004462882244455173
0.03,0.029950714629272835,4.928537072716385e-05
0.02,0.01983437961489329,0.00016562038510671215
0.04,0.03975989352745681,0.00024010647254318895
0.0,1.7164930455665895e-05,-1.7164930455665895e-05
0.03,0.029967286740882577,3.271325911742215e-05
0.02,0.020013551529140448,-1.3551529140447272e-05
0.03,0.0299413422802997,5.865771970029951e-05
0.0,1.6799757532185915e-05,-1.6799757532185915e-05
0.0,7.295281410463746e-06,-7.295281410463746e-06
0.0,1.618776943916652e-05,-1.618776943916652e-05
0.0,1.7164930455665895e-05,-1.7164930455665895e-05
0.03,0.03004209910327204,-4.209910327204053e-05
0.0,1.7164930455665895e-05,-1.7164930455665895e-05
0.0,1.7164930455665895e-05,-1.7164930455665895e-05
0.0,8.272442426963119e-06,-8.272442426963119e-06
0.0,1.7164930455665895e-05,-1.7164930455665895e-05
0.03,0.029596479420827753,0.00040352057917224585
0.0,1.7164930455665895e-05,-1.7164930455665895e-05
0.04,0.03989761503416475,0.00010238496583524909
0.06,0.06014731226457841,-0.0001473122645784114
0.0,1.618776943916652e-05,-1.618776943916652e-05
0.0,1.7164930455665895e-05,-1.7164930455665895e-05
0.0,8.272442426963119e-06,-8.272442426963119e-06
0.0,1.7164930455665895e-05,-1.7164930455665895e-05
0.0,1.7164930455665895e-05,-1.7164930455665895e-05
0.0,1.7164930455665895e-05,-1.7164930455665895e-05
0.02,0.020013551529140448,-1.3551529140447272e-05
0.0,7.295281410463746e-06,-7.295281410463746e-06
0.05,0.050133963303500395,-0.00013396330350039232
0.0,1.7164930455665895e-05,-1.7164930455665895e-05
0.04,0.039685081165067346,0.0003149188349326551
0.0,1.1502421226249672e-05,-1.1502421226249672e-05
0.02,0.019573063338826895,0.00042693666117310514
0.02,0.01983437961489329,0.00016562038510671215
0.03,0.029967286740882577,3.271325911742215e-05
0.05,0.05006272585451199,-6.272585451198853e-05
0.0,-2.230512312274024e-06,2.230512312274024e-06
0.02,0.019935086629780583,6.49133702194174e-05
0.0,7.295281410463746e-06,-7.295281410463746e-06
0.0,1.618776943916652e-05,-1.618776943916652e-05
0.03,0.029967286740882577,3.271325911742215e-05
0.01,0.009981546794356352,1.8453205643647816e-05
0.0,1.618776943916652e-05,-1.618776943916652e-05
0.0,1.6799757532185915e-05,-1.6799757532185915e-05
0.02,0.020013551529140448,-1.3551529140447272e-05
0.04,0.0392729513249184,0.0007270486750816027
0.03,0.029967286740882577,3.271325911742215e-05
0.0,1.6799757532185915e-05,-1.6799757532185915e-05
0.03,0.030036517837275078,-3.651783727507893e-05
0.03,0.029972438872133834,2.7561127866164437e-05
0.04,0.03977258287504232,0.00022741712495768368
0.02,0.01984074428506043,0.00015925571493956986
0.0,1.7164930455665895e-05,-1.7164930455665895e-05
0.0,1.7164930455665895e-05,-1.7164930455665895e-05
0.0,1.1502421226249672e-05,-1.1502421226249672e-05
0.03,0.029967286740882577,3.271325911742215e-05
0.0,1.7164930455665895e-05,-1.7164930455665895e-05
0.03,0.03004209910327204,-4.209910327204053e-05
0.0,1.7164930455665895e-05,-1.7164930455665895e-05
0.02,0.01994674863625366,5.325136374633929e-05
0.0,1.7164930455665895e-05,-1.7164930455665895e-05
0.0,1.7164930455665895e-05,-1.7164930455665895e-05
0.02,0.020025473933468436,-2.5473933468436044e-05
0.02,0.020007186858973305,-7.186858973304983e-06
0.05,0.05017129519955157,-0.00017129519955156464
0.0,1.618776943916652e-05,-1.618776943916652e-05
0.0,1.618776943916652e-05,-1.618776943916652e-05
0.0,1.6799757532185915e-05,-1.6799757532185915e-05
0.03,0.029695922277134804,0.0003040777228651946
0.0,1.618776943916652e-05,-1.618776943916652e-05
0.0,8.272442426963119e-06,-8.272442426963119e-06
0.0,1.7164930455665895e-05,-1.7164930455665895e-05
0.0,-2.230512312274024e-06,2.230512312274024e-06
0.02,0.01984074428506043,0.00015925571493956986
0.01,0.009983741758105525,1.6258241894474834e-05
0.01,0.010127679414020613,-0.00012767941402061327
0.04,0.03989761503416475,0.00010238496583524909
0.01,0.009965037465996205,3.496253400379554e-05
0.06,0.04863156363698289,0.011368436363017105
0.02,0.01994674863625366,5.325136374633929e-05
0.02,0.01983437961489329,0.00016562038510671215
0.03,0.029967286740882577,3.271325911742215e-05
0.03,0.029956295895269797,4.3704104730202253e-05
0.02,0.01984074428506043,0.00015925571493956986
0.0,1.7164930455665895e-05,-1.7164930455665895e-05
0.0,1.7164930455665895e-05,-1.7164930455665895e-05
0.0,1.7164930455665895e-05,-1.7164930455665895e-05
0.0,8.272442426963119e-06,-8.272442426963119e-06
0.04,0.03849752111845691,0.00150247888154309
0.0,1.7164930455665895e-05,-1.7164930455665895e-05
0.0,1.7164930455665895e-05,-1.7164930455665895e-05
0.02,0.020007186858973305,-7.186858973304983e-06
0.0,1.7164930455665895e-05,-1.7164930455665895e-05
0.0,1.618776943916652e-05,-1.618776943916652e-05
0.04,0.039497112986999525,0.0005028870130004762
0.0,1.1502421226249672e-05,-1.1502421226249672e-05
0.03,0.029967286740882577,3.271325911742215e-05
0.04,0.039560022131318,0.00043997786868200245
0.01,0.010127679414020613,-0.00012767941402061327
0.0,1.7164930455665895e-05,-1.7164930455665895e-05
0.02,0.01984074428506043,0.00015925571493956986
0.0,-2.230512312274024e-06,2.230512312274024e-06
0.04,0.03972241306111852,0.0002775869388814828
0.0,1.6799757532185915e-05,-1.6799757532185915e-05
0.0,1.7164930455665895e-05,-1.7164930455665895e-05
0.0,7.295281410463746e-06,-7.295281410463746e-06
0.0,1.7164930455665895e-05,-1.7164930455665895e-05
0.0,1.618776943916652e-05,-1.618776943916652e-05
0.02,0.019797559752589792,0.00020244024741020855
0.04,0.038236485383235035,0.0017635146167649662
0.0,1.618776943916652e-05,-1.618776943916652e-05
0.0,8.272442426963119e-06,-8.272442426963119e-06
0.05,0.050133963303500395,-0.00013396330350039232
0.0,1.7164930455665895e-05,-1.7164930455665895e-05
0.02,0.020076417955365806,-7.641795536580606e-05
0.0,1.7164930455665895e-05,-1.7164930455665895e-05
0.01,0.010062919492857115,-6.291949285711432e-05
0.0,8.272442426963119e-06,-8.272442426963119e-06
0.0,1.618776943916652e-05,-1.618776943916652e-05
0.0,1.618776943916652e-05,-1.618776943916652e-05
0.02,0.01983437961489329,0.00016562038510671215
0.03,0.02988102860422179,0.00011897139577820778
0.01,0.009951587487900447,4.841251209955315e-05
0.0,1.1502421226249672e-05,-1.1502421226249672e-05
0.03,0.029967286740882577,3.271325911742215e-05
0.04,0.039881630466869704,0.00011836953313029697
0.0,1.7164930455665895e-05,-1.7164930455665895e-05
0.0,7.295281410463746e-06,-7.295281410463746e-06
0.0,1.7164930455665895e-05,-1.7164930455665895e-05
0.0,1.7164930455665895e-05,-1.7164930455665895e-05
0.0,1.7164930455665895e-05,-1.7164930455665895e-05
0.0,1.7164930455665895e-05,-1.7164930455665895e-05
0.03,0.030058474845602055,-5.847484560205646e-05
0.02,0.01984074428506043,0.00015925571493956986
0.0,1.7164930455665895e-05,-1.7164930455665895e-05
0.0,8.272442426963119e-06,-8.272442426963119e-06
0.0,1.1502421226249672e-05,-1.1502421226249672e-05
0.0,1.1502421226249672e-05,-1.1502421226249672e-05
0.06,0.06021071616248875,-0.0002107161624887513
0.0,1.6799757532185915e-05,-1.6799757532185915e-05
0.02,0.020001605592976344,-1.605592976343384e-06
0.05,0.05006272585451199,-6.272585451198853e-05
0.04,0.03958915149921881,0.00041084850078119267
0.0,1.7164930455665895e-05,-1.7164930455665895e-05
0.03,0.030052893579605094,-5.289357960509486e-05
0.01,0.010076645467616165,-7.664546761616473e-05
0.01,0.009976656450176912,2.3343549823088422e-05
0.0,1.1502421226249672e-05,-1.1502421226249672e-05
0.0,1.7164930455665895e-05,-1.7164930455665895e-05
0.0,-2.230512312274024e-06,2.230512312274024e-06
0.03,0.029967286740882577,3.271325911742215e-05
0.0,1.7164930455665895e-05,-1.7164930455665895e-05
0.02,0.01984074428506043,0.00015925571493956986
0.0,1.1502421226249672e-05,-1.1502421226249672e-05
0.0,1.1502421226249672e-05,-1.1502421226249672e-05
0.02,0.020007186858973305,-7.186858973304983e-06
0.0,1.7164930455665895e-05,-1.7164930455665895e-05
0.03,0.029967286740882577,3.271325911742215e-05
0.01,0.009993929438590902,6.07056140909841e-06
0.0,1.1502421226249672e-05,-1.1502421226249672e-05
0.0,1.7164930455665895e-05,-1.7164930455665895e-05
0.0,1.7164930455665895e-05,-1.7164930455665895e-05
0.0,1.7164930455665895e-05,-1.7164930455665895e-05
0.0,1.7164930455665895e-05,-1.7164930455665895e-05
0.0,1.7164930455665895e-05,-1.7164930455665895e-05
0.0,1.1502421226249672e-05,-1.1502421226249672e-05
0.0,1.618776943916652e-05,-1.618776943916652e-05
0.03,0.029961705474885615,3.829452511438375e-05
0.0,1.618776943916652e-05,-1.618776943916652e-05
0.0,1.1502421226249672e-05,-1.1502421226249672e-05
0.0,1.7164930455665895e-05,-1.7164930455665895e-05
0.0,1.7164930455665895e-05,-1.7164930455665895e-05
0.0,1.7164930455665895e-05,-1.7164930455665895e-05
0.0,1.1502421226249672e-05,-1.1502421226249672e-05
0.02,0.020001605592976344,-1.605592976343384e-06
0.03,0.029544985956560306,0.00045501404343969293
0.0,1.1502421226249672e-05,-1.1502421226249672e-05
0.03,0.029966831812224034,3.3168187775965e-05
0.0,1.6799757532185915e-05,-1.6799757532185915e-05
0.02,0.01983437961489329,0.00016562038510671215
0.03,0.030036517837275078,-3.651783727507893e-05
0.02,0.020007186858973305,-7.186858973304983e-06
0.0,1.7164930455665895e-05,-1.7164930455665895e-05
0.0,1.7164930455665895e-05,-1.7164930455665895e-05
0.02,0.019983898536805336,1.6101463194664184e-05
0.0,1.7164930455665895e-05,-1.7164930455665895e-05
0.02,0.01994674863625366,5.325136374633929e-05
0.0,1.7164930455665895e-05,-1.7164930455665895e-05
0.02,0.019797559752589792,0.00020244024741020855
0.0,1.7164930455665895e-05,-1.7164930455665895e-05
0.0,1.1502421226249672e-05,-1.1502421226249672e-05
0.0,1.1502421226249672e-05,-1.1502421226249672e-05
0.0,1.7164930455665895e-05,-1.7164930455665895e-05
0.02,0.020013551529140448,-1.3551529140447272e-05
0.0,1.7164930455665895e-05,-1.7164930455665895e-05
0.02,0.020001605592976344,-1.605592976343384e-06
0.02,0.01984074428506043,0.00015925571493956986
0.03,0.03004209910327204,-4.209910327204053e-05
0.04,0.03989761503416475,0.00010238496583524909
0.0,1.618776943916652e-05,-1.618776943916652e-05
0.0,8.272442426963119e-06,-8.272442426963119e-06
0.0,1.7164930455665895e-05,-1.7164930455665895e-05
0.0,1.618776943916652e-05,-1.618776943916652e-05
0.0,1.1502421226249672e-05,-1.1502421226249672e-05
0.0,1.1502421226249672e-05,-1.1502421226249672e-05
0.03,0.03004209910327204,-4.209910327204053e-05
0.0,1.6799757532185915e-05,-1.6799757532185915e-05
0.02,0.0201002862958579,-0.00010028629585789872
0.0,1.7164930455665895e-05,-1.7164930455665895e-05
0.0,1.7164930455665895e-05,-1.7164930455665895e-05
0.0,1.7164930455665895e-05,-1.7164930455665895e-05
0.0,7.295281410463746e-06,-7.295281410463746e-06
0.02,0.020001605592976344,-1.605592976343384e-06
0.0,1.7164930455665895e-05,-1.7164930455665895e-05
0.0,1.7164930455665895e-05,-1.7164930455665895e-05
0.0,1.7164930455665895e-05,-1.7164930455665895e-05
0.02,0.01994038396608652,5.961603391348158e-05
0.03,0.029875902266883372,0.00012409773311662653
0.02,0.020025473933468436,-2.5473933468436044e-05
0.0,1.1502421226249672e-05,-1.1502421226249672e-05
0.0,1.7164930455665895e-05,-1.7164930455665895e-05
0.03,0.029972438872133834,2.7561127866164437e-05
0.0,1.7164930455665895e-05,-1.7164930455665895e-05
0.03,0.02988102860422179,0.00011897139577820778
0.0,1.1502421226249672e-05,-1.1502421226249672e-05
0.0,1.7164930455665895e-05,-1.7164930455665895e-05
0.02,0.020013551529140448,-1.3551529140447272e-05
0.0,1.7164930455665895e-05,-1.7164930455665895e-05
0.0,1.1502421226249672e-05,-1.1502421226249672e-05
0.02,0.020094705029860938,-9.470502986093712e-05
0.0,1.7164930455665895e-05,-1.7164930455665895e-05
0.0,1.618776943916652e-05,-1.618776943916652e-05
0.0,1.7164930455665895e-05,-1.7164930455665895e-05
0.05,0.05012102577132354,-0.00012102577132353659
0.0,1.1502421226249672e-05,-1.1502421226249672e-05
0.0,1.7164930455665895e-05,-1.7164930455665895e-05
0.01,0.009968232092064532,3.176790793546838e-05
0.0,1.618776943916652e-05,-1.618776943916652e-05
0.0,1.7164930455665895e-05,-1.7164930455665895e-05
0.0,1.618776943916652e-05,-1.618776943916652e-05
0.05,0.05006272585451199,-6.272585451198853e-05
0.0,1.7164930455665895e-05,-1.7164930455665895e-05
0.03,0.029967286740882577,3.271325911742215e-05
0.0,7.295281410463746e-06,-7.295281410463746e-06
0.0,1.1502421226249672e-05,-1.1502421226249672e-05
0.0,1.1502421226249672e-05,-1.1502421226249672e-05
0.0,9.996368910308887e-05,-9.996368910308887e-05
0.0,1.618776943916652e-05,-1.618776943916652e-05
0.0,7.295281410463746e-06,-7.295281410463746e-06
0.0,1.618776943916652e-05,-1.618776943916652e-05
0.0,1.618776943916652e-05,-1.618776943916652e-05
0.0,1.7164930455665895e-05,-1.7164930455665895e-05
0.03,0.02989201944983457,0.00010798055016542768
0.03,0.030036415653500025,-3.6415653500026374e-05
0.0,1.6799757532185915e-05,-1.6799757532185915e-05
0.02,0.02010665096602504,-0.00010665096602504101
0.03,0.029881483532880334,0.00011851646711966493
0.0,1.7164930455665895e-05,-1.7164930455665895e-05
0.0,1.7164930455665895e-05,-1.7164930455665895e-05
0.0,1.1502421226249672e-05,-1.1502421226249672e-05
0.0,1.6799757532185915e-05,-1.6799757532185915e-05
0.0,1.7164930455665895e-05,-1.7164930455665895e-05
0.02,0.01994674863625366,5.325136374633929e-05
0.0,1.7164930455665895e-05,-1.7164930455665895e-05
0.0,1.1502421226249672e-05,-1.1502421226249672e-05
0.02,0.020001605592976344,-1.605592976343384e-06
0.0,-2.230512312274024e-06,2.230512312274024e-06
0.0,8.272442426963119e-06,-8.272442426963119e-06
0.0,1.618776943916652e-05,-1.618776943916652e-05
0.03,0.02988643818383761,0.00011356181616238928
0.03,0.029967286740882577,3.271325911742215e-05
0.02,0.019934802700089557,6.519729991044318e-05
0.0,1.7164930455665895e-05,-1.7164930455665895e-05
0.03,0.02988643818383761,0.00011356181616238928
0.0,1.7164930455665895e-05,-1.7164930455665895e-05
0.01,0.009729105165261091,0.0002708948347389089
0.0,1.1502421226249672e-05,-1.1502421226249672e-05
0.0,1.618776943916652e-05,-1.618776943916652e-05
0.03,0.029967286740882577,3.271325911742215e-05
0.02,0.020013551529140448,-1.3551529140447272e-05
0.02,0.01984074428506043,0.00015925571493956986
0.03,0.03004209910327204,-4.209910327204053e-05
0.0,1.618776943916652e-05,-1.618776943916652e-05
0.0,1.7164930455665895e-05,-1.7164930455665895e-05
0.02,0.01984074428506043,0.00015925571493956986
0.0,1.7164930455665895e-05,-1.7164930455665895e-05
0.0,1.618776943916652e-05,-1.618776943916652e-05
0.0,1.7164930455665895e-05,-1.7164930455665895e-05
0.04,0.039797225423507984,0.00020277457649201663
0.0,1.7164930455665895e-05,-1.7164930455665895e-05
0.0,1.7164930455665895e-05,-1.7164930455665895e-05
0.04,0.03972241306111852,0.0002775869388814828
0.0,1.7164930455665895e-05,-1.7164930455665895e-05
0.0,1.7164930455665895e-05,-1.7164930455665895e-05
0.0,1.7164930455665895e-05,-1.7164930455665895e-05
0.02,0.02010665096602504,-0.00010665096602504101
0.0,1.7164930455665895e-05,-1.7164930455665895e-05
0.0,1.7164930455665895e-05,-1.7164930455665895e-05
0.0,1.618776943916652e-05,-1.618776943916652e-05
0.0,1.6799757532185915e-05,-1.6799757532185915e-05
0.01,0.009976656450176912,2.3343549823088422e-05
0.06,0.06019559953481947,-0.00019559953481947112
0.03,0.03004209910327204,-4.209910327204053e-05
0.05,0.050133963303500395,-0.00013396330350039232
0.0,1.1502421226249672e-05,-1.1502421226249672e-05
0.0,1.1502421226249672e-05,-1.1502421226249672e-05
0.0,8.272442426963119e-06,-8.272442426963119e-06
0.0,1.1502421226249672e-05,-1.1502421226249672e-05
0.02,0.020025473933468436,-2.5473933468436044e-05
0.05,0.04894982466600401,0.001050175333995991
0.0,1.7164930455665895e-05,-1.7164930455665895e-05
0.0,1.7164930455665895e-05,-1.7164930455665895e-05
0.0,1.7164930455665895e-05,-1.7164930455665895e-05
0.0,8.272442426963119e-06,-8.272442426963119e-06
0.05,0.0500513008463294,-5.1300846329399574e-05
0.0,1.7164930455665895e-05,-1.7164930455665895e-05
0.0,1.1502421226249672e-05,-1.1502421226249672e-05
0.02,0.01983437961489329,0.00016562038510671215
0.0,1.7164930455665895e-05,-1.7164930455665895e-05
0.02,0.01979119508242265,0.00020880491757735084
0.0,1.6799757532185915e-05,-1.6799757532185915e-05
0.0,1.618776943916652e-05,-1.618776943916652e-05
0.01,0.009993929438590902,6.07056140909841e-06
0.0,1.1502421226249672e-05,-1.1502421226249672e-05
0.06,0.05934289970413138,0.0006571002958686151
0.02,0.020001605592976344,-1.605592976343384e-06
0.0,1.1502421226249672e-05,-1.1502421226249672e-05
0.03,0.029967286740882577,3.271325911742215e-05
0.0,1.7164930455665895e-05,-1.7164930455665895e-05
0.0,1.7164930455665895e-05,-1.7164930455665895e-05
0.03,0.029875902266883372,0.00012409773311662653
0.0,1.7164930455665895e-05,-1.7164930455665895e-05
0.0,1.618776943916652e-05,-1.618776943916652e-05
0.0,1.7164930455665895e-05,-1.7164930455665895e-05
0.0,1.618776943916652e-05,-1.618776943916652e-05
0.0,8.272442426963119e-06,-8.272442426963119e-06
0.0,1.7164930455665895e-05,-1.7164930455665895e-05
0.0,1.618776943916652e-05,-1.618776943916652e-05
0.0,1.7164930455665895e-05,-1.7164930455665895e-05
0.0,1.7164930455665895e-05,-1.7164930455665895e-05
0.0,1.618776943916652e-05,-1.618776943916652e-05
0.04,0.039497112986999525,0.0005028870130004762
0.0,1.1502421226249672e-05,-1.1502421226249672e-05
0.0,1.7164930455665895e-05,-1.7164930455665895e-05
0.0,1.7164930455665895e-05,-1.7164930455665895e-05
0.0,1.1502421226249672e-05,-1.1502421226249672e-05
0.0,1.7164930455665895e-05,-1.7164930455665895e-05
0.0,1.7164930455665895e-05,-1.7164930455665895e-05
0.02,0.01983437961489329,0.00016562038510671215
0.02,0.01942879509635272,0.0005712049036472808
0.0,1.7164930455665895e-05,-1.7164930455665895e-05
0.01,0.009993929438590902,6.07056140909841e-06
0.0,1.1502421226249672e-05,-1.1502421226249672e-05
0.0,1.7164930455665895e-05,-1.7164930455665895e-05
0.0,1.1502421226249672e-05,-1.1502421226249672e-05
0.0,1.618776943916652e-05,-1.618776943916652e-05
0.0,8.272442426963119e-06,-8.272442426963119e-06
0.0,1.6799757532185915e-05,-1.6799757532185915e-05
0.02,0.020013551529140448,-1.3551529140447272e-05
0.0,1.6799757532185915e-05,-1.6799757532185915e-05
0.0,1.7164930455665895e-05,-1.7164930455665895e-05
0.04,0.03975989352745681,0.00024010647254318895
0.0,-2.230512312274024e-06,2.230512312274024e-06
0.0,1.7164930455665895e-05,-1.7164930455665895e-05
0.0,1.1502421226249672e-05,-1.1502421226249672e-05
0.0,1.7164930455665895e-05,-1.7164930455665895e-05
0.02,0.020013551529140448,-1.3551529140447272e-05
0.0,1.618776943916652e-05,-1.618776943916652e-05
0.0,1.7164930455665895e-05,-1.7164930455665895e-05
0.04,0.03972687300592675,0.0002731269940732528
0.01,0.010000294108758046,-2.9410875804561365e-07
0.0,1.7164930455665895e-05,-1.7164930455665895e-05
0.0,1.6799757532185915e-05,-1.6799757532185915e-05
0.06,0.05990133210078896,9.866789921103569e-05
0.01,0.010000294108758046,-2.9410875804561365e-07
0.05,0.050133963303500395,-0.00013396330350039232
0.0,1.6799757532185915e-05,-1.6799757532185915e-05
0.04,0.039685081165067346,0.0003149188349326551
0.0,1.7164930455665895e-05,-1.7164930455665895e-05
0.02,0.02000188952266737,-1.8895226673691645e-06
0.02,0.01981576757629553,0.00018423242370447027
0.03,0.03004209910327204,-4.209910327204053e-05
0.0,1.6799757532185915e-05,-1.6799757532185915e-05
0.0,1.7164930455665895e-05,-1.7164930455665895e-05
0.0,-2.230512312274024e-06,2.230512312274024e-06
0.03,0.029961705474885615,3.829452511438375e-05
0.0,1.618776943916652e-05,-1.618776943916652e-05
0.0,1.7164930455665895e-05,-1.7164930455665895e-05
0.0,1.7164930455665895e-05,-1.7164930455665895e-05
0.0,1.7164930455665895e-05,-1.7164930455665895e-05
0.0,1.6799757532185915e-05,-1.6799757532185915e-05
0.03,0.029950714629272835,4.928537072716385e-05
0.03,0.030047251234523297,-4.725123452329824e-05
0.05,0.04845031795261497,0.00154968204738503
0.0,7.907269503483138e-06,-7.907269503483138e-06
0.0,1.7164930455665895e-05,-1.7164930455665895e-05
0.03,0.029961705474885615,3.829452511438375e-05
0.0,1.618776943916652e-05,-1.618776943916652e-05
0.03,0.029942310032117676,5.768996788232256e-05
0.01,0.010066457787130789,-6.64577871307883e-05
0.0,1.7164930455665895e-05,-1.7164930455665895e-05
0.0,1.7164930455665895e-05,-1.7164930455665895e-05
0.02,0.01984074428506043,0.00015925571493956986
0.0,2.6099331975468947e-06,-2.6099331975468947e-06
0.0,1.6799757532185915e-05,-1.6799757532185915e-05
0.0,1.7164930455665895e-05,-1.7164930455665895e-05
0.0,1.7164930455665895e-05,-1.7164930455665895e-05
0.01,0.009983741758105525,1.6258241894474834e-05
0.03,0.02989201944983457,0.00010798055016542768
0.03,0.029950714629272835,4.928537072716385e-05
0.02,0.020013551529140448,-1.3551529140447272e-05
0.0,1.7164930455665895e-05,-1.7164930455665895e-05
0.0,1.7164930455665895e-05,-1.7164930455665895e-05
0.02,0.020007186858973305,-7.186858973304983e-06
0.0,1.7164930455665895e-05,-1.7164930455665895e-05
0.03,0.029862218352783645,0.00013778164721635344
0.03,0.03004209910327204,-4.209910327204053e-05
0.02,0.020007186858973305,-7.186858973304983e-06
0.02,0.019785897746116714,0.00021410225388328666
0.0,1.618776943916652e-05,-1.618776943916652e-05
0.0,1.1502421226249672e-05,-1.1502421226249672e-05
0.02,0.020007186858973305,-7.186858973304983e-06
0.0,1.618776943916652e-05,-1.618776943916652e-05
0.01,0.010076645467616165,-7.664546761616473e-05
0.06,0.059647867373918945,0.0003521326260810531
0.0,2.6099331975468947e-06,-2.6099331975468947e-06
0.0,1.7164930455665895e-05,-1.7164930455665895e-05
0.02,0.01983437961489329,0.00016562038510671215
0.03,0.029967286740882577,3.271325911742215e-05
0.02,0.020001605592976344,-1.605592976343384e-06
0.0,-2.230512312274024e-06,2.230512312274024e-06
0.04,0.039921385415175814,7.861458482418676e-05
0.02,0.020013551529140448,-1.3551529140447272e-05
0.0,1.7164930455665895e-05,-1.7164930455665895e-05
0.0,1.6799757532185915e-05,-1.6799757532185915e-05
0.0,1.7164930455665895e-05,-1.7164930455665895e-05
0.0,8.272442426963119e-06,-8.272442426963119e-06
0.0,1.7164930455665895e-05,-1.7164930455665895e-05
0.0,1.7164930455665895e-05,-1.7164930455665895e-05
0.04,0.03989761503416475,0.00010238496583524909
0.0,1.7164930455665895e-05,-1.7164930455665895e-05
0.0,1.7164930455665895e-05,-1.7164930455665895e-05
0.0,1.618776943916652e-05,-1.618776943916652e-05
0.0,1.7164930455665895e-05,-1.7164930455665895e-05
0.0,1.618776943916652e-05,-1.618776943916652e-05
0.0,1.7164930455665895e-05,-1.7164930455665895e-05
0.02,0.020007186858973305,-7.186858973304983e-06
0.0,7.295281410463746e-06,-7.295281410463746e-06
0.0,1.7164930455665895e-05,-1.7164930455665895e-05
0.0,8.272442426963119e-06,-8.272442426963119e-06
0.03,0.029881483532880334,0.00011851646711966493
0.0,1.618776943916652e-05,-1.618776943916652e-05
0.02,0.020007186858973305,-7.186858973304983e-06
0.0,1.6799757532185915e-05,-1.6799757532185915e-05
0.0,1.6799757532185915e-05,-1.6799757532185915e-05
0.0,1.7164930455665895e-05,-1.7164930455665895e-05
0.0,1.7164930455665895e-05,-1.7164930455665895e-05
0.0,1.6799757532185915e-05,-1.6799757532185915e-05
0.02,0.020013551529140448,-1.3551529140447272e-05
0.0,1.6799757532185915e-05,-1.6799757532185915e-05
0.03,0.030016154642689162,-1.6154642689163168e-05
0.0,1.1502421226249672e-05,-1.1502421226249672e-05
0.0,1.618776943916652e-05,-1.618776943916652e-05
0.0,7.295281410463746e-06,-7.295281410463746e-06
0.0,1.7164930455665895e-05,-1.7164930455665895e-05
0.0,8.272442426963119e-06,-8.272442426963119e-06
0.02,0.020001605592976344,-1.605592976343384e-06
0.0,1.618776943916652e-05,-1.618776943916652e-05
0.0,1.7164930455665895e-05,-1.7164930455665895e-05
0.04,0.03975989352745681,0.00024010647254318895
0.02,0.020081999221362768,-8.199922136276766e-05
0.03,0.029967286740882577,3.271325911742215e-05
0.02,0.019797559752589792,0.00020244024741020855
0.02,0.020007186858973305,-7.186858973304983e-06
0.0,1.1502421226249672e-05,-1.1502421226249672e-05
0.0,1.1502421226249672e-05,-1.1502421226249672e-05
0.0,1.7164930455665895e-05,-1.7164930455665895e-05
0.0,8.272442426963119e-06,-8.272442426963119e-06
0.0,1.7164930455665895e-05,-1.7164930455665895e-05
0.0,1.6799757532185915e-05,-1.6799757532185915e-05
0.06,0.05968650983507883,0.0003134901649211666
0.03,0.02988643818383761,0.00011356181616238928
0.0,1.7164930455665895e-05,-1.7164930455665895e-05
0.0,1.1502421226249672e-05,-1.1502421226249672e-05
0.0,1.7164930455665895e-05,-1.7164930455665895e-05
0.0,1.7164930455665895e-05,-1.7164930455665895e-05
0.01,0.010084129226369743,-8.412922636974289e-05
0.02,0.020007186858973305,-7.186858973304983e-06
0.0,1.1502421226249672e-05,-1.1502421226249672e-05
0.05,0.05007566338668885,-7.566338668884426e-05
0.02,0.019934802700089557,6.519729991044318e-05
0.0,1.7164930455665895e-05,-1.7164930455665895e-05
0.0,1.7164930455665895e-05,-1.7164930455665895e-05
0.0,1.7164930455665895e-05,-1.7164930455665895e-05
0.03,0.029881483532880334,0.00011851646711966493
0.0,1.7164930455665895e-05,-1.7164930455665895e-05
0.0,1.7164930455665895e-05,-1.7164930455665895e-05
0.0,1.7164930455665895e-05,-1.7164930455665895e-05
0.02,0.01979119508242265,0.00020880491757735084
0.0,1.7164930455665895e-05,-1.7164930455665895e-05
0.03,0.029967286740882577,3.271325911742215e-05
0.0,1.618776943916652e-05,-1.618776943916652e-05
0.0,1.1502421226249672e-05,-1.1502421226249672e-05
0.0,7.295281410463746e-06,-7.295281410463746e-06
0.0,1.7164930455665895e-05,-1.7164930455665895e-05
0.0,1.7164930455665895e-05,-1.7164930455665895e-05
0.02,0.020007186858973305,-7.186858973304983e-06
0.02,0.020076417955365806,-7.641795536580606e-05
0.0,1.1502421226249672e-05,-1.1502421226249672e-05
0.0,1.7164930455665895e-05,-1.7164930455665895e-05
0.0,1.7164930455665895e-05,-1.7164930455665895e-05
0.04,0.03951433913682934,0.0004856608631706588
0.02,0.019744760193927374,0.00025523980607262617
0.0,1.1502421226249672e-05,-1.1502421226249672e-05
0.0,1.7164930455665895e-05,-1.7164930455665895e-05
0.0,1.7164930455665895e-05,-1.7164930455665895e-05
0.04,0.039685081165067346,0.0003149188349326551
0.0,8.272442426963119e-06,-8.272442426963119e-06
0.0,1.7164930455665895e-05,-1.7164930455665895e-05
0.0,1.6799757532185915e-05,-1.6799757532185915e-05
0.0,7.295281410463746e-06,-7.295281410463746e-06
0.0,1.618776943916652e-05,-1.618776943916652e-05
0.04,0.039685081165067346,0.0003149188349326551
0.0,1.618776943916652e-05,-1.618776943916652e-05
0.02,0.01984074428506043,0.00015925571493956986
0.0,1.7164930455665895e-05,-1.7164930455665895e-05
0.0,1.7164930455665895e-05,-1.7164930455665895e-05
0.0,1.1502421226249672e-05,-1.1502421226249672e-05
0.0,1.7164930455665895e-05,-1.7164930455665895e-05
0.0,1.7164930455665895e-05,-1.7164930455665895e-05
0.0,-2.230512312274024e-06,2.230512312274024e-06
0.0,1.7164930455665895e-05,-1.7164930455665895e-05
0.05,0.04836461692838779,0.0016353830716122134
0.02,0.020013551529140448,-1.3551529140447272e-05
0.0,1.7164930455665895e-05,-1.7164930455665895e-05
0.0,1.1502421226249672e-05,-1.1502421226249672e-05
0.0,1.6799757532185915e-05,-1.6799757532185915e-05
0.02,0.020013551529140448,-1.3551529140447272e-05
0.0,1.7164930455665895e-05,-1.7164930455665895e-05
0.0,8.272442426963119e-06,-8.272442426963119e-06
0.0,1.6799757532185915e-05,-1.6799757532185915e-05
0.0,1.618776943916652e-05,-1.618776943916652e-05
0.0,7.295281410463746e-06,-7.295281410463746e-06
0.03,0.02989201944983457,0.00010798055016542768
0.0,1.7164930455665895e-05,-1.7164930455665895e-05
0.0,1.1502421226249672e-05,-1.1502421226249672e-05
0.02,0.019332811005219663,0.0006671889947803371
0.0,8.272442426963119e-06,-8.272442426963119e-06
0.0,1.7164930455665895e-05,-1.7164930455665895e-05
0.0,1.618776943916652e-05,-1.618776943916652e-05
0.0,1.1502421226249672e-05,-1.1502421226249672e-05
0.0,8.272442426963119e-06,-8.272442426963119e-06
0.0,1.618776943916652e-05,-1.618776943916652e-05
0.03,0.029881483532880334,0.00011851646711966493
0.0,1.6799757532185915e-05,-1.6799757532185915e-05
0.0,1.7164930455665895e-05,-1.7164930455665895e-05
0.0,1.1502421226249672e-05,-1.1502421226249672e-05
0.03,0.029539833825309048,0.00046016617469095064
0.0,1.1502421226249672e-05,-1.1502421226249672e-05
0.03,0.029539833825309048,0.00046016617469095064
0.0,1.7164930455665895e-05,-1.7164930455665895e-05
0.0,1.7164930455665895e-05,-1.7164930455665895e-05
0.0,1.7164930455665895e-05,-1.7164930455665895e-05
0.0,1.7164930455665895e-05,-1.7164930455665895e-05
0.0,1.1502421226249672e-05,-1.1502421226249672e-05
0.0,1.7164930455665895e-05,-1.7164930455665895e-05
0.02,0.01979119508242265,0.00020880491757735084
0.03,0.028988664723769302,0.0010113352762306967
0.0,7.295281410463746e-06,-7.295281410463746e-06
0.03,0.03004209910327204,-4.209910327204053e-05
0.03,0.029967286740882577,3.271325911742215e-05
0.02,0.01984074428506043,0.00015925571493956986
0.0,1.7164930455665895e-05,-1.7164930455665895e-05
0.0,1.7164930455665895e-05,-1.7164930455665895e-05
0.02,0.020013551529140448,-1.3551529140447272e-05
0.0,8.272442426963119e-06,-8.272442426963119e-06
0.01,0.009978160492108566,2.1839507891434698e-05
0.0,1.6799757532185915e-05,-1.6799757532185915e-05
0.02,0.020001605592976344,-1.605592976343384e-06
0.0,1.7164930455665895e-05,-1.7164930455665895e-05
0.02,0.020013551529140448,-1.3551529140447272e-05
0.0,1.618776943916652e-05,-1.618776943916652e-05
0.04,0.039938884620176106,6.111537982389503e-05
0.0,1.7164930455665895e-05,-1.7164930455665895e-05
0.0,1.618776943916652e-05,-1.618776943916652e-05
0.0,1.7164930455665895e-05,-1.7164930455665895e-05
0.02,0.01984074428506043,0.00015925571493956986
0.02,0.02000188952266737,-1.8895226673691645e-06
0.0,1.1502421226249672e-05,-1.1502421226249672e-05
0.0,-2.230512312274024e-06,2.230512312274024e-06
0.02,0.01983437961489329,0.00016562038510671215
0.04,0.03951433913682934,0.0004856608631706588
0.0,1.6799757532185915e-05,-1.6799757532185915e-05
0.03,0.029961705474885615,3.829452511438375e-05
0.04,0.03991399077649476,8.60092235052401e-05
0.02,0.020007186858973305,-7.186858973304983e-06
0.03,0.029961705474885615,3.829452511438375e-05
0.06,0.05986426611371244,0.00013573388628755623
0.05,0.050133963303500395,-0.00013396330350039232
0.0,1.1502421226249672e-05,-1.1502421226249672e-05
0.03,0.02976197435297074,0.00023802564702925938
0.02,0.020007186858973305,-7.186858973304983e-06
0.0,8.272442426963119e-06,-8.272442426963119e-06
0.0,1.6799757532185915e-05,-1.6799757532185915e-05
0.0,1.1502421226249672e-05,-1.1502421226249672e-05
0.0,1.7164930455665895e-05,-1.7164930455665895e-05
0.0,7.295281410463746e-06,-7.295281410463746e-06
0.03,0.02980621624183233,0.00019378375816767046
0.0,1.1502421226249672e-05,-1.1502421226249672e-05
0.0,1.618776943916652e-05,-1.618776943916652e-05
0.03,0.029539833825309048,0.00046016617469095064
0.03,0.030047251234523297,-4.725123452329824e-05
0.0,8.272442426963119e-06,-8.272442426963119e-06
0.0,1.7164930455665895e-05,-1.7164930455665895e-05
0.01,0.009943956498809888,5.6043501190112394e-05
0.0,1.618776943916652e-05,-1.618776943916652e-05
0.02,0.020076417955365806,-7.641795536580606e-05
0.03,0.02988643818383761,0.00011356181616238928
0.0,1.7164930455665895e-05,-1.7164930455665895e-05
0.02,0.01994038396608652,5.961603391348158e-05
0.0,1.6799757532185915e-05,-1.6799757532185915e-05
0.02,0.020007186858973305,-7.186858973304983e-06
0.02,0.01963748487112976,0.0003625151288702416
0.03,0.029875902266883372,0.00012409773311662653
0.02,0.01994674863625366,5.325136374633929e-05
0.0,1.1502421226249672e-05,-1.1502421226249672e-05
0.0,1.7164930455665895e-05,-1.7164930455665895e-05
0.05,0.05001396895027823,-1.3968950278227255e-05
0.05,0.050459337579070465,-0.00045933757907046235
0.0,1.7164930455665895e-05,-1.7164930455665895e-05
0.0,1.7164930455665895e-05,-1.7164930455665895e-05
0.03,0.03004209910327204,-4.209910327204053e-05
0.0,1.6799757532185915e-05,-1.6799757532185915e-05
0.0,1.7164930455665895e-05,-1.7164930455665895e-05
0.0,1.7164930455665895e-05,-1.7164930455665895e-05
0.02,0.019625538934965655,0.0003744610650343455
0.0,1.1502421226249672e-05,-1.1502421226249672e-05
0.0,1.7164930455665895e-05,-1.7164930455665895e-05
0.0,8.272442426963119e-06,-8.272442426963119e-06
0.0,1.7164930455665895e-05,-1.7164930455665895e-05
0.0,1.7164930455665895e-05,-1.7164930455665895e-05
0.0,1.7164930455665895e-05,-1.7164930455665895e-05
0.03,0.02987544733822483,0.00012455266177516938
0.05,0.05036954645517228,-0.0003695464551722802
0.05,0.04892857280211485,0.0010714271978851525
0.02,0.01984074428506043,0.00015925571493956986
0.0,1.7164930455665895e-05,-1.7164930455665895e-05
0.03,0.029837241644018745,0.00016275835598125385
0.0,1.618776943916652e-05,-1.618776943916652e-05
0.01,0.009993929438590902,6.07056140909841e-06
0.0,8.272442426963119e-06,-8.272442426963119e-06
0.04,0.039797225423507984,0.00020277457649201663
0.0,1.1502421226249672e-05,-1.1502421226249672e-05
0.04,0.039685081165067346,0.0003149188349326551
0.0,1.618776943916652e-05,-1.618776943916652e-05
0.0,1.6799757532185915e-05,-1.6799757532185915e-05
0.0,1.618776943916652e-05,-1.618776943916652e-05
0.0,1.7164930455665895e-05,-1.7164930455665895e-05
0.0,8.272442426963119e-06,-8.272442426963119e-06
0.0,1.7164930455665895e-05,-1.7164930455665895e-05
0.0,1.7164930455665895e-05,-1.7164930455665895e-05
0.03,0.030047251234523297,-4.725123452329824e-05
0.0,1.618776943916652e-05,-1.618776943916652e-05
0.03,0.029967286740882577,3.271325911742215e-05
0.0,1.7164930455665895e-05,-1.7164930455665895e-05
0.03,0.029967286740882577,3.271325911742215e-05
0.0,1.618776943916652e-05,-1.618776943916652e-05
0.03,0.029967286740882577,3.271325911742215e-05
0.0,1.618776943916652e-05,-1.618776943916652e-05
0.0,1.1502421226249672e-05,-1.1502421226249672e-05
0.0,1.7164930455665895e-05,-1.7164930455665895e-05
0.02,0.02003824474221566,-3.824474221566024e-05
0.0,1.7164930455665895e-05,-1.7164930455665895e-05
0.0,1.7164930455665895e-05,-1.7164930455665895e-05
0.0,8.272442426963119e-06,-8.272442426963119e-06
0.0,8.272442426963119e-06,-8.272442426963119e-06
0.0,1.7164930455665895e-05,-1.7164930455665895e-05
0.0,1.618776943916652e-05,-1.618776943916652e-05
0.02,0.01942879509635272,0.0005712049036472808
0.0,1.618776943916652e-05,-1.618776943916652e-05
0.0,1.618776943916652e-05,-1.618776943916652e-05
0.03,0.029967286740882577,3.271325911742215e-05
0.0,1.7164930455665895e-05,-1.7164930455665895e-05
0.0,1.1502421226249672e-05,-1.1502421226249672e-05
0.04,0.03975989352745681,0.00024010647254318895
0.0,1.7164930455665895e-05,-1.7164930455665895e-05
0.0,1.7164930455665895e-05,-1.7164930455665895e-05
0.0,1.7164930455665895e-05,-1.7164930455665895e-05
0.0,1.7164930455665895e-05,-1.7164930455665895e-05
0.0,1.7164930455665895e-05,-1.7164930455665895e-05
0.0,1.7164930455665895e-05,-1.7164930455665895e-05
0.04,0.03972241306111852,0.0002775869388814828
0.0,1.7164930455665895e-05,-1.7164930455665895e-05
0.0,1.618776943916652e-05,-1.618776943916652e-05
0.0,1.7164930455665895e-05,-1.7164930455665895e-05
0.0,1.1502421226249672e-05,-1.1502421226249672e-05
0.0,-2.230512312274024e-06,2.230512312274024e-06
0.0,1.7164930455665895e-05,-1.7164930455665895e-05
0.0,1.7164930455665895e-05,-1.7164930455665895e-05
0.03,0.029961705474885615,3.829452511438375e-05
0.0,1.618776943916652e-05,-1.618776943916652e-05
0.01,0.010127679414020613,-0.00012767941402061327
0.03,0.029967286740882577,3.271325911742215e-05
0.02,0.01984074428506043,0.00015925571493956986
0.04,0.03989761503416475,0.00010238496583524909
0.0,1.618776943916652e-05,-1.618776943916652e-05
0.02,0.01979119508242265,0.00020880491757735084
0.02,0.020007186858973305,-7.186858973304983e-06
0.0,1.618776943916652e-05,-1.618776943916652e-05
0.0,1.1502421226249672e-05,-1.1502421226249672e-05
0.03,0.029967286740882577,3.271325911742215e-05
0.0,1.7164930455665895e-05,-1.7164930455665895e-05
0.03,0.03004209910327204,-4.209910327204053e-05
0.0,1.7164930455665895e-05,-1.7164930455665895e-05
0.02,0.020007186858973305,-7.186858973304983e-06
0.03,0.029967286740882577,3.271325911742215e-05
0.0,1.1502421226249672e-05,-1.1502421226249672e-05
0.04,0.03975989352745681,0.00024010647254318895
0.02,0.019866007444812112,0.00013399255518788816
0.0,-2.230512312274024e-06,2.230512312274024e-06
0.0,1.7164930455665895e-05,-1.7164930455665895e-05
0.0,1.7164930455665895e-05,-1.7164930455665895e-05
0.04,0.03972241306111852,0.0002775869388814828
0.0,1.7164930455665895e-05,-1.7164930455665895e-05
0.02,0.020013551529140448,-1.3551529140447272e-05
0.0,1.1502421226249672e-05,-1.1502421226249672e-05
0.04,0.0387240594057056,0.0012759405942944016
0.02,0.020001605592976344,-1.605592976343384e-06
0.02,0.019785897746116714,0.00021410225388328666
0.0,1.618776943916652e-05,-1.618776943916652e-05
0.0,1.7164930455665895e-05,-1.7164930455665895e-05
0.04,0.03972687300592675,0.0002731269940732528
0.0,8.272442426963119e-06,-8.272442426963119e-06
0.0,7.295281410463746e-06,-7.295281410463746e-06
0.01,0.010000294108758046,-2.9410875804561365e-07
0.0,1.7164930455665895e-05,-1.7164930455665895e-05
0.0,1.6799757532185915e-05,-1.6799757532185915e-05
0.0,1.618776943916652e-05,-1.618776943916652e-05
0.0,1.1502421226249672e-05,-1.1502421226249672e-05
0.02,0.020007186858973305,-7.186858973304983e-06
0.0,1.1502421226249672e-05,-1.1502421226249672e-05
0.0,9.95985161796089e-05,-9.95985161796089e-05
0.0,2.6099331975468947e-06,-2.6099331975468947e-06
0.0,1.7164930455665895e-05,-1.7164930455665895e-05
0.0,1.7164930455665895e-05,-1.7164930455665895e-05
0.02,0.02003183860363558,-3.183860363557833e-05
0.02,0.020007186858973305,-7.186858973304983e-06
0.0,8.272442426963119e-06,-8.272442426963119e-06
0.0,1.1502421226249672e-05,-1.1502421226249672e-05
0.0,-2.230512312274024e-06,2.230512312274024e-06
0.0,8.272442426963119e-06,-8.272442426963119e-06
0.03,0.030036517837275078,-3.651783727507893e-05
0.0,8.272442426963119e-06,-8.272442426963119e-06
0.0,1.7164930455665895e-05,-1.7164930455665895e-05
0.0,1.7164930455665895e-05,-1.7164930455665895e-05
0.05,0.05006272585451199,-6.272585451198853e-05
0.0,8.272442426963119e-06,-8.272442426963119e-06
0.06,0.059647867373918945,0.0003521326260810531
0.0,1.1502421226249672e-05,-1.1502421226249672e-05
0.02,0.020013551529140448,-1.3551529140447272e-05
0.01,0.009943956498809888,5.6043501190112394e-05
0.0,1.618776943916652e-05,-1.618776943916652e-05
0.04,0.039680544362823034,0.0003194556371769672
0.02,0.01984074428506043,0.00015925571493956986
0.0,1.618776943916652e-05,-1.618776943916652e-05
0.03,0.030047251234523297,-4.725123452329824e-05
0.0,8.272442426963119e-06,-8.272442426963119e-06
0.03,0.03004209910327204,-4.209910327204053e-05
0.0,1.6799757532185915e-05,-1.6799757532185915e-05
0.0,1.618776943916652e-05,-1.618776943916652e-05
0.0,1.7164930455665895e-05,-1.7164930455665895e-05
0.0,1.7164930455665895e-05,-1.7164930455665895e-05
0.0,1.7164930455665895e-05,-1.7164930455665895e-05
0.0,1.618776943916652e-05,-1.618776943916652e-05
0.0,1.618776943916652e-05,-1.618776943916652e-05
0.0,1.7164930455665895e-05,-1.7164930455665895e-05
0.03,0.029967286740882577,3.271325911742215e-05
0.03,0.029875902266883372,0.00012409773311662653
0.02,0.020076417955365806,-7.641795536580606e-05
0.02,0.020007186858973305,-7.186858973304983e-06
0.0,1.1502421226249672e-05,-1.1502421226249672e-05
0.03,0.029972438872133834,2.7561127866164437e-05
0.0,1.7164930455665895e-05,-1.7164930455665895e-05
0.03,0.030036517837275078,-3.651783727507893e-05
0.0,1.7164930455665895e-05,-1.7164930455665895e-05
0.0,1.618776943916652e-05,-1.618776943916652e-05
0.0,1.7164930455665895e-05,-1.7164930455665895e-05
0.0,1.7164930455665895e-05,-1.7164930455665895e-05
0.0,1.7164930455665895e-05,-1.7164930455665895e-05
0.0,1.618776943916652e-05,-1.618776943916652e-05
0.0,8.272442426963119e-06,-8.272442426963119e-06
0.02,0.019809402906128388,0.00019059709387161256
0.0,1.7164930455665895e-05,-1.7164930455665895e-05
0.0,1.7164930455665895e-05,-1.7164930455665895e-05
0.0,1.7164930455665895e-05,-1.7164930455665895e-05
0.03,0.029961705474885615,3.829452511438375e-05
0.0,1.7164930455665895e-05,-1.7164930455665895e-05
0.0,7.907269503483138e-06,-7.907269503483138e-06
0.05,0.05007566338668885,-7.566338668884426e-05
0.03,0.029967286740882577,3.271325911742215e-05
0.03,0.029967286740882577,3.271325911742215e-05
0.03,0.029967286740882577,3.271325911742215e-05
0.0,1.618776943916652e-05,-1.618776943916652e-05
0.0,1.7164930455665895e-05,-1.7164930455665895e-05
0.0,1.1502421226249672e-05,-1.1502421226249672e-05
0.0,8.272442426963119e-06,-8.272442426963119e-06
0.04,0.03994332490328032,5.667509671967996e-05
0.0,1.618776943916652e-05,-1.618776943916652e-05
0.0,1.7164930455665895e-05,-1.7164930455665895e-05
0.03,0.02997198394347529,2.801605652470729e-05
0.0,1.7164930455665895e-05,-1.7164930455665895e-05
0.02,0.01942879509635272,0.0005712049036472808
0.02,0.02000188952266737,-1.8895226673691645e-06
0.0,1.6799757532185915e-05,-1.6799757532185915e-05
0.0,1.6799757532185915e-05,-1.6799757532185915e-05
0.0,1.618776943916652e-05,-1.618776943916652e-05
0.0,1.7164930455665895e-05,-1.7164930455665895e-05
0.03,0.029967286740882577,3.271325911742215e-05
0.0,1.1502421226249672e-05,-1.1502421226249672e-05
0.02,0.020007186858973305,-7.186858973304983e-06
0.0,1.7164930455665895e-05,-1.7164930455665895e-05
0.03,0.029875902266883372,0.00012409773311662653
0.0,-2.230512312274024e-06,2.230512312274024e-06
0.0,1.6799757532185915e-05,-1.6799757532185915e-05
0.04,0.040142314002093955,-0.0001423140020939545
0.0,1.7164930455665895e-05,-1.7164930455665895e-05
0.0,1.7164930455665895e-05,-1.7164930455665895e-05
0.0,1.618776943916652e-05,-1.618776943916652e-05
0.0,1.7164930455665895e-05,-1.7164930455665895e-05
0.03,0.029961705474885615,3.829452511438375e-05
0.0,1.7164930455665895e-05,-1.7164930455665895e-05
0.03,0.029240245045369616,0.0007597549546303831
0.06,0.0365517235391503,0.023448276460849696
0.0,1.618776943916652e-05,-1.618776943916652e-05
0.02,0.020013551529140448,-1.3551529140447272e-05
0.0,1.7164930455665895e-05,-1.7164930455665895e-05
0.0,1.1502421226249672e-05,-1.1502421226249672e-05
0.03,0.02988643818383761,0.00011356181616238928
0.04,0.039685081165067346,0.0003149188349326551
0.0,1.7164930455665895e-05,-1.7164930455665895e-05
0.0,1.6799757532185915e-05,-1.6799757532185915e-05
0.03,0.029967286740882577,3.271325911742215e-05
0.0,1.7164930455665895e-05,-1.7164930455665895e-05
0.0,1.1502421226249672e-05,-1.1502421226249672e-05
0.03,0.029665793437118646,0.0003342065628813527
0.0,8.272442426963119e-06,-8.272442426963119e-06
0.0,1.7164930455665895e-05,-1.7164930455665895e-05
0.01,0.010127679414020613,-0.00012767941402061327
0.0,1.618776943916652e-05,-1.618776943916652e-05
0.0,1.1502421226249672e-05,-1.1502421226249672e-05
0.0,1.618776943916652e-05,-1.618776943916652e-05
0.0,1.7164930455665895e-05,-1.7164930455665895e-05
0.0,1.7164930455665895e-05,-1.7164930455665895e-05
0.0,1.618776943916652e-05,-1.618776943916652e-05
0.02,0.01942879509635272,0.0005712049036472808
0.04,0.039822802671775286,0.00017719732822471523
0.0,8.272442426963119e-06,-8.272442426963119e-06
0.0,1.1502421226249672e-05,-1.1502421226249672e-05
0.01,0.009983741758105525,1.6258241894474834e-05
0.02,0.020007186858973305,-7.186858973304983e-06
0.0,1.7164930455665895e-05,-1.7164930455665895e-05
0.0,1.7164930455665895e-05,-1.7164930455665895e-05
0.0,1.7164930455665895e-05,-1.7164930455665895e-05
0.0,1.7164930455665895e-05,-1.7164930455665895e-05
0.0,1.618776943916652e-05,-1.618776943916652e-05
0.0,1.7164930455665895e-05,-1.7164930455665895e-05
0.0,1.7164930455665895e-05,-1.7164930455665895e-05
0.0,1.618776943916652e-05,-1.618776943916652e-05
0.01,0.009943956498809888,5.6043501190112394e-05
0.01,0.009986844130662288,1.3155869337711998e-05
0.03,0.029967286740882577,3.271325911742215e-05
0.02,0.01983437961489329,0.00016562038510671215
0.0,1.7164930455665895e-05,-1.7164930455665895e-05
0.0,1.7164930455665895e-05,-1.7164930455665895e-05
0.0,1.618776943916652e-05,-1.618776943916652e-05
0.0,1.7164930455665895e-05,-1.7164930455665895e-05
0.05,0.05007566338668885,-7.566338668884426e-05
0.03,0.029972438872133834,2.7561127866164437e-05
0.0,1.618776943916652e-05,-1.618776943916652e-05
0.01,0.009704036202984627,0.0002959637970153736
0.0,1.1502421226249672e-05,-1.1502421226249672e-05
0.0,1.1502421226249672e-05,-1.1502421226249672e-05
0.05,0.05007566338668885,-7.566338668884426e-05
0.03,0.029967286740882577,3.271325911742215e-05
0.0,1.6799757532185915e-05,-1.6799757532185915e-05
0.01,0.009951587487900447,4.841251209955315e-05
0.0,1.618776943916652e-05,-1.618776943916652e-05
0.0,7.295281410463746e-06,-7.295281410463746e-06
0.03,0.030036517837275078,-3.651783727507893e-05
0.0,1.7164930455665895e-05,-1.7164930455665895e-05
0.03,0.029967286740882577,3.271325911742215e-05
0.0,1.7164930455665895e-05,-1.7164930455665895e-05
0.0,1.1502421226249672e-05,-1.1502421226249672e-05
0.0,-2.230512312274024e-06,2.230512312274024e-06
0.0,1.7164930455665895e-05,-1.7164930455665895e-05
0.0,1.7164930455665895e-05,-1.7164930455665895e-05
0.0,1.7164930455665895e-05,-1.7164930455665895e-05
0.0,1.1502421226249672e-05,-1.1502421226249672e-05
0.0,1.1502421226249672e-05,-1.1502421226249672e-05
0.02,0.019422430426185577,0.0005775695738144231
0.0,1.6799757532185915e-05,-1.6799757532185915e-05
0.0,1.1502421226249672e-05,-1.1502421226249672e-05
0.0,1.7164930455665895e-05,-1.7164930455665895e-05
0.0,1.1502421226249672e-05,-1.1502421226249672e-05
0.0,8.272442426963119e-06,-8.272442426963119e-06
0.0,1.7164930455665895e-05,-1.7164930455665895e-05
0.02,0.019785613816425688,0.00021438618357431244
0.0,1.7164930455665895e-05,-1.7164930455665895e-05
0.04,0.03989761503416475,0.00010238496583524909
0.0,1.7164930455665895e-05,-1.7164930455665895e-05
0.0,1.618776943916652e-05,-1.618776943916652e-05
0.02,0.020076417955365806,-7.641795536580606e-05
0.0,1.7164930455665895e-05,-1.7164930455665895e-05
0.0,1.7164930455665895e-05,-1.7164930455665895e-05
0.0,1.6799757532185915e-05,-1.6799757532185915e-05
0.04,0.03975989352745681,0.00024010647254318895
0.0,1.7164930455665895e-05,-1.7164930455665895e-05
0.02,0.019884294519307243,0.0001157054806927571
0.03,0.029950714629272835,4.928537072716385e-05
0.0,1.7164930455665895e-05,-1.7164930455665895e-05
0.0,1.1502421226249672e-05,-1.1502421226249672e-05
0.02,0.019397453717420677,0.0006025462825793235
0.03,0.029681327970607303,0.0003186720293926956
0.0,1.7164930455665895e-05,-1.7164930455665895e-05
0.0,1.7164930455665895e-05,-1.7164930455665895e-05
0.05,0.049385188053969346,0.0006148119460306564
0.02,0.02000188952266737,-1.8895226673691645e-06
0.0,1.7164930455665895e-05,-1.7164930455665895e-05
0.0,1.6799757532185915e-05,-1.6799757532185915e-05
0.04,0.03958915149921881,0.00041084850078119267
0.04,0.03989761503416475,0.00010238496583524909
0.0,8.272442426963119e-06,-8.272442426963119e-06
0.03,0.029967286740882577,3.271325911742215e-05
0.0,1.7164930455665895e-05,-1.7164930455665895e-05
0.0,1.1502421226249672e-05,-1.1502421226249672e-05
0.02,0.01994674863625366,5.325136374633929e-05
0.05,0.04892857280211485,0.0010714271978851525
0.0,1.618776943916652e-05,-1.618776943916652e-05
0.03,0.029956295895269797,4.3704104730202253e-05
0.0,1.6799757532185915e-05,-1.6799757532185915e-05
0.0,1.7164930455665895e-05,-1.7164930455665895e-05
0.01,0.010000294108758046,-2.9410875804561365e-07
0.03,0.02989201944983457,0.00010798055016542768
0.03,0.03004209910327204,-4.209910327204053e-05
0.0,1.6799757532185915e-05,-1.6799757532185915e-05
0.0,1.7164930455665895e-05,-1.7164930455665895e-05
0.0,1.7164930455665895e-05,-1.7164930455665895e-05
0.0,1.7164930455665895e-05,-1.7164930455665895e-05
0.0,8.272442426963119e-06,-8.272442426963119e-06
0.0,1.618776943916652e-05,-1.618776943916652e-05
0.0,1.7164930455665895e-05,-1.7164930455665895e-05
0.02,0.020013551529140448,-1.3551529140447272e-05
0.02,0.019785613816425688,0.00021438618357431244
0.01,0.00973793225453917,0.0002620677454608297
0.04,0.039685081165067346,0.0003149188349326551
0.0,1.618776943916652e-05,-1.618776943916652e-05
0.02,0.019785613816425688,0.00021438618357431244
0.0,1.7164930455665895e-05,-1.7164930455665895e-05
0.02,0.020081999221362768,-8.199922136276766e-05
0.03,0.03004209910327204,-4.209910327204053e-05
0.03,0.030052893579605094,-5.289357960509486e-05
0.0,1.618776943916652e-05,-1.618776943916652e-05
0.0,1.7164930455665895e-05,-1.7164930455665895e-05
0.0,1.7164930455665895e-05,-1.7164930455665895e-05
0.0,1.7164930455665895e-05,-1.7164930455665895e-05
0.0,1.1502421226249672e-05,-1.1502421226249672e-05
0.03,0.030036517837275078,-3.651783727507893e-05
0.02,0.019422430426185577,0.0005775695738144231
0.0,1.1502421226249672e-05,-1.1502421226249672e-05
0.0,1.618776943916652e-05,-1.618776943916652e-05
0.0,1.618776943916652e-05,-1.618776943916652e-05
0.03,0.03004209910327204,-4.209910327204053e-05
0.0,1.7164930455665895e-05,-1.7164930455665895e-05
0.01,0.010062919492857115,-6.291949285711432e-05
0.02,0.020013551529140448,-1.3551529140447272e-05
0.01,0.009983741758105525,1.6258241894474834e-05
0.02,0.020013551529140448,-1.3551529140447272e-05
0.02,0.02000188952266737,-1.8895226673691645e-06
0.01,0.010083010137783309,-8.301013778330875e-05
0.03,0.030041163654642405,-4.1163654642406566e-05
0.0,1.618776943916652e-05,-1.618776943916652e-05
0.0,1.1502421226249672e-05,-1.1502421226249672e-05
0.0,1.1502421226249672e-05,-1.1502421226249672e-05
0.0,8.272442426963119e-06,-8.272442426963119e-06
0.0,1.7164930455665895e-05,-1.7164930455665895e-05
0.03,0.03004209910327204,-4.209910327204053e-05
0.01,0.009993929438590902,6.07056140909841e-06
0.0,1.618776943916652e-05,-1.618776943916652e-05
0.04,0.039685081165067346,0.0003149188349326551
0.02,0.020013551529140448,-1.3551529140447272e-05
0.0,1.7164930455665895e-05,-1.7164930455665895e-05
0.0,1.618776943916652e-05,-1.618776943916652e-05
0.0,1.7164930455665895e-05,-1.7164930455665895e-05
0.0,1.7164930455665895e-05,-1.7164930455665895e-05
0.03,0.029972438872133834,2.7561127866164437e-05
0.0,1.7164930455665895e-05,-1.7164930455665895e-05
0.04,0.03989761503416475,0.00010238496583524909
0.04,0.03212414441303883,0.007875855586961168
0.03,0.029972438872133834,2.7561127866164437e-05
0.02,0.020001605592976344,-1.605592976343384e-06
0.03,0.029881483532880334,0.00011851646711966493
0.02,0.020025473933468436,-2.5473933468436044e-05
0.0,1.6799757532185915e-05,-1.6799757532185915e-05
0.0,1.7164930455665895e-05,-1.7164930455665895e-05
0.03,0.029972438872133834,2.7561127866164437e-05
0.0,1.6799757532185915e-05,-1.6799757532185915e-05
0.01,0.009993929438590902,6.07056140909841e-06
0.0,1.618776943916652e-05,-1.618776943916652e-05
0.0,1.7164930455665895e-05,-1.7164930455665895e-05
0.02,0.019815846827084923,0.0001841531729150775
0.03,0.029961250546227072,3.87494537729266e-05
0.0,1.7164930455665895e-05,-1.7164930455665895e-05
0.0,1.7164930455665895e-05,-1.7164930455665895e-05
0.02,0.019785613816425688,0.00021438618357431244
0.02,0.020007186858973305,-7.186858973304983e-06
0.04,0.03975989352745681,0.00024010647254318895
0.03,0.029967286740882577,3.271325911742215e-05
0.0,1.1502421226249672e-05,-1.1502421226249672e-05
0.02,0.020007186858973305,-7.186858973304983e-06
0.02,0.020025473933468436,-2.5473933468436044e-05
0.0,1.7164930455665895e-05,-1.7164930455665895e-05
0.04,0.03975989352745681,0.00024010647254318895
0.04,0.039685081165067346,0.0003149188349326551
0.05,0.05007566338668885,-7.566338668884426e-05
0.0,1.7164930455665895e-05,-1.7164930455665895e-05
0.02,0.020013551529140448,-1.3551529140447272e-05
0.0,1.618776943916652e-05,-1.618776943916652e-05
0.0,1.7164930455665895e-05,-1.7164930455665895e-05
0.0,1.7164930455665895e-05,-1.7164930455665895e-05
0.0,1.618776943916652e-05,-1.618776943916652e-05
0.0,1.7164930455665895e-05,-1.7164930455665895e-05
0.0,1.7164930455665895e-05,-1.7164930455665895e-05
0.01,0.010127679414020613,-0.00012767941402061327
0.0,8.272442426963119e-06,-8.272442426963119e-06
0.02,0.01984074428506043,0.00015925571493956986
0.05,0.05012937102507003,-0.00012937102507002557
0.0,1.7164930455665895e-05,-1.7164930455665895e-05
0.05,0.05007566338668885,-7.566338668884426e-05
0.0,1.7164930455665895e-05,-1.7164930455665895e-05
0.02,0.019809402906128388,0.00019059709387161256
0.03,0.02974300190362752,0.0002569980963724773
0.03,0.02989201944983457,0.00010798055016542768
0.0,1.7164930455665895e-05,-1.7164930455665895e-05
0.03,0.029961705474885615,3.829452511438375e-05
0.0,-2.230512312274024e-06,2.230512312274024e-06
0.03,0.029967286740882577,3.271325911742215e-05
0.0,1.7164930455665895e-05,-1.7164930455665895e-05
0.0,1.618776943916652e-05,-1.618776943916652e-05
0.0,1.7164930455665895e-05,-1.7164930455665895e-05
0.0,-2.230512312274024e-06,2.230512312274024e-06
0.0,1.7164930455665895e-05,-1.7164930455665895e-05
0.04,0.03989761503416475,0.00010238496583524909
0.02,0.019797559752589792,0.00020244024741020855
0.03,0.029866074989251694,0.00013392501074830504
0.0,1.7164930455665895e-05,-1.7164930455665895e-05
0.0,1.618776943916652e-05,-1.618776943916652e-05
0.0,1.618776943916652e-05,-1.618776943916652e-05
0.05,0.050092039129018856,-9.203912901885325e-05
0.03,0.03004209910327204,-4.209910327204053e-05
0.02,0.020001605592976344,-1.605592976343384e-06
0.0,1.7164930455665895e-05,-1.7164930455665895e-05
0.0,1.7164930455665895e-05,-1.7164930455665895e-05
0.02,0.01984074428506043,0.00015925571493956986
0.0,1.7164930455665895e-05,-1.7164930455665895e-05
0.0,1.7164930455665895e-05,-1.7164930455665895e-05
0.0,1.7164930455665895e-05,-1.7164930455665895e-05
0.04,0.03977626926978682,0.00022373073021317996
0.02,0.01984074428506043,0.00015925571493956986
0.03,0.02989201944983457,0.00010798055016542768
0.01,0.009951587487900447,4.841251209955315e-05
0.0,1.7164930455665895e-05,-1.7164930455665895e-05
0.0,1.1502421226249672e-05,-1.1502421226249672e-05
0.01,0.010000294108758046,-2.9410875804561365e-07
0.02,0.020007970263143486,-7.970263143485673e-06
0.0,-2.230512312274024e-06,2.230512312274024e-06
0.02,0.01994038396608652,5.961603391348158e-05
0.0,1.7164930455665895e-05,-1.7164930455665895e-05
0.02,0.020007186858973305,-7.186858973304983e-06
0.0,1.7164930455665895e-05,-1.7164930455665895e-05
0.04,0.039685081165067346,0.0003149188349326551
0.0,1.7164930455665895e-05,-1.7164930455665895e-05
0.0,1.7164930455665895e-05,-1.7164930455665895e-05
0.03,0.029961705474885615,3.829452511438375e-05
0.0,1.6799757532185915e-05,-1.6799757532185915e-05
0.0,1.1502421226249672e-05,-1.1502421226249672e-05
0.03,0.03004209910327204,-4.209910327204053e-05
0.0,1.618776943916652e-05,-1.618776943916652e-05
0.0,1.618776943916652e-05,-1.618776943916652e-05
0.02,0.019815846827084923,0.0001841531729150775
0.06,0.05783648353968423,0.002163516460315769
0.06,0.057047316965830284,0.0029526830341697133
0.04,0.03974653856217551,0.00025346143782448843
0.05,0.05007566338668885,-7.566338668884426e-05
0.05,0.05007566338668885,-7.566338668884426e-05
0.0,1.7164930455665895e-05,-1.7164930455665895e-05
0.01,0.010000294108758046,-2.9410875804561365e-07
0.0,8.272442426963119e-06,-8.272442426963119e-06
0.0,7.295281410463746e-06,-7.295281410463746e-06
0.04,0.03958915149921881,0.00041084850078119267
0.04,0.03975989352745681,0.00024010647254318895
0.0,1.6799757532185915e-05,-1.6799757532185915e-05
0.0,1.1502421226249672e-05,-1.1502421226249672e-05
0.0,1.7164930455665895e-05,-1.7164930455665895e-05
0.0,1.7164930455665895e-05,-1.7164930455665895e-05
0.0,1.7164930455665895e-05,-1.7164930455665895e-05
0.01,0.010127679414020613,-0.00012767941402061327
0.03,0.02989201944983457,0.00010798055016542768
0.0,1.7164930455665895e-05,-1.7164930455665895e-05
0.0,1.6799757532185915e-05,-1.6799757532185915e-05
0.01,0.010000294108758046,-2.9410875804561365e-07
0.01,0.009909338047890539,9.066195210946128e-05
0.0,1.6799757532185915e-05,-1.6799757532185915e-05
0.02,0.020013551529140448,-1.3551529140447272e-05
0.0,1.1502421226249672e-05,-1.1502421226249672e-05
0.0,1.7164930455665895e-05,-1.7164930455665895e-05
0.0,1.7164930455665895e-05,-1.7164930455665895e-05
0.01,0.010127679414020613,-0.00012767941402061327
0.01,0.009725117170170943,0.00027488282982905676
0.02,0.020013551529140448,-1.3551529140447272e-05
0.0,1.7164930455665895e-05,-1.7164930455665895e-05
0.0,1.7164930455665895e-05,-1.7164930455665895e-05
0.04,0.039881630466869704,0.00011836953313029697
0.0,1.7164930455665895e-05,-1.7164930455665895e-05
0.0,1.7164930455665895e-05,-1.7164930455665895e-05
0.0,1.618776943916652e-05,-1.618776943916652e-05
0.0,1.6799757532185915e-05,-1.6799757532185915e-05
0.02,0.01984074428506043,0.00015925571493956986
0.0,8.272442426963119e-06,-8.272442426963119e-06
0.0,1.7164930455665895e-05,-1.7164930455665895e-05
0.02,0.020007186858973305,-7.186858973304983e-06
0.0,8.272442426963119e-06,-8.272442426963119e-06
0.0,1.7164930455665895e-05,-1.7164930455665895e-05
0.03,0.029967286740882577,3.271325911742215e-05
0.0,1.7164930455665895e-05,-1.7164930455665895e-05
0.0,8.272442426963119e-06,-8.272442426963119e-06
0.0,1.618776943916652e-05,-1.618776943916652e-05
0.0,1.1502421226249672e-05,-1.1502421226249672e-05
0.0,1.618776943916652e-05,-1.618776943916652e-05
0.0,1.618776943916652e-05,-1.618776943916652e-05
0.03,0.029967286740882577,3.271325911742215e-05
0.0,1.6799757532185915e-05,-1.6799757532185915e-05
0.0,1.7164930455665895e-05,-1.7164930455665895e-05
0.04,0.039536965341729645,0.00046303465827035595
0.0,1.7164930455665895e-05,-1.7164930455665895e-05
0.01,0.00973793225453917,0.0002620677454608297
0.0,1.1502421226249672e-05,-1.1502421226249672e-05
0.03,0.02989201944983457,0.00010798055016542768
0.03,0.029961705474885615,3.829452511438375e-05
0.0,1.618776943916652e-05,-1.618776943916652e-05
0.0,-2.230512312274024e-06,2.230512312274024e-06
0.0,1.618776943916652e-05,-1.618776943916652e-05
0.01,0.00999010642827267,9.89357172733081e-06
0.03,0.030036517837275078,-3.651783727507893e-05
0.0,1.1502421226249672e-05,-1.1502421226249672e-05
0.0,1.7164930455665895e-05,-1.7164930455665895e-05
0.0,1.7164930455665895e-05,-1.7164930455665895e-05
0.0,1.7164930455665895e-05,-1.7164930455665895e-05
0.05,0.04845031795261497,0.00154968204738503
0.06,0.05940428247155498,0.0005957175284450195
0.02,0.019809402906128388,0.00019059709387161256
0.0,1.7164930455665895e-05,-1.7164930455665895e-05
0.0,1.1502421226249672e-05,-1.1502421226249672e-05
0.0,1.618776943916652e-05,-1.618776943916652e-05
0.0,1.618776943916652e-05,-1.618776943916652e-05
0.0,1.1502421226249672e-05,-1.1502421226249672e-05
0.0,-2.230512312274024e-06,2.230512312274024e-06
0.02,0.020007186858973305,-7.186858973304983e-06
0.0,1.7164930455665895e-05,-1.7164930455665895e-05
0.03,0.030047251234523297,-4.725123452329824e-05
0.0,1.7164930455665895e-05,-1.7164930455665895e-05
0.0,-2.230512312274024e-06,2.230512312274024e-06
0.0,1.1502421226249672e-05,-1.1502421226249672e-05
0.04,0.03976624538705022,0.0002337546129497839
0.01,0.010127679414020613,-0.00012767941402061327
0.0,1.7164930455665895e-05,-1.7164930455665895e-05
0.0,1.7164930455665895e-05,-1.7164930455665895e-05
0.0,1.7164930455665895e-05,-1.7164930455665895e-05
0.0,1.7164930455665895e-05,-1.7164930455665895e-05
0.0,1.1502421226249672e-05,-1.1502421226249672e-05
0.05,0.048208132126728864,0.0017918678732711385
0.0,1.1502421226249672e-05,-1.1502421226249672e-05
0.0,8.272442426963119e-06,-8.272442426963119e-06
0.0,1.6799757532185915e-05,-1.6799757532185915e-05
0.05,0.05006272585451199,-6.272585451198853e-05
0.02,0.020013551529140448,-1.3551529140447272e-05
0.0,1.7164930455665895e-05,-1.7164930455665895e-05
0.03,0.029967286740882577,3.271325911742215e-05
0.0,1.6799757532185915e-05,-1.6799757532185915e-05
0.0,1.7164930455665895e-05,-1.7164930455665895e-05
0.0,1.6799757532185915e-05,-1.6799757532185915e-05
0.04,0.03958281401122671,0.0004171859887732929
0.0,1.7164930455665895e-05,-1.7164930455665895e-05
0.0,1.7164930455665895e-05,-1.7164930455665895e-05
0.0,1.6799757532185915e-05,-1.6799757532185915e-05
0.02,0.020013551529140448,-1.3551529140447272e-05
0.0,1.1502421226249672e-05,-1.1502421226249672e-05
0.0,1.6799757532185915e-05,-1.6799757532185915e-05
0.03,0.030036517837275078,-3.651783727507893e-05
0.0,1.1502421226249672e-05,-1.1502421226249672e-05
0.04,0.03994332490328032,5.667509671967996e-05
0.0,1.1502421226249672e-05,-1.1502421226249672e-05
0.0,7.295281410463746e-06,-7.295281410463746e-06
0.0,1.7164930455665895e-05,-1.7164930455665895e-05
0.05,0.048627289260600226,0.0013727107393997767
0.0,1.1502421226249672e-05,-1.1502421226249672e-05
0.03,0.029881483532880334,0.00011851646711966493
0.0,-2.230512312274024e-06,2.230512312274024e-06
0.02,0.01979119508242265,0.00020880491757735084
0.03,0.030052893579605094,-5.289357960509486e-05
0.0,1.6799757532185915e-05,-1.6799757532185915e-05
0.0,1.7164930455665895e-05,-1.7164930455665895e-05
0.0,1.6799757532185915e-05,-1.6799757532185915e-05
0.01,0.00997844442179959,2.1555578200410652e-05
0.0,-2.230512312274024e-06,2.230512312274024e-06
0.0,1.7164930455665895e-05,-1.7164930455665895e-05
0.0,1.618776943916652e-05,-1.618776943916652e-05
0.0,1.7164930455665895e-05,-1.7164930455665895e-05
0.0,1.1502421226249672e-05,-1.1502421226249672e-05
0.0,1.7164930455665895e-05,-1.7164930455665895e-05
0.02,0.0201002862958579,-0.00010028629585789872
0.04,0.04001447355129672,-1.4473551296717568e-05
0.04,0.039685081165067346,0.0003149188349326551
0.03,0.030041163654642405,-4.1163654642406566e-05
0.0,1.1502421226249672e-05,-1.1502421226249672e-05
0.0,1.7164930455665895e-05,-1.7164930455665895e-05
0.0,1.7164930455665895e-05,-1.7164930455665895e-05
0.0,1.1502421226249672e-05,-1.1502421226249672e-05
0.04,0.03975989352745681,0.00024010647254318895
0.01,0.010000294108758046,-2.9410875804561365e-07
0.0,1.6799757532185915e-05,-1.6799757532185915e-05
0.03,0.029967286740882577,3.271325911742215e-05
0.02,0.019397453717420677,0.0006025462825793235
0.0,1.618776943916652e-05,-1.618776943916652e-05
0.0,8.272442426963119e-06,-8.272442426963119e-06
0.05,0.050001031418101374,-1.0314181013715285e-06
0.0,8.272442426963119e-06,-8.272442426963119e-06
0.0,1.7164930455665895e-05,-1.7164930455665895e-05
0.04,0.039685081165067346,0.0003149188349326551
0.0,1.1502421226249672e-05,-1.1502421226249672e-05
0.0,1.7164930455665895e-05,-1.7164930455665895e-05
0.0,1.7164930455665895e-05,-1.7164930455665895e-05
0.0,1.618776943916652e-05,-1.618776943916652e-05
0.0,1.7164930455665895e-05,-1.7164930455665895e-05
0.0,1.7164930455665895e-05,-1.7164930455665895e-05
0.0,1.618776943916652e-05,-1.618776943916652e-05
0.04,0.03989761503416475,0.00010238496583524909
0.04,0.03977626926978682,0.00022373073021317996
0.03,0.029967286740882577,3.271325911742215e-05
0.0,1.7164930455665895e-05,-1.7164930455665895e-05
0.0,8.272442426963119e-06,-8.272442426963119e-06
0.0,1.7164930455665895e-05,-1.7164930455665895e-05
0.0,-2.8425004052934156e-06,2.8425004052934156e-06
0.0,1.7164930455665895e-05,-1.7164930455665895e-05
0.03,0.0299413422802997,5.865771970029951e-05
0.0,1.7164930455665895e-05,-1.7164930455665895e-05
0.05,0.050133963303500395,-0.00013396330350039232
0.01,0.009993929438590902,6.07056140909841e-06
0.0,1.618776943916652e-05,-1.618776943916652e-05
0.04,0.038422708756067445,0.0015772912439325562
0.06,0.06049265309119575,-0.000492653091195755
0.04,0.039822802671775286,0.00017719732822471523
0.0,1.618776943916652e-05,-1.618776943916652e-05
0.0,8.272442426963119e-06,-8.272442426963119e-06
0.0,1.1502421226249672e-05,-1.1502421226249672e-05
0.0,1.7164930455665895e-05,-1.7164930455665895e-05
0.0,1.7164930455665895e-05,-1.7164930455665895e-05
0.05,0.05007566338668885,-7.566338668884426e-05
0.0,8.272442426963119e-06,-8.272442426963119e-06
0.0,1.1502421226249672e-05,-1.1502421226249672e-05
0.02,0.020007186858973305,-7.186858973304983e-06
0.0,1.7164930455665895e-05,-1.7164930455665895e-05
0.06,0.0650080732427627,-0.005008073242762701
0.0,1.618776943916652e-05,-1.618776943916652e-05
0.0,8.272442426963119e-06,-8.272442426963119e-06
0.03,0.030016154642689162,-1.6154642689163168e-05
0.0,1.7164930455665895e-05,-1.7164930455665895e-05
0.0,1.7164930455665895e-05,-1.7164930455665895e-05
0.03,0.029669157871503263,0.0003308421284967354
0.02,0.020013551529140448,-1.3551529140447272e-05
0.0,1.7164930455665895e-05,-1.7164930455665895e-05
0.03,0.02989201944983457,0.00010798055016542768
0.0,1.7164930455665895e-05,-1.7164930455665895e-05
0.0,1.7164930455665895e-05,-1.7164930455665895e-05
0.0,1.7164930455665895e-05,-1.7164930455665895e-05
0.04,0.039634834493707465,0.0003651655062925363
0.0,1.7164930455665895e-05,-1.7164930455665895e-05
0.0,1.6799757532185915e-05,-1.6799757532185915e-05
0.0,1.1502421226249672e-05,-1.1502421226249672e-05
0.0,-2.230512312274024e-06,2.230512312274024e-06
0.0,1.6799757532185915e-05,-1.6799757532185915e-05
0.0,1.618776943916652e-05,-1.618776943916652e-05
0.01,0.009725117170170943,0.00027488282982905676
0.0,1.618776943916652e-05,-1.618776943916652e-05
0.0,8.272442426963119e-06,-8.272442426963119e-06
0.0,1.7164930455665895e-05,-1.7164930455665895e-05
0.0,1.7164930455665895e-05,-1.7164930455665895e-05
0.04,0.03961884992641242,0.0003811500735875842
0.03,0.029967286740882577,3.271325911742215e-05
0.0,1.7164930455665895e-05,-1.7164930455665895e-05
0.05,0.050001031418101374,-1.0314181013715285e-06
0.02,0.020025473933468436,-2.5473933468436044e-05
0.02,0.020007186858973305,-7.186858973304983e-06
0.0,1.1502421226249672e-05,-1.1502421226249672e-05
0.0,1.1502421226249672e-05,-1.1502421226249672e-05
0.02,0.020013551529140448,-1.3551529140447272e-05
0.03,0.029881483532880334,0.00011851646711966493
0.0,1.618776943916652e-05,-1.618776943916652e-05
0.0,1.7164930455665895e-05,-1.7164930455665895e-05
0.01,0.00993558758505648,6.441241494352032e-05
0.0,8.272442426963119e-06,-8.272442426963119e-06
0.0,1.618776943916652e-05,-1.618776943916652e-05
0.02,0.020001605592976344,-1.605592976343384e-06
0.02,0.01979119508242265,0.00020880491757735084
0.03,0.029961705474885615,3.829452511438375e-05
0.02,0.01983437961489329,0.00016562038510671215
0.0,8.272442426963119e-06,-8.272442426963119e-06
0.0,8.272442426963119e-06,-8.272442426963119e-06
0.03,0.029967286740882577,3.271325911742215e-05
0.0,1.618776943916652e-05,-1.618776943916652e-05
0.02,0.019422430426185577,0.0005775695738144231
0.0,-2.230512312274024e-06,2.230512312274024e-06
0.0,1.7164930455665895e-05,-1.7164930455665895e-05
0.05,0.04871932777281951,0.0012806722271804932
0.02,0.01984074428506043,0.00015925571493956986
0.0,1.7164930455665895e-05,-1.7164930455665895e-05
0.02,0.020007186858973305,-7.186858973304983e-06
0.0,1.618776943916652e-05,-1.618776943916652e-05
0.04,0.03942230062461006,0.0005776993753899423
0.04,0.039685081165067346,0.0003149188349326551
0.0,1.1502421226249672e-05,-1.1502421226249672e-05
0.02,0.020007186858973305,-7.186858973304983e-06
0.0,1.7164930455665895e-05,-1.7164930455665895e-05
0.0,1.618776943916652e-05,-1.618776943916652e-05
0.0,1.7164930455665895e-05,-1.7164930455665895e-05
0.0,1.618776943916652e-05,-1.618776943916652e-05
0.04,0.039685081165067346,0.0003149188349326551
0.0,1.7164930455665895e-05,-1.7164930455665895e-05
0.0,1.7164930455665895e-05,-1.7164930455665895e-05
0.01,0.009943956498809888,5.6043501190112394e-05
0.03,0.029967286740882577,3.271325911742215e-05
0.01,0.009965037465996205,3.496253400379554e-05
0.0,1.7164930455665895e-05,-1.7164930455665895e-05
0.0,1.6799757532185915e-05,-1.6799757532185915e-05
0.01,0.010076645467616165,-7.664546761616473e-05
0.0,8.272442426963119e-06,-8.272442426963119e-06
0.0,1.7164930455665895e-05,-1.7164930455665895e-05
0.0,1.7164930455665895e-05,-1.7164930455665895e-05
0.04,0.039934946930215924,6.505306978407677e-05
0.04,0.039685081165067346,0.0003149188349326551
0.0,1.618776943916652e-05,-1.618776943916652e-05
0.0,1.6799757532185915e-05,-1.6799757532185915e-05
0.0,1.7164930455665895e-05,-1.7164930455665895e-05
0.0,-2.230512312274024e-06,2.230512312274024e-06
0.03,0.029539833825309048,0.00046016617469095064
0.0,1.618776943916652e-05,-1.618776943916652e-05
0.06,0.05437966988733141,0.0056203301126685895
0.0,1.618776943916652e-05,-1.618776943916652e-05
0.0,1.6799757532185915e-05,-1.6799757532185915e-05
0.0,1.1502421226249672e-05,-1.1502421226249672e-05
0.0,1.7164930455665895e-05,-1.7164930455665895e-05
0.01,0.009745017562467784,0.00025498243753221614
0.0,1.618776943916652e-05,-1.618776943916652e-05
0.0,1.618776943916652e-05,-1.618776943916652e-05
0.0,1.7164930455665895e-05,-1.7164930455665895e-05
0.03,0.029881483532880334,0.00011851646711966493
0.0,1.7164930455665895e-05,-1.7164930455665895e-05
0.0,1.618776943916652e-05,-1.618776943916652e-05
0.03,0.029972438872133834,2.7561127866164437e-05
0.0,1.6799757532185915e-05,-1.6799757532185915e-05
0.02,0.020025473933468436,-2.5473933468436044e-05
0.0,1.7164930455665895e-05,-1.7164930455665895e-05
0.0,1.1502421226249672e-05,-1.1502421226249672e-05
0.0,8.272442426963119e-06,-8.272442426963119e-06
0.0,1.1502421226249672e-05,-1.1502421226249672e-05
0.02,0.020007186858973305,-7.186858973304983e-06
0.03,0.029956295895269797,4.3704104730202253e-05
0.0,1.7164930455665895e-05,-1.7164930455665895e-05
0.01,0.009745017562467784,0.00025498243753221614
0.03,0.029967286740882577,3.271325911742215e-05
0.0,8.272442426963119e-06,-8.272442426963119e-06
0.0,1.7164930455665895e-05,-1.7164930455665895e-05
0.02,0.02000188952266737,-1.8895226673691645e-06
0.0,8.272442426963119e-06,-8.272442426963119e-06
0.04,0.03981360116583799,0.00018639883416200764
0.04,0.039497112986999525,0.0005028870130004762
0.03,0.029967286740882577,3.271325911742215e-05
0.0,1.7164930455665895e-05,-1.7164930455665895e-05
0.0,1.7164930455665895e-05,-1.7164930455665895e-05
0.02,0.020001605592976344,-1.605592976343384e-06
0.0,1.1502421226249672e-05,-1.1502421226249672e-05
0.05,0.04987691057994916,0.00012308942005084117
0.04,0.03975989352745681,0.00024010647254318895
0.02,0.020007186858973305,-7.186858973304983e-06
0.02,0.02010747583860816,-0.00010747583860816132
0.03,0.029961705474885615,3.829452511438375e-05
0.02,0.019829082278587352,0.00017091772141264797
0.0,1.7164930455665895e-05,-1.7164930455665895e-05
0.03,0.03004209910327204,-4.209910327204053e-05
0.01,0.009993929438590902,6.07056140909841e-06
0.0,1.7164930455665895e-05,-1.7164930455665895e-05
0.0,1.618776943916652e-05,-1.618776943916652e-05
0.0,1.6799757532185915e-05,-1.6799757532185915e-05
0.0,1.7164930455665895e-05,-1.7164930455665895e-05
0.0,1.1502421226249672e-05,-1.1502421226249672e-05
0.05,0.05006272585451199,-6.272585451198853e-05
0.03,0.03005766751738918,-5.766751738918094e-05
0.03,0.02989201944983457,0.00010798055016542768
0.0,1.1502421226249672e-05,-1.1502421226249672e-05
0.0,1.1502421226249672e-05,-1.1502421226249672e-05
0.03,0.029881483532880334,0.00011851646711966493
0.0,1.7164930455665895e-05,-1.7164930455665895e-05
0.01,0.009988632102284966,1.1367897715034228e-05
0.06,0.06052641737709254,-0.000526417377092539
0.0,1.7164930455665895e-05,-1.7164930455665895e-05
0.0,1.7164930455665895e-05,-1.7164930455665895e-05
0.04,0.03975989352745681,0.00024010647254318895
0.0,1.7164930455665895e-05,-1.7164930455665895e-05
0.0,-2.230512312274024e-06,2.230512312274024e-06
0.04,0.039934946930215924,6.505306978407677e-05
0.03,0.029796979889152794,0.00020302011084720462
0.01,0.010127679414020613,-0.00012767941402061327
0.0,1.7164930455665895e-05,-1.7164930455665895e-05
0.0,1.7164930455665895e-05,-1.7164930455665895e-05
0.0,1.7164930455665895e-05,-1.7164930455665895e-05
0.03,0.029967286740882577,3.271325911742215e-05
0.02,0.020013551529140448,-1.3551529140447272e-05
0.0,1.618776943916652e-05,-1.618776943916652e-05
0.02,0.020001605592976344,-1.605592976343384e-06
0.0,1.7164930455665895e-05,-1.7164930455665895e-05
0.02,0.01984074428506043,0.00015925571493956986
0.0,1.1502421226249672e-05,-1.1502421226249672e-05
0.0,1.7164930455665895e-05,-1.7164930455665895e-05
0.0,1.618776943916652e-05,-1.618776943916652e-05
0.02,0.020013551529140448,-1.3551529140447272e-05
0.0,1.7164930455665895e-05,-1.7164930455665895e-05
0.05,0.0500513008463294,-5.1300846329399574e-05
0.03,0.029967286740882577,3.271325911742215e-05
0.0,1.7164930455665895e-05,-1.7164930455665895e-05
0.03,0.030036517837275078,-3.651783727507893e-05
0.0,2.6099331975468947e-06,-2.6099331975468947e-06
0.0,1.7164930455665895e-05,-1.7164930455665895e-05
0.0,1.7164930455665895e-05,-1.7164930455665895e-05
0.03,0.029956295895269797,4.3704104730202253e-05
0.0,1.618776943916652e-05,-1.618776943916652e-05
0.0,1.7164930455665895e-05,-1.7164930455665895e-05
0.0,1.7164930455665895e-05,-1.7164930455665895e-05
0.05,0.05007566338668885,-7.566338668884426e-05
0.02,0.020007970263143486,-7.970263143485673e-06
0.0,1.618776943916652e-05,-1.618776943916652e-05
0.0,1.7164930455665895e-05,-1.7164930455665895e-05
0.0,1.7164930455665895e-05,-1.7164930455665895e-05
0.0,1.7164930455665895e-05,-1.7164930455665895e-05
0.0,1.1502421226249672e-05,-1.1502421226249672e-05
0.0,1.7164930455665895e-05,-1.7164930455665895e-05
0.03,0.02988643818383761,0.00011356181616238928
0.0,1.1502421226249672e-05,-1.1502421226249672e-05
0.0,1.7164930455665895e-05,-1.7164930455665895e-05
0.0,1.7164930455665895e-05,-1.7164930455665895e-05
0.0,1.7164930455665895e-05,-1.7164930455665895e-05
0.0,1.618776943916652e-05,-1.618776943916652e-05
0.0,1.7164930455665895e-05,-1.7164930455665895e-05
0.0,1.7164930455665895e-05,-1.7164930455665895e-05
0.0,1.7164930455665895e-05,-1.7164930455665895e-05
0.0,8.272442426963119e-06,-8.272442426963119e-06
0.0,1.7164930455665895e-05,-1.7164930455665895e-05
0.0,-1.1123000340976801e-05,1.1123000340976801e-05
0.0,1.7164930455665895e-05,-1.7164930455665895e-05
0.01,0.009993929438590902,6.07056140909841e-06
0.02,0.020007186858973305,-7.186858973304983e-06
0.03,0.029972438872133834,2.7561127866164437e-05
0.0,1.618776943916652e-05,-1.618776943916652e-05
0.03,0.029881483532880334,0.00011851646711966493
0.0,1.618776943916652e-05,-1.618776943916652e-05
0.02,0.01984074428506043,0.00015925571493956986
0.0,1.6799757532185915e-05,-1.6799757532185915e-05
0.0,-2.230512312274024e-06,2.230512312274024e-06
0.02,0.020007186858973305,-7.186858973304983e-06
0.01,0.009957952158067591,4.2047841932409125e-05
0.0,1.7164930455665895e-05,-1.7164930455665895e-05
0.0,1.7164930455665895e-05,-1.7164930455665895e-05
0.01,0.010127679414020613,-0.00012767941402061327
0.01,0.01010688237652532,-0.00010688237652532045
0.0,1.7164930455665895e-05,-1.7164930455665895e-05
0.0,1.1502421226249672e-05,-1.1502421226249672e-05
0.0,1.7164930455665895e-05,-1.7164930455665895e-05
0.0,1.6799757532185915e-05,-1.6799757532185915e-05
0.03,0.029967286740882577,3.271325911742215e-05
0.0,1.618776943916652e-05,-1.618776943916652e-05
0.0,1.7164930455665895e-05,-1.7164930455665895e-05
0.0,1.6799757532185915e-05,-1.6799757532185915e-05
0.0,1.618776943916652e-05,-1.618776943916652e-05
0.0,1.6799757532185915e-05,-1.6799757532185915e-05
0.0,1.618776943916652e-05,-1.618776943916652e-05
0.02,0.020001605592976344,-1.605592976343384e-06
0.0,1.7164930455665895e-05,-1.7164930455665895e-05
0.0,1.1502421226249672e-05,-1.1502421226249672e-05
0.03,0.029961705474885615,3.829452511438375e-05
0.0,1.1502421226249672e-05,-1.1502421226249672e-05
0.0,1.7164930455665895e-05,-1.7164930455665895e-05
0.0,1.7164930455665895e-05,-1.7164930455665895e-05
0.01,0.010000294108758046,-2.9410875804561365e-07
0.04,0.039938884620176106,6.111537982389503e-05
0.03,0.029881483532880334,0.00011851646711966493
0.03,0.029539833825309048,0.00046016617469095064
0.0,1.7164930455665895e-05,-1.7164930455665895e-05
0.0,1.6799757532185915e-05,-1.6799757532185915e-05
0.0,1.1502421226249672e-05,-1.1502421226249672e-05
0.0,1.7164930455665895e-05,-1.7164930455665895e-05
0.0,1.6799757532185915e-05,-1.6799757532185915e-05
0.0,1.7164930455665895e-05,-1.7164930455665895e-05
0.03,0.029961705474885615,3.829452511438375e-05
0.03,0.02997198394347529,2.801605652470729e-05
0.0,1.7164930455665895e-05,-1.7164930455665895e-05
0.0,1.7164930455665895e-05,-1.7164930455665895e-05
0.03,0.03004209910327204,-4.209910327204053e-05
0.02,0.020001605592976344,-1.605592976343384e-06
0.0,1.1502421226249672e-05,-1.1502421226249672e-05
0.0,8.272442426963119e-06,-8.272442426963119e-06
0.0,1.7164930455665895e-05,-1.7164930455665895e-05
0.04,0.039976512226395276,2.3487773604724538e-05
0.0,1.7164930455665895e-05,-1.7164930455665895e-05
0.0,1.7164930455665895e-05,-1.7164930455665895e-05
0.0,1.7164930455665895e-05,-1.7164930455665895e-05
0.04,0.03974178738182381,0.0002582126181761915
0.0,1.6799757532185915e-05,-1.6799757532185915e-05
0.02,0.019809402906128388,0.00019059709387161256
0.04,0.039685081165067346,0.0003149188349326551
0.0,1.7164930455665895e-05,-1.7164930455665895e-05
0.0,1.7164930455665895e-05,-1.7164930455665895e-05
0.0,-2.230512312274024e-06,2.230512312274024e-06
0.0,1.7164930455665895e-05,-1.7164930455665895e-05
0.0,1.618776943916652e-05,-1.618776943916652e-05
0.03,0.03004209910327204,-4.209910327204053e-05
0.0,8.272442426963119e-06,-8.272442426963119e-06
0.03,0.03004209910327204,-4.209910327204053e-05
0.0,1.1502421226249672e-05,-1.1502421226249672e-05
0.0,8.272442426963119e-06,-8.272442426963119e-06
0.0,1.618776943916652e-05,-1.618776943916652e-05
0.03,0.03004209910327204,-4.209910327204053e-05
0.0,1.618776943916652e-05,-1.618776943916652e-05
0.03,0.0299413422802997,5.865771970029951e-05
0.02,0.020013551529140448,-1.3551529140447272e-05
0.0,1.618776943916652e-05,-1.618776943916652e-05
0.02,0.01984074428506043,0.00015925571493956986
0.0,1.7164930455665895e-05,-1.7164930455665895e-05
0.0,1.7164930455665895e-05,-1.7164930455665895e-05
0.06,0.06044354285335787,-0.0004435428533578756
0.0,1.618776943916652e-05,-1.618776943916652e-05
0.0,1.7164930455665895e-05,-1.7164930455665895e-05
0.0,1.7164930455665895e-05,-1.7164930455665895e-05
0.0,1.618776943916652e-05,-1.618776943916652e-05
0.01,0.010000294108758046,-2.9410875804561365e-07
0.0,1.7164930455665895e-05,-1.7164930455665895e-05
0.05,0.050001031418101374,-1.0314181013715285e-06
0.02,0.01983437961489329,0.00016562038510671215
0.05,0.050092039129018856,-9.203912901885325e-05
0.05,0.04893593935549954,0.0010640606445004655
0.03,0.0299413422802997,5.865771970029951e-05
0.02,0.020007186858973305,-7.186858973304983e-06
0.0,8.272442426963119e-06,-8.272442426963119e-06
0.0,1.6799757532185915e-05,-1.6799757532185915e-05
0.0,1.7164930455665895e-05,-1.7164930455665895e-05
0.0,1.7164930455665895e-05,-1.7164930455665895e-05
0.0,7.295281410463746e-06,-7.295281410463746e-06
0.0,1.7164930455665895e-05,-1.7164930455665895e-05
0.0,1.6799757532185915e-05,-1.6799757532185915e-05
0.0,1.7164930455665895e-05,-1.7164930455665895e-05
0.0,1.618776943916652e-05,-1.618776943916652e-05
0.0,1.618776943916652e-05,-1.618776943916652e-05
0.02,0.01942879509635272,0.0005712049036472808
0.0,1.7164930455665895e-05,-1.7164930455665895e-05
0.0,1.618776943916652e-05,-1.618776943916652e-05
0.02,0.020013551529140448,-1.3551529140447272e-05
0.0,1.7164930455665895e-05,-1.7164930455665895e-05
0.03,0.02989201944983457,0.00010798055016542768
0.0,1.7164930455665895e-05,-1.7164930455665895e-05
0.01,0.01013786709450599,-0.0001378670945059897
0.0,1.6799757532185915e-05,-1.6799757532185915e-05
0.0,1.7164930455665895e-05,-1.7164930455665895e-05
0.01,0.009979213141571729,2.0786858428271243e-05
0.0,-2.230512312274024e-06,2.230512312274024e-06
0.0,1.7164930455665895e-05,-1.7164930455665895e-05
0.0,1.618776943916652e-05,-1.618776943916652e-05
0.0,1.7164930455665895e-05,-1.7164930455665895e-05
0.0,1.7164930455665895e-05,-1.7164930455665895e-05
0.02,0.020013551529140448,-1.3551529140447272e-05
0.01,0.009745017562467784,0.00025498243753221614
0.02,0.020001605592976344,-1.605592976343384e-06
0.03,0.029967286740882577,3.271325911742215e-05
0.0,2.6099331975468947e-06,-2.6099331975468947e-06
0.03,0.029967286740882577,3.271325911742215e-05
0.02,0.020007186858973305,-7.186858973304983e-06
0.0,1.7164930455665895e-05,-1.7164930455665895e-05
0.0,1.7164930455665895e-05,-1.7164930455665895e-05
0.0,1.1502421226249672e-05,-1.1502421226249672e-05
0.02,0.02008836389152991,-8.836389152990995e-05
0.0,8.272442426963119e-06,-8.272442426963119e-06
0.0,1.7164930455665895e-05,-1.7164930455665895e-05
0.03,0.03004209910327204,-4.209910327204053e-05
0.0,1.1502421226249672e-05,-1.1502421226249672e-05
0.02,0.019872372114979255,0.00012762788502074587
0.0,1.7164930455665895e-05,-1.7164930455665895e-05
0.0,1.7164930455665895e-05,-1.7164930455665895e-05
0.02,0.01984074428506043,0.00015925571493956986
0.0,1.7164930455665895e-05,-1.7164930455665895e-05
0.0,1.618776943916652e-05,-1.618776943916652e-05
0.05,0.05007566338668885,-7.566338668884426e-05
0.0,1.7164930455665895e-05,-1.7164930455665895e-05
0.01,0.010127679414020613,-0.00012767941402061327
0.0,1.618776943916652e-05,-1.618776943916652e-05
0.0,1.6799757532185915e-05,-1.6799757532185915e-05
0.01,0.01013786709450599,-0.0001378670945059897
0.05,0.05007566338668885,-7.566338668884426e-05
0.04,0.04000162482009187,-1.6248200918680955e-06
0.0,1.7164930455665895e-05,-1.7164930455665895e-05
0.01,0.009979213141571729,2.0786858428271243e-05
0.06,0.03443405369300275,0.025565946306997246
0.0,1.7164930455665895e-05,-1.7164930455665895e-05
0.0,8.272442426963119e-06,-8.272442426963119e-06
0.0,1.1502421226249672e-05,-1.1502421226249672e-05
0.02,0.020007186858973305,-7.186858973304983e-06
0.0,1.7164930455665895e-05,-1.7164930455665895e-05
0.0,1.7164930455665895e-05,-1.7164930455665895e-05
0.0,1.7164930455665895e-05,-1.7164930455665895e-05
0.05,0.050133963303500395,-0.00013396330350039232
0.0,-2.230512312274024e-06,2.230512312274024e-06
0.0,1.7164930455665895e-05,-1.7164930455665895e-05
0.0,1.7164930455665895e-05,-1.7164930455665895e-05
0.0,1.7164930455665895e-05,-1.7164930455665895e-05
0.0,1.1502421226249672e-05,-1.1502421226249672e-05
0.03,0.029967286740882577,3.271325911742215e-05
0.0,1.7164930455665895e-05,-1.7164930455665895e-05
0.03,0.02989201944983457,0.00010798055016542768
0.03,0.029972438872133834,2.7561127866164437e-05
0.0,1.1502421226249672e-05,-1.1502421226249672e-05
0.02,0.01984074428506043,0.00015925571493956986
0.05,0.050241091908264236,-0.0002410919082642335
0.0,7.295281410463746e-06,-7.295281410463746e-06
0.0,1.7164930455665895e-05,-1.7164930455665895e-05
0.02,0.01983437961489329,0.00016562038510671215
0.0,7.907269503483138e-06,-7.907269503483138e-06
0.0,1.7164930455665895e-05,-1.7164930455665895e-05
0.0,8.272442426963119e-06,-8.272442426963119e-06
0.05,0.048542356464834256,0.0014576435351657466
0.03,0.030036517837275078,-3.651783727507893e-05
0.06,0.05743187647068646,0.002568123529313536
0.02,0.020007186858973305,-7.186858973304983e-06
0.04,0.03975989352745681,0.00024010647254318895
0.0,8.272442426963119e-06,-8.272442426963119e-06
0.0,1.7164930455665895e-05,-1.7164930455665895e-05
0.0,1.618776943916652e-05,-1.618776943916652e-05
0.02,0.020013551529140448,-1.3551529140447272e-05
0.0,1.7164930455665895e-05,-1.7164930455665895e-05
0.0,8.272442426963119e-06,-8.272442426963119e-06
0.0,1.618776943916652e-05,-1.618776943916652e-05
0.04,0.03957429723778082,0.00042570276221918363
0.0,1.7164930455665895e-05,-1.7164930455665895e-05
0.0,1.7164930455665895e-05,-1.7164930455665895e-05
0.0,1.7164930455665895e-05,-1.7164930455665895e-05
0.0,1.7164930455665895e-05,-1.7164930455665895e-05
0.02,0.019829082278587352,0.00017091772141264797
0.0,1.7164930455665895e-05,-1.7164930455665895e-05
0.0,1.7164930455665895e-05,-1.7164930455665895e-05
0.02,0.01979119508242265,0.00020880491757735084
0.02,0.01994038396608652,5.961603391348158e-05
0.03,0.029881483532880334,0.00011851646711966493
0.03,0.02989201944983457,0.00010798055016542768
0.0,1.6799757532185915e-05,-1.6799757532185915e-05
0.0,1.7164930455665895e-05,-1.7164930455665895e-05
0.0,1.618776943916652e-05,-1.618776943916652e-05
0.0,1.1502421226249672e-05,-1.1502421226249672e-05
0.04,0.039934946930215924,6.505306978407677e-05
0.0,1.618776943916652e-05,-1.618776943916652e-05
0.0,0.010078547960372783,-0.010078547960372783
0.03,0.029966351292252943,3.364870774705611e-05
0.02,0.01983437961489329,0.00016562038510671215
0.0,1.6799757532185915e-05,-1.6799757532185915e-05
0.0,7.295281410463746e-06,-7.295281410463746e-06
0.04,0.03951433913682934,0.0004856608631706588
0.0,8.272442426963119e-06,-8.272442426963119e-06
0.01,0.009993929438590902,6.07056140909841e-06
0.03,0.03004209910327204,-4.209910327204053e-05
0.0,1.618776943916652e-05,-1.618776943916652e-05
0.0,-1.1123000340976801e-05,1.1123000340976801e-05
0.02,0.019785613816425688,0.00021438618357431244
0.05,0.05012102577132354,-0.00012102577132353659
0.0,8.272442426963119e-06,-8.272442426963119e-06
0.03,0.029539833825309048,0.00046016617469095064
0.0,1.7164930455665895e-05,-1.7164930455665895e-05
0.03,0.029967286740882577,3.271325911742215e-05
0.0,1.7164930455665895e-05,-1.7164930455665895e-05
0.02,0.020001605592976344,-1.605592976343384e-06
0.0,1.1502421226249672e-05,-1.1502421226249672e-05
0.02,0.019785897746116714,0.00021410225388328666
0.0,1.7164930455665895e-05,-1.7164930455665895e-05
0.0,1.7164930455665895e-05,-1.7164930455665895e-05
0.0,1.7164930455665895e-05,-1.7164930455665895e-05
0.0,8.272442426963119e-06,-8.272442426963119e-06
0.02,0.02003183860363558,-3.183860363557833e-05
0.03,0.030036517837275078,-3.651783727507893e-05
0.03,0.029956295895269797,4.3704104730202253e-05
0.02,0.020007186858973305,-7.186858973304983e-06
0.0,1.7164930455665895e-05,-1.7164930455665895e-05
0.0,-2.230512312274024e-06,2.230512312274024e-06
0.04,0.04000162482009187,-1.6248200918680955e-06
0.0,1.7164930455665895e-05,-1.7164930455665895e-05
0.0,1.7164930455665895e-05,-1.7164930455665895e-05
0.0,1.618776943916652e-05,-1.618776943916652e-05
0.03,0.029967286740882577,3.271325911742215e-05
0.01,0.009986844130662288,1.3155869337711998e-05
0.03,0.029961705474885615,3.829452511438375e-05
0.05,0.05007566338668885,-7.566338668884426e-05
0.03,0.029528842979696268,0.00047115702030373074
0.04,0.039934946930215924,6.505306978407677e-05
0.05,0.050092039129018856,-9.203912901885325e-05
0.0,1.1502421226249672e-05,-1.1502421226249672e-05
0.0,1.7164930455665895e-05,-1.7164930455665895e-05
0.0,1.7164930455665895e-05,-1.7164930455665895e-05
0.02,0.01994038396608652,5.961603391348158e-05
0.0,1.7164930455665895e-05,-1.7164930455665895e-05
0.02,0.020007186858973305,-7.186858973304983e-06
0.0,1.6799757532185915e-05,-1.6799757532185915e-05
0.0,1.618776943916652e-05,-1.618776943916652e-05
0.03,0.029972438872133834,2.7561127866164437e-05
0.0,8.272442426963119e-06,-8.272442426963119e-06
0.0,1.7164930455665895e-05,-1.7164930455665895e-05
0.02,0.020026257337638617,-2.6257337638616735e-05
0.0,1.6799757532185915e-05,-1.6799757532185915e-05
0.03,0.030036517837275078,-3.651783727507893e-05
0.0,1.7164930455665895e-05,-1.7164930455665895e-05
0.0,-2.230512312274024e-06,2.230512312274024e-06
0.0,1.1502421226249672e-05,-1.1502421226249672e-05
0.0,1.1502421226249672e-05,-1.1502421226249672e-05
0.02,0.020013551529140448,-1.3551529140447272e-05
0.0,1.618776943916652e-05,-1.618776943916652e-05
0.0,1.7164930455665895e-05,-1.7164930455665895e-05
0.0,1.6799757532185915e-05,-1.6799757532185915e-05
0.0,1.7164930455665895e-05,-1.7164930455665895e-05
0.02,0.01984074428506043,0.00015925571493956986
0.0,1.7164930455665895e-05,-1.7164930455665895e-05
0.06,0.05743187647068646,0.002568123529313536
0.06,0.05485438777575236,0.005145612224247635
0.0,1.7164930455665895e-05,-1.7164930455665895e-05
0.02,0.020007186858973305,-7.186858973304983e-06
0.0,1.7164930455665895e-05,-1.7164930455665895e-05
0.0,1.618776943916652e-05,-1.618776943916652e-05
0.0,1.618776943916652e-05,-1.618776943916652e-05
0.05,0.05006272585451199,-6.272585451198853e-05
0.05,0.048471569816504134,0.0015284301834958686
0.0,1.618776943916652e-05,-1.618776943916652e-05
0.0,-1.1123000340976801e-05,1.1123000340976801e-05
0.01,0.010083010137783309,-8.301013778330875e-05
0.0,7.295281410463746e-06,-7.295281410463746e-06
0.0,1.618776943916652e-05,-1.618776943916652e-05
0.0,1.1502421226249672e-05,-1.1502421226249672e-05
0.0,8.272442426963119e-06,-8.272442426963119e-06
0.0,1.6799757532185915e-05,-1.6799757532185915e-05
0.01,0.01013786709450599,-0.0001378670945059897
0.0,1.7164930455665895e-05,-1.7164930455665895e-05
0.02,0.01983437961489329,0.00016562038510671215
0.0,1.7164930455665895e-05,-1.7164930455665895e-05
0.0,1.7164930455665895e-05,-1.7164930455665895e-05
0.05,0.050092039129018856,-9.203912901885325e-05
0.0,1.618776943916652e-05,-1.618776943916652e-05
0.0,1.1502421226249672e-05,-1.1502421226249672e-05
0.0,1.7164930455665895e-05,-1.7164930455665895e-05
0.02,0.020007186858973305,-7.186858973304983e-06
0.0,1.7164930455665895e-05,-1.7164930455665895e-05
0.02,0.020007186858973305,-7.186858973304983e-06
0.0,1.1502421226249672e-05,-1.1502421226249672e-05
0.0,1.7164930455665895e-05,-1.7164930455665895e-05
0.03,0.029967286740882577,3.271325911742215e-05
0.0,1.1502421226249672e-05,-1.1502421226249672e-05
0.0,8.272442426963119e-06,-8.272442426963119e-06
0.0,1.7164930455665895e-05,-1.7164930455665895e-05
0.0,1.618776943916652e-05,-1.618776943916652e-05
0.03,0.03004209910327204,-4.209910327204053e-05
0.03,0.03004209910327204,-4.209910327204053e-05
0.0,8.272442426963119e-06,-8.272442426963119e-06
0.04,0.03994332490328032,5.667509671967996e-05
0.0,1.7164930455665895e-05,-1.7164930455665895e-05
0.05,0.050133963303500395,-0.00013396330350039232
0.0,1.6799757532185915e-05,-1.6799757532185915e-05
0.0,1.7164930455665895e-05,-1.7164930455665895e-05
0.0,1.6799757532185915e-05,-1.6799757532185915e-05
0.03,0.029967286740882577,3.271325911742215e-05
0.05,0.04884287177788767,0.0011571282221123358
0.0,1.7164930455665895e-05,-1.7164930455665895e-05
0.0,2.6099331975468947e-06,-2.6099331975468947e-06
0.0,1.1502421226249672e-05,-1.1502421226249672e-05
0.05,0.05010035346073116,-0.00010035346073115903
0.0,1.618776943916652e-05,-1.618776943916652e-05
0.0,1.7164930455665895e-05,-1.7164930455665895e-05
0.0,1.1502421226249672e-05,-1.1502421226249672e-05
0.02,0.019829082278587352,0.00017091772141264797
0.05,0.05007566338668885,-7.566338668884426e-05
0.02,0.019809402906128388,0.00019059709387161256
0.0,8.272442426963119e-06,-8.272442426963119e-06
0.0,1.7164930455665895e-05,-1.7164930455665895e-05
0.0,1.7164930455665895e-05,-1.7164930455665895e-05
0.0,1.6799757532185915e-05,-1.6799757532185915e-05
0.01,0.010127679414020613,-0.00012767941402061327
0.05,0.05006272585451199,-6.272585451198853e-05
0.0,1.6799757532185915e-05,-1.6799757532185915e-05
0.0,1.618776943916652e-05,-1.618776943916652e-05
0.0,1.618776943916652e-05,-1.618776943916652e-05
0.0,1.618776943916652e-05,-1.618776943916652e-05
0.0,1.618776943916652e-05,-1.618776943916652e-05
0.0,1.7164930455665895e-05,-1.7164930455665895e-05
0.05,0.050133963303500395,-0.00013396330350039232
0.04,0.039918962362920876,8.103763707912465e-05
0.02,0.01981576757629553,0.00018423242370447027
0.0,1.618776943916652e-05,-1.618776943916652e-05
0.04,0.0397108884386317,0.0002891115613683007
0.0,8.272442426963119e-06,-8.272442426963119e-06
0.05,0.049347856157918174,0.0006521438420818287
0.04,0.03989761503416475,0.00010238496583524909
0.05,0.050079101596842,-7.910159684199752e-05
0.03,0.029967286740882577,3.271325911742215e-05
0.0,1.618776943916652e-05,-1.618776943916652e-05
0.0,1.618776943916652e-05,-1.618776943916652e-05
0.0,1.6799757532185915e-05,-1.6799757532185915e-05
0.03,0.029967286740882577,3.271325911742215e-05
0.0,1.618776943916652e-05,-1.618776943916652e-05
0.0,1.7164930455665895e-05,-1.7164930455665895e-05
0.01,0.009704036202984627,0.0002959637970153736
0.02,0.020001605592976344,-1.605592976343384e-06
0.01,0.009979213141571729,2.0786858428271243e-05
0.01,0.009965037465996205,3.496253400379554e-05
0.0,1.618776943916652e-05,-1.618776943916652e-05
0.05,0.05017129519955157,-0.00017129519955156464
0.02,0.020013551529140448,-1.3551529140447272e-05
0.0,8.272442426963119e-06,-8.272442426963119e-06
0.0,1.7164930455665895e-05,-1.7164930455665895e-05
0.0,1.7164930455665895e-05,-1.7164930455665895e-05
0.0,1.7164930455665895e-05,-1.7164930455665895e-05
0.0,2.6099331975468947e-06,-2.6099331975468947e-06
0.0,1.6799757532185915e-05,-1.6799757532185915e-05
0.02,0.01979119508242265,0.00020880491757735084
0.0,1.7164930455665895e-05,-1.7164930455665895e-05
0.0,1.7164930455665895e-05,-1.7164930455665895e-05
0.05,0.050133963303500395,-0.00013396330350039232
0.0,7.295281410463746e-06,-7.295281410463746e-06
0.0,8.272442426963119e-06,-8.272442426963119e-06
0.0,1.7164930455665895e-05,-1.7164930455665895e-05
0.0,1.7164930455665895e-05,-1.7164930455665895e-05
0.0,8.272442426963119e-06,-8.272442426963119e-06
0.0,1.7164930455665895e-05,-1.7164930455665895e-05
0.02,0.02000188952266737,-1.8895226673691645e-06
0.0,1.7164930455665895e-05,-1.7164930455665895e-05
0.03,0.030016154642689162,-1.6154642689163168e-05
0.04,0.03998065679933149,1.9343200668507643e-05
0.0,1.7164930455665895e-05,-1.7164930455665895e-05
0.04,0.039938884620176106,6.111537982389503e-05
0.02,0.020076417955365806,-7.641795536580606e-05
0.06,0.059965685579963776,3.431442003622165e-05
0.0,1.7164930455665895e-05,-1.7164930455665895e-05
0.01,0.009943956498809888,5.6043501190112394e-05
0.05,0.05015371572021203,-0.00015371572021202762
0.02,0.01994674863625366,5.325136374633929e-05
0.0,1.6799757532185915e-05,-1.6799757532185915e-05
0.03,0.029956295895269797,4.3704104730202253e-05
0.0,1.1502421226249672e-05,-1.1502421226249672e-05
0.0,1.618776943916652e-05,-1.618776943916652e-05
0.05,0.05007566338668885,-7.566338668884426e-05
0.0,1.1502421226249672e-05,-1.1502421226249672e-05
0.02,0.020076417955365806,-7.641795536580606e-05
0.0,1.618776943916652e-05,-1.618776943916652e-05
0.03,0.029967286740882577,3.271325911742215e-05
0.02,0.019785897746116714,0.00021410225388328666
0.0,1.7164930455665895e-05,-1.7164930455665895e-05
0.0,1.7164930455665895e-05,-1.7164930455665895e-05
0.0,1.7164930455665895e-05,-1.7164930455665895e-05
0.02,0.01983437961489329,0.00016562038510671215
0.0,1.618776943916652e-05,-1.618776943916652e-05
0.02,0.019339175675386806,0.0006608243246131948
0.0,1.7164930455665895e-05,-1.7164930455665895e-05
0.02,0.01983437961489329,0.00016562038510671215
0.05,0.05011299528274002,-0.00011299528274001658
0.0,2.6099331975468947e-06,-2.6099331975468947e-06
0.0,1.618776943916652e-05,-1.618776943916652e-05
0.0,1.7164930455665895e-05,-1.7164930455665895e-05
0.04,0.039685081165067346,0.0003149188349326551
0.0,8.272442426963119e-06,-8.272442426963119e-06
0.02,0.01981576757629553,0.00018423242370447027
0.05,0.048394961004196456,0.0016050389958035469
0.0,7.295281410463746e-06,-7.295281410463746e-06
0.0,1.6799757532185915e-05,-1.6799757532185915e-05
0.0,1.1502421226249672e-05,-1.1502421226249672e-05
0.03,0.029961705474885615,3.829452511438375e-05
0.03,0.03004209910327204,-4.209910327204053e-05
0.0,1.1502421226249672e-05,-1.1502421226249672e-05
0.0,1.1502421226249672e-05,-1.1502421226249672e-05
0.03,0.029539833825309048,0.00046016617469095064
0.02,0.019785897746116714,0.00021410225388328666
0.03,0.03004209910327204,-4.209910327204053e-05
0.03,0.029961705474885615,3.829452511438375e-05
0.02,0.020001605592976344,-1.605592976343384e-06
0.0,1.7164930455665895e-05,-1.7164930455665895e-05
0.04,0.03994332490328032,5.667509671967996e-05
0.0,1.7164930455665895e-05,-1.7164930455665895e-05
0.03,0.029961705474885615,3.829452511438375e-05
0.02,0.019797559752589792,0.00020244024741020855
0.0,8.272442426963119e-06,-8.272442426963119e-06
0.02,0.020001605592976344,-1.605592976343384e-06
0.0,1.7164930455665895e-05,-1.7164930455665895e-05
0.0,1.6799757532185915e-05,-1.6799757532185915e-05
0.0,1.7164930455665895e-05,-1.7164930455665895e-05
0.0,1.618776943916652e-05,-1.618776943916652e-05
0.0,1.7164930455665895e-05,-1.7164930455665895e-05
0.0,1.7164930455665895e-05,-1.7164930455665895e-05
0.03,0.030036517837275078,-3.651783727507893e-05
0.01,0.01014344836050295,-0.00014344836050294955
0.0,1.6799757532185915e-05,-1.6799757532185915e-05
0.0,1.1502421226249672e-05,-1.1502421226249672e-05
0.03,0.029967286740882577,3.271325911742215e-05
0.04,0.03960057752133981,0.0003994224786601913
0.02,0.019829082278587352,0.00017091772141264797
0.02,0.02003824474221566,-3.824474221566024e-05
0.0,1.7164930455665895e-05,-1.7164930455665895e-05
0.02,0.019797559752589792,0.00020244024741020855
0.03,0.029956295895269797,4.3704104730202253e-05
0.0,1.618776943916652e-05,-1.618776943916652e-05
0.02,0.020007186858973305,-7.186858973304983e-06
0.02,0.020007186858973305,-7.186858973304983e-06
0.05,0.050133963303500395,-0.00013396330350039232
0.0,1.7164930455665895e-05,-1.7164930455665895e-05
0.0,1.7164930455665895e-05,-1.7164930455665895e-05
0.03,0.029967286740882577,3.271325911742215e-05
0.03,0.03004209910327204,-4.209910327204053e-05
0.0,1.7164930455665895e-05,-1.7164930455665895e-05
0.0,1.6799757532185915e-05,-1.6799757532185915e-05
0.0,1.7164930455665895e-05,-1.7164930455665895e-05
0.0,1.618776943916652e-05,-1.618776943916652e-05
0.0,1.618776943916652e-05,-1.618776943916652e-05
0.02,0.020013551529140448,-1.3551529140447272e-05
0.0,1.7164930455665895e-05,-1.7164930455665895e-05
0.0,1.6799757532185915e-05,-1.6799757532185915e-05
0.0,7.907269503483138e-06,-7.907269503483138e-06
0.0,1.7164930455665895e-05,-1.7164930455665895e-05
0.03,0.029967286740882577,3.271325911742215e-05
0.0,1.618776943916652e-05,-1.618776943916652e-05
0.0,1.618776943916652e-05,-1.618776943916652e-05
0.04,0.03975989352745681,0.00024010647254318895
0.0,-2.230512312274024e-06,2.230512312274024e-06
0.03,0.03004209910327204,-4.209910327204053e-05
0.03,0.029972438872133834,2.7561127866164437e-05
0.0,1.618776943916652e-05,-1.618776943916652e-05
0.03,0.029967286740882577,3.271325911742215e-05
0.0,1.1502421226249672e-05,-1.1502421226249672e-05
0.0,7.295281410463746e-06,-7.295281410463746e-06
0.0,1.6799757532185915e-05,-1.6799757532185915e-05
0.0,1.618776943916652e-05,-1.618776943916652e-05
0.0,1.618776943916652e-05,-1.618776943916652e-05
0.0,1.7164930455665895e-05,-1.7164930455665895e-05
0.06,0.060023985496775324,-2.398549677532641e-05
0.04,0.03987719018376549,0.00012280981623451204
0.0,7.295281410463746e-06,-7.295281410463746e-06
0.0,1.618776943916652e-05,-1.618776943916652e-05
0.0,1.7164930455665895e-05,-1.7164930455665895e-05
0.0,1.1502421226249672e-05,-1.1502421226249672e-05
0.03,0.03004209910327204,-4.209910327204053e-05
0.0,1.7164930455665895e-05,-1.7164930455665895e-05
0.0,1.1502421226249672e-05,-1.1502421226249672e-05
0.0,1.7164930455665895e-05,-1.7164930455665895e-05
0.03,0.029972438872133834,2.7561127866164437e-05
0.03,0.029967286740882577,3.271325911742215e-05
0.0,8.272442426963119e-06,-8.272442426963119e-06
0.0,1.618776943916652e-05,-1.618776943916652e-05
0.03,0.029875902266883372,0.00012409773311662653
0.0,1.7164930455665895e-05,-1.7164930455665895e-05
0.03,0.02989201944983457,0.00010798055016542768
0.0,1.6799757532185915e-05,-1.6799757532185915e-05
0.05,0.048394961004196456,0.0016050389958035469
0.02,0.020001605592976344,-1.605592976343384e-06
0.0,1.6799757532185915e-05,-1.6799757532185915e-05
0.05,0.05007566338668885,-7.566338668884426e-05
0.0,1.6799757532185915e-05,-1.6799757532185915e-05
0.02,0.020013551529140448,-1.3551529140447272e-05
0.03,0.029967286740882577,3.271325911742215e-05
0.05,0.04877694681238226,0.0012230531876177425
0.0,1.618776943916652e-05,-1.618776943916652e-05
0.0,1.1502421226249672e-05,-1.1502421226249672e-05
0.01,0.009969025461086353,3.097453891364767e-05
0.0,1.7164930455665895e-05,-1.7164930455665895e-05
0.02,0.01942879509635272,0.0005712049036472808
0.0,1.618776943916652e-05,-1.618776943916652e-05
0.02,0.02000188952266737,-1.8895226673691645e-06
0.0,1.7164930455665895e-05,-1.7164930455665895e-05
0.05,0.05007566338668885,-7.566338668884426e-05
0.0,8.272442426963119e-06,-8.272442426963119e-06
0.03,0.029966831812224034,3.3168187775965e-05
0.02,0.01984074428506043,0.00015925571493956986
0.01,0.00973793225453917,0.0002620677454608297
0.04,0.04000162482009187,-1.6248200918680955e-06
0.0,1.1502421226249672e-05,-1.1502421226249672e-05
0.0,-2.230512312274024e-06,2.230512312274024e-06
0.05,0.05012937102507003,-0.00012937102507002557
0.0,1.7164930455665895e-05,-1.7164930455665895e-05
0.03,0.029961705474885615,3.829452511438375e-05
0.0,1.618776943916652e-05,-1.618776943916652e-05
0.0,1.618776943916652e-05,-1.618776943916652e-05
0.0,1.7164930455665895e-05,-1.7164930455665895e-05
0.04,0.03995970064561033,4.029935438967097e-05
0.02,0.020013551529140448,-1.3551529140447272e-05
0.03,0.030036517837275078,-3.651783727507893e-05
0.0,1.7164930455665895e-05,-1.7164930455665895e-05
0.04,0.03975989352745681,0.00024010647254318895
0.0,1.7164930455665895e-05,-1.7164930455665895e-05
0.0,2.6099331975468947e-06,-2.6099331975468947e-06
0.0,1.7164930455665895e-05,-1.7164930455665895e-05
0.0,8.272442426963119e-06,-8.272442426963119e-06
0.0,1.618776943916652e-05,-1.618776943916652e-05
0.02,0.019809402906128388,0.00019059709387161256
0.06,0.05996256061463901,3.74393853609864e-05
0.0,1.7164930455665895e-05,-1.7164930455665895e-05
0.02,0.020001605592976344,-1.605592976343384e-06
0.0,1.7164930455665895e-05,-1.7164930455665895e-05
0.0,8.272442426963119e-06,-8.272442426963119e-06
0.03,0.029956295895269797,4.3704104730202253e-05
0.0,8.272442426963119e-06,-8.272442426963119e-06
0.0,8.272442426963119e-06,-8.272442426963119e-06
0.0,1.7164930455665895e-05,-1.7164930455665895e-05
0.0,7.295281410463746e-06,-7.295281410463746e-06
0.01,0.009957952158067591,4.2047841932409125e-05
0.0,1.7164930455665895e-05,-1.7164930455665895e-05
0.0,1.6799757532185915e-05,-1.6799757532185915e-05
0.0,1.7164930455665895e-05,-1.7164930455665895e-05
0.02,0.01983437961489329,0.00016562038510671215
0.0,8.272442426963119e-06,-8.272442426963119e-06
0.04,0.03972241306111852,0.0002775869388814828
0.0,-2.230512312274024e-06,2.230512312274024e-06
0.0,8.272442426963119e-06,-8.272442426963119e-06
0.0,1.6799757532185915e-05,-1.6799757532185915e-05
0.02,0.020007186858973305,-7.186858973304983e-06
0.02,0.020013551529140448,-1.3551529140447272e-05
0.0,1.618776943916652e-05,-1.618776943916652e-05
0.0,1.7164930455665895e-05,-1.7164930455665895e-05
0.0,1.7164930455665895e-05,-1.7164930455665895e-05
0.0,1.7164930455665895e-05,-1.7164930455665895e-05
0.0,1.7164930455665895e-05,-1.7164930455665895e-05
0.02,0.019797559752589792,0.00020244024741020855
0.0,1.618776943916652e-05,-1.618776943916652e-05
0.03,0.03007414544349425,-7.414544349424942e-05
0.0,-2.230512312274024e-06,2.230512312274024e-06
0.0,1.618776943916652e-05,-1.618776943916652e-05
0.02,0.020007186858973305,-7.186858973304983e-06
0.02,0.01984074428506043,0.00015925571493956986
0.03,0.030047251234523297,-4.725123452329824e-05
0.03,0.029956295895269797,4.3704104730202253e-05
0.03,0.02955371177555448,0.0004462882244455173
0.0,-2.230512312274024e-06,2.230512312274024e-06
0.0,1.7164930455665895e-05,-1.7164930455665895e-05
0.0,1.1502421226249672e-05,-1.1502421226249672e-05
0.01,0.009993929438590902,6.07056140909841e-06
0.0,1.618776943916652e-05,-1.618776943916652e-05
0.02,0.020001605592976344,-1.605592976343384e-06
0.0,1.7164930455665895e-05,-1.7164930455665895e-05
0.0,-2.230512312274024e-06,2.230512312274024e-06
0.0,1.7164930455665895e-05,-1.7164930455665895e-05
0.04,0.03975989352745681,0.00024010647254318895
0.0,7.295281410463746e-06,-7.295281410463746e-06
0.0,8.272442426963119e-06,-8.272442426963119e-06
0.0,1.7164930455665895e-05,-1.7164930455665895e-05
0.0,1.618776943916652e-05,-1.618776943916652e-05
0.03,0.029967286740882577,3.271325911742215e-05
0.04,0.03995970064561033,4.029935438967097e-05
0.0,1.618776943916652e-05,-1.618776943916652e-05
0.03,0.029956295895269797,4.3704104730202253e-05
0.02,0.020007186858973305,-7.186858973304983e-06
0.0,1.7164930455665895e-05,-1.7164930455665895e-05
0.03,0.029972438872133834,2.7561127866164437e-05
0.0,8.272442426963119e-06,-8.272442426963119e-06
0.0,1.1502421226249672e-05,-1.1502421226249672e-05
0.0,1.1502421226249672e-05,-1.1502421226249672e-05
0.03,0.02989201944983457,0.00010798055016542768
0.0,1.7164930455665895e-05,-1.7164930455665895e-05
0.0,1.7164930455665895e-05,-1.7164930455665895e-05
0.0,8.272442426963119e-06,-8.272442426963119e-06
0.0,7.295281410463746e-06,-7.295281410463746e-06
0.0,1.7164930455665895e-05,-1.7164930455665895e-05
0.0,8.272442426963119e-06,-8.272442426963119e-06
0.05,0.05006272585451199,-6.272585451198853e-05
0.0,1.6799757532185915e-05,-1.6799757532185915e-05
0.0,8.272442426963119e-06,-8.272442426963119e-06
0.03,0.029956295895269797,4.3704104730202253e-05
0.0,1.7164930455665895e-05,-1.7164930455665895e-05
0.0,1.6799757532185915e-05,-1.6799757532185915e-05
0.0,1.7164930455665895e-05,-1.7164930455665895e-05
0.02,0.01986042617881515,0.00013957382118484976
0.01,0.010000294108758046,-2.9410875804561365e-07
0.0,1.7164930455665895e-05,-1.7164930455665895e-05
0.0,1.7164930455665895e-05,-1.7164930455665895e-05
0.0,1.1502421226249672e-05,-1.1502421226249672e-05
0.01,0.009723936595281467,0.000276063404718533
0.05,0.05012102577132354,-0.00012102577132353659
0.0,2.6099331975468947e-06,-2.6099331975468947e-06
0.01,0.01013786709450599,-0.0001378670945059897
0.0,1.7164930455665895e-05,-1.7164930455665895e-05
0.0,1.618776943916652e-05,-1.618776943916652e-05
0.0,1.7164930455665895e-05,-1.7164930455665895e-05
0.04,0.039918962362920876,8.103763707912465e-05
0.0,1.6799757532185915e-05,-1.6799757532185915e-05
0.03,0.03004209910327204,-4.209910327204053e-05
0.0,1.7164930455665895e-05,-1.7164930455665895e-05
0.04,0.03972241306111852,0.0002775869388814828
0.05,0.05035558564868825,-0.0003555856486882475
0.05,0.05006272585451199,-6.272585451198853e-05
0.05,0.048408420182199444,0.0015915798178005591
0.0,1.618776943916652e-05,-1.618776943916652e-05
0.0,1.7164930455665895e-05,-1.7164930455665895e-05
0.02,0.01984074428506043,0.00015925571493956986
0.0,1.7164930455665895e-05,-1.7164930455665895e-05
0.0,1.1502421226249672e-05,-1.1502421226249672e-05
0.0,8.272442426963119e-06,-8.272442426963119e-06
0.0,1.618776943916652e-05,-1.618776943916652e-05
0.0,1.7164930455665895e-05,-1.7164930455665895e-05
0.06,0.05659661110043022,0.00340338889956978
0.0,7.907269503483138e-06,-7.907269503483138e-06
0.0,1.618776943916652e-05,-1.618776943916652e-05
0.02,0.020013551529140448,-1.3551529140447272e-05
0.0,1.1502421226249672e-05,-1.1502421226249672e-05
0.05,0.05007566338668885,-7.566338668884426e-05
0.0,1.7164930455665895e-05,-1.7164930455665895e-05
0.02,0.01984074428506043,0.00015925571493956986
0.03,0.029972438872133834,2.7561127866164437e-05
0.0,1.6799757532185915e-05,-1.6799757532185915e-05
0.0,1.7164930455665895e-05,-1.7164930455665895e-05
0.03,0.029961705474885615,3.829452511438375e-05
0.05,0.05006272585451199,-6.272585451198853e-05
0.05,0.0500513008463294,-5.1300846329399574e-05
0.0,1.1502421226249672e-05,-1.1502421226249672e-05
0.0,8.272442426963119e-06,-8.272442426963119e-06
0.0,1.7164930455665895e-05,-1.7164930455665895e-05
0.02,0.020013551529140448,-1.3551529140447272e-05
0.02,0.02000188952266737,-1.8895226673691645e-06
0.0,1.7164930455665895e-05,-1.7164930455665895e-05
0.0,1.6799757532185915e-05,-1.6799757532185915e-05
0.0,1.6799757532185915e-05,-1.6799757532185915e-05
0.0,1.7164930455665895e-05,-1.7164930455665895e-05
0.05,0.05006272585451199,-6.272585451198853e-05
0.0,1.7164930455665895e-05,-1.7164930455665895e-05
0.0,1.7164930455665895e-05,-1.7164930455665895e-05
0.03,0.029967286740882577,3.271325911742215e-05
0.01,0.009993929438590902,6.07056140909841e-06
0.0,1.7164930455665895e-05,-1.7164930455665895e-05
0.03,0.03004209910327204,-4.209910327204053e-05
0.04,0.039938884620176106,6.111537982389503e-05
0.0,1.6799757532185915e-05,-1.6799757532185915e-05
0.02,0.019785613816425688,0.00021438618357431244
0.0,1.7164930455665895e-05,-1.7164930455665895e-05
0.0,1.1502421226249672e-05,-1.1502421226249672e-05
0.0,8.272442426963119e-06,-8.272442426963119e-06
0.02,0.020001605592976344,-1.605592976343384e-06
0.03,0.02989201944983457,0.00010798055016542768
0.01,0.00971803186224233,0.00028196813775767035
0.03,0.030036517837275078,-3.651783727507893e-05
0.0,1.7164930455665895e-05,-1.7164930455665895e-05
0.0,1.7164930455665895e-05,-1.7164930455665895e-05
0.0,8.272442426963119e-06,-8.272442426963119e-06
0.02,0.020013551529140448,-1.3551529140447272e-05
0.0,1.7164930455665895e-05,-1.7164930455665895e-05
0.0,-2.230512312274024e-06,2.230512312274024e-06
0.03,0.030036517837275078,-3.651783727507893e-05
0.0,8.272442426963119e-06,-8.272442426963119e-06
0.03,0.03004209910327204,-4.209910327204053e-05
0.04,0.03994332490328032,5.667509671967996e-05
0.0,1.7164930455665895e-05,-1.7164930455665895e-05
0.0,1.7164930455665895e-05,-1.7164930455665895e-05
0.0,1.618776943916652e-05,-1.618776943916652e-05
0.0,1.618776943916652e-05,-1.618776943916652e-05
0.0,8.272442426963119e-06,-8.272442426963119e-06
0.0,1.7164930455665895e-05,-1.7164930455665895e-05
0.0,1.1502421226249672e-05,-1.1502421226249672e-05
0.02,0.020013551529140448,-1.3551529140447272e-05
0.0,1.618776943916652e-05,-1.618776943916652e-05
0.02,0.020001605592976344,-1.605592976343384e-06
0.0,-2.230512312274024e-06,2.230512312274024e-06
0.01,0.009993208800829432,6.791199170567974e-06
0.06,0.059784629995711776,0.000215370004288222
0.02,0.020007186858973305,-7.186858973304983e-06
0.02,0.020007186858973305,-7.186858973304983e-06
0.0,1.6799757532185915e-05,-1.6799757532185915e-05
0.0,1.618776943916652e-05,-1.618776943916652e-05
0.0,1.618776943916652e-05,-1.618776943916652e-05
0.0,1.7164930455665895e-05,-1.7164930455665895e-05
0.0,-2.230512312274024e-06,2.230512312274024e-06
0.03,0.029967286740882577,3.271325911742215e-05
0.0,1.7164930455665895e-05,-1.7164930455665895e-05
0.0,1.618776943916652e-05,-1.618776943916652e-05
0.02,0.02000188952266737,-1.8895226673691645e-06
0.02,0.01983437961489329,0.00016562038510671215
0.02,0.01963748487112976,0.0003625151288702416
0.0,1.618776943916652e-05,-1.618776943916652e-05
0.0,1.6799757532185915e-05,-1.6799757532185915e-05
0.0,1.7164930455665895e-05,-1.7164930455665895e-05
0.0,1.7164930455665895e-05,-1.7164930455665895e-05
0.0,8.272442426963119e-06,-8.272442426963119e-06
0.0,1.618776943916652e-05,-1.618776943916652e-05
0.0,1.618776943916652e-05,-1.618776943916652e-05
0.02,0.019785613816425688,0.00021438618357431244
0.0,8.272442426963119e-06,-8.272442426963119e-06
0.0,1.1502421226249672e-05,-1.1502421226249672e-05
0.03,0.029961705474885615,3.829452511438375e-05
0.03,0.029972438872133834,2.7561127866164437e-05
0.04,0.039680544362823034,0.0003194556371769672
0.05,0.050079101596842,-7.910159684199752e-05
0.02,0.01984074428506043,0.00015925571493956986
0.02,0.01981576757629553,0.00018423242370447027
0.0,1.7164930455665895e-05,-1.7164930455665895e-05
0.02,0.019829082278587352,0.00017091772141264797
0.02,0.02000188952266737,-1.8895226673691645e-06
0.05,0.05017129519955157,-0.00017129519955156464
0.0,1.7164930455665895e-05,-1.7164930455665895e-05
0.0,-2.230512312274024e-06,2.230512312274024e-06
0.0,1.1502421226249672e-05,-1.1502421226249672e-05
0.03,0.029967286740882577,3.271325911742215e-05
0.0,7.295281410463746e-06,-7.295281410463746e-06
0.02,0.020007186858973305,-7.186858973304983e-06
0.02,0.020076417955365806,-7.641795536580606e-05
0.0,1.7164930455665895e-05,-1.7164930455665895e-05
0.05,0.05017129519955157,-0.00017129519955156464
0.01,0.009983741758105525,1.6258241894474834e-05
0.0,1.7164930455665895e-05,-1.7164930455665895e-05
0.0,1.7164930455665895e-05,-1.7164930455665895e-05
0.02,0.019797559752589792,0.00020244024741020855
0.0,1.6799757532185915e-05,-1.6799757532185915e-05
0.0,1.7164930455665895e-05,-1.7164930455665895e-05
0.04,0.03977626926978682,0.00022373073021317996
0.0,1.7164930455665895e-05,-1.7164930455665895e-05
0.0,8.272442426963119e-06,-8.272442426963119e-06
0.02,0.02003183860363558,-3.183860363557833e-05
0.0,1.1502421226249672e-05,-1.1502421226249672e-05
0.04,0.03995527910107383,4.472089892616771e-05
0.0,1.7164930455665895e-05,-1.7164930455665895e-05
0.04,0.039822802671775286,0.00017719732822471523
0.03,0.029967286740882577,3.271325911742215e-05
0.03,0.029956295895269797,4.3704104730202253e-05
0.04,0.03975989352745681,0.00024010647254318895
0.03,0.029837241644018745,0.00016275835598125385
0.0,8.272442426963119e-06,-8.272442426963119e-06
0.0,1.7164930455665895e-05,-1.7164930455665895e-05
0.03,0.029961705474885615,3.829452511438375e-05
0.03,0.029967286740882577,3.271325911742215e-05
0.0,1.1502421226249672e-05,-1.1502421226249672e-05
0.02,0.01983437961489329,0.00016562038510671215
0.0,1.7164930455665895e-05,-1.7164930455665895e-05
0.0,1.7164930455665895e-05,-1.7164930455665895e-05
0.0,1.618776943916652e-05,-1.618776943916652e-05
0.02,0.020007186858973305,-7.186858973304983e-06
0.05,0.05012102577132354,-0.00012102577132353659
0.01,0.010076645467616165,-7.664546761616473e-05
0.06,0.05943794231671028,0.0005620576832897212
0.0,1.7164930455665895e-05,-1.7164930455665895e-05
0.0,1.7164930455665895e-05,-1.7164930455665895e-05
0.0,1.7164930455665895e-05,-1.7164930455665895e-05
0.01,0.009969025461086353,3.097453891364767e-05
0.0,-2.230512312274024e-06,2.230512312274024e-06
0.0,1.7164930455665895e-05,-1.7164930455665895e-05
0.0,1.6799757532185915e-05,-1.6799757532185915e-05
0.03,0.0299413422802997,5.865771970029951e-05
0.01,0.00999010642827267,9.89357172733081e-06
0.0,1.7164930455665895e-05,-1.7164930455665895e-05
0.03,0.03004209910327204,-4.209910327204053e-05
0.0,1.7164930455665895e-05,-1.7164930455665895e-05
0.02,0.019935086629780583,6.49133702194174e-05
0.0,1.6799757532185915e-05,-1.6799757532185915e-05
0.0,1.7164930455665895e-05,-1.7164930455665895e-05
0.0,8.272442426963119e-06,-8.272442426963119e-06
0.0,1.1502421226249672e-05,-1.1502421226249672e-05
0.02,0.020001605592976344,-1.605592976343384e-06
0.0,1.7164930455665895e-05,-1.7164930455665895e-05
0.02,0.020007186858973305,-7.186858973304983e-06
0.0,1.7164930455665895e-05,-1.7164930455665895e-05
0.0,1.7164930455665895e-05,-1.7164930455665895e-05
0.03,0.029956295895269797,4.3704104730202253e-05
0.0,1.7164930455665895e-05,-1.7164930455665895e-05
0.0,1.7164930455665895e-05,-1.7164930455665895e-05
0.03,0.029967286740882577,3.271325911742215e-05
0.01,0.009993929438590902,6.07056140909841e-06
0.03,0.029967286740882577,3.271325911742215e-05
0.0,1.7164930455665895e-05,-1.7164930455665895e-05
0.0,1.7164930455665895e-05,-1.7164930455665895e-05
0.0,8.272442426963119e-06,-8.272442426963119e-06
0.0,1.7164930455665895e-05,-1.7164930455665895e-05
0.0,1.7164930455665895e-05,-1.7164930455665895e-05
0.05,0.04836461692838779,0.0016353830716122134
0.02,0.019797559752589792,0.00020244024741020855
0.03,0.029967286740882577,3.271325911742215e-05
0.0,1.618776943916652e-05,-1.618776943916652e-05
0.0,1.7164930455665895e-05,-1.7164930455665895e-05
0.0,8.272442426963119e-06,-8.272442426963119e-06
0.0,1.7164930455665895e-05,-1.7164930455665895e-05
0.0,1.6799757532185915e-05,-1.6799757532185915e-05
0.0,1.7164930455665895e-05,-1.7164930455665895e-05
0.04,0.03987719018376549,0.00012280981623451204
0.04,0.039685081165067346,0.0003149188349326551
0.0,1.7164930455665895e-05,-1.7164930455665895e-05
0.01,0.010000294108758046,-2.9410875804561365e-07
0.0,1.7164930455665895e-05,-1.7164930455665895e-05
0.03,0.029967286740882577,3.271325911742215e-05
0.0,1.618776943916652e-05,-1.618776943916652e-05
0.03,0.030058474845602055,-5.847484560205646e-05
0.0,1.7164930455665895e-05,-1.7164930455665895e-05
0.0,8.272442426963119e-06,-8.272442426963119e-06
0.0,1.7164930455665895e-05,-1.7164930455665895e-05
0.05,0.050092039129018856,-9.203912901885325e-05
0.01,0.009971359113870976,2.864088612902424e-05
0.0,7.295281410463746e-06,-7.295281410463746e-06
0.0,1.618776943916652e-05,-1.618776943916652e-05
0.0,1.1502421226249672e-05,-1.1502421226249672e-05
0.0,1.7164930455665895e-05,-1.7164930455665895e-05
0.0,1.6799757532185915e-05,-1.6799757532185915e-05
0.02,0.01983516301906347,0.00016483698093653146
0.0,1.1502421226249672e-05,-1.1502421226249672e-05
0.02,0.019785897746116714,0.00021410225388328666
0.0,1.7164930455665895e-05,-1.7164930455665895e-05
0.05,0.04830292249197717,0.0016970775080228304
0.04,0.03989761503416475,0.00010238496583524909
0.02,0.020076417955365806,-7.641795536580606e-05
0.0,1.7164930455665895e-05,-1.7164930455665895e-05
0.02,0.01994674863625366,5.325136374633929e-05
0.0,1.1502421226249672e-05,-1.1502421226249672e-05
0.04,0.038274592932729744,0.001725407067270257
0.0,1.7164930455665895e-05,-1.7164930455665895e-05
0.02,0.020001605592976344,-1.605592976343384e-06
0.0,1.7164930455665895e-05,-1.7164930455665895e-05
0.0,1.1502421226249672e-05,-1.1502421226249672e-05
0.0,8.272442426963119e-06,-8.272442426963119e-06
0.0,1.618776943916652e-05,-1.618776943916652e-05
0.0,1.1502421226249672e-05,-1.1502421226249672e-05
0.0,8.272442426963119e-06,-8.272442426963119e-06
0.0,1.618776943916652e-05,-1.618776943916652e-05
0.07,0.06875503596873787,0.001244964031262133
0.0,1.6799757532185915e-05,-1.6799757532185915e-05
0.03,0.029961705474885615,3.829452511438375e-05
0.04,0.0397108884386317,0.0002891115613683007
0.0,1.1502421226249672e-05,-1.1502421226249672e-05
0.0,-2.230512312274024e-06,2.230512312274024e-06
0.02,0.020007186858973305,-7.186858973304983e-06
0.02,0.019751124864094517,0.0002488751359054839
0.0,1.7164930455665895e-05,-1.7164930455665895e-05
0.05,0.050079101596842,-7.910159684199752e-05
0.02,0.01983437961489329,0.00016562038510671215
0.02,0.01979119508242265,0.00020880491757735084
0.0,1.7164930455665895e-05,-1.7164930455665895e-05
0.0,1.7164930455665895e-05,-1.7164930455665895e-05
0.0,1.7164930455665895e-05,-1.7164930455665895e-05
0.0,1.7164930455665895e-05,-1.7164930455665895e-05
0.0,-2.230512312274024e-06,2.230512312274024e-06
0.0,1.7164930455665895e-05,-1.7164930455665895e-05
0.0,1.7164930455665895e-05,-1.7164930455665895e-05
0.03,0.029967286740882577,3.271325911742215e-05
0.02,0.020013551529140448,-1.3551529140447272e-05
0.04,0.03975989352745681,0.00024010647254318895
0.03,0.029972438872133834,2.7561127866164437e-05
0.03,0.029967286740882577,3.271325911742215e-05
0.03,0.030036517837275078,-3.651783727507893e-05
0.04,0.03994332490328032,5.667509671967996e-05
0.03,0.03004209910327204,-4.209910327204053e-05
0.0,8.272442426963119e-06,-8.272442426963119e-06
0.0,1.6799757532185915e-05,-1.6799757532185915e-05
0.0,1.7164930455665895e-05,-1.7164930455665895e-05
0.02,0.020013551529140448,-1.3551529140447272e-05
0.0,1.7164930455665895e-05,-1.7164930455665895e-05
0.01,0.010078547960372783,-7.854796037278303e-05
0.01,0.009993929438590902,6.07056140909841e-06
0.0,1.7164930455665895e-05,-1.7164930455665895e-05
0.0,1.7164930455665895e-05,-1.7164930455665895e-05
0.02,0.020081999221362768,-8.199922136276766e-05
0.0,1.1502421226249672e-05,-1.1502421226249672e-05
0.0,1.618776943916652e-05,-1.618776943916652e-05
0.05,0.05011299528274002,-0.00011299528274001658
0.03,0.029967286740882577,3.271325911742215e-05
0.0,-2.230512312274024e-06,2.230512312274024e-06
0.02,0.01983437961489329,0.00016562038510671215
0.0,7.295281410463746e-06,-7.295281410463746e-06
0.05,0.050133963303500395,-0.00013396330350039232
0.04,0.039634834493707465,0.0003651655062925363
0.0,1.7164930455665895e-05,-1.7164930455665895e-05
0.0,8.272442426963119e-06,-8.272442426963119e-06
0.02,0.020007186858973305,-7.186858973304983e-06
0.02,0.020007970263143486,-7.970263143485673e-06
0.01,0.009965129719507769,3.487028049223122e-05
0.04,0.03975989352745681,0.00024010647254318895
0.0,1.7164930455665895e-05,-1.7164930455665895e-05
0.05,0.04999690493317133,3.0950668286761074e-06
0.0,1.7164930455665895e-05,-1.7164930455665895e-05
0.0,1.618776943916652e-05,-1.618776943916652e-05
0.0,1.7164930455665895e-05,-1.7164930455665895e-05
0.03,0.02980621624183233,0.00019378375816767046
0.06,0.060449064261689486,-0.00044906426168948854
0.05,0.05007566338668885,-7.566338668884426e-05
0.01,0.009723936595281467,0.000276063404718533
0.02,0.020076417955365806,-7.641795536580606e-05
0.03,0.029881483532880334,0.00011851646711966493
0.04,0.03958915149921881,0.00041084850078119267
0.0,1.1502421226249672e-05,-1.1502421226249672e-05
0.03,0.03004209910327204,-4.209910327204053e-05
0.0,1.7164930455665895e-05,-1.7164930455665895e-05
0.0,1.7164930455665895e-05,-1.7164930455665895e-05
0.0,9.996368910308887e-05,-9.996368910308887e-05
0.0,1.7164930455665895e-05,-1.7164930455665895e-05
0.0,1.1502421226249672e-05,-1.1502421226249672e-05
0.0,1.7164930455665895e-05,-1.7164930455665895e-05
0.01,0.010127679414020613,-0.00012767941402061327
0.05,0.0500513008463294,-5.1300846329399574e-05
0.03,0.03004209910327204,-4.209910327204053e-05
0.03,0.02980621624183233,0.00019378375816767046
0.01,0.010062919492857115,-6.291949285711432e-05
0.0,1.1502421226249672e-05,-1.1502421226249672e-05
0.02,0.019797559752589792,0.00020244024741020855
0.0,1.7164930455665895e-05,-1.7164930455665895e-05
0.0,1.618776943916652e-05,-1.618776943916652e-05
0.0,1.7164930455665895e-05,-1.7164930455665895e-05
0.0,1.618776943916652e-05,-1.618776943916652e-05
0.0,1.1502421226249672e-05,-1.1502421226249672e-05
0.02,0.020007186858973305,-7.186858973304983e-06
0.04,0.039822802671775286,0.00017719732822471523
0.0,1.7164930455665895e-05,-1.7164930455665895e-05
0.02,0.020007186858973305,-7.186858973304983e-06
0.03,0.02978695106173564,0.00021304893826435897
0.0,1.618776943916652e-05,-1.618776943916652e-05
0.02,0.019797559752589792,0.00020244024741020855
0.0,1.1502421226249672e-05,-1.1502421226249672e-05
0.01,0.009993929438590902,6.07056140909841e-06
0.03,0.029881483532880334,0.00011851646711966493
0.01,0.009993208800829432,6.791199170567974e-06
0.01,0.009993208800829432,6.791199170567974e-06
0.02,0.020081999221362768,-8.199922136276766e-05
0.0,8.272442426963119e-06,-8.272442426963119e-06
0.0,1.618776943916652e-05,-1.618776943916652e-05
0.02,0.019785897746116714,0.00021410225388328666
0.04,0.039685081165067346,0.0003149188349326551
0.03,0.029961705474885615,3.829452511438375e-05
0.05,0.050079101596842,-7.910159684199752e-05
0.02,0.020013551529140448,-1.3551529140447272e-05
0.03,0.02989201944983457,0.00010798055016542768
0.0,1.1502421226249672e-05,-1.1502421226249672e-05
0.0,1.7164930455665895e-05,-1.7164930455665895e-05
0.0,1.7164930455665895e-05,-1.7164930455665895e-05
0.0,1.7164930455665895e-05,-1.7164930455665895e-05
0.03,0.029539833825309048,0.00046016617469095064
0.02,0.01942879509635272,0.0005712049036472808
0.0,1.7164930455665895e-05,-1.7164930455665895e-05
0.0,1.7164930455665895e-05,-1.7164930455665895e-05
0.0,8.272442426963119e-06,-8.272442426963119e-06
0.0,8.272442426963119e-06,-8.272442426963119e-06
0.0,1.7164930455665895e-05,-1.7164930455665895e-05
0.05,0.04836461692838779,0.0016353830716122134
0.0,8.272442426963119e-06,-8.272442426963119e-06
0.0,1.7164930455665895e-05,-1.7164930455665895e-05
0.02,0.01942879509635272,0.0005712049036472808
0.03,0.029967286740882577,3.271325911742215e-05
0.0,1.1502421226249672e-05,-1.1502421226249672e-05
0.02,0.01984074428506043,0.00015925571493956986
0.0,1.1502421226249672e-05,-1.1502421226249672e-05
0.0,1.6799757532185915e-05,-1.6799757532185915e-05
0.0,1.6799757532185915e-05,-1.6799757532185915e-05
0.05,0.05001396895027823,-1.3968950278227255e-05
0.04,0.039822802671775286,0.00017719732822471523
0.02,0.020007186858973305,-7.186858973304983e-06
0.0,1.618776943916652e-05,-1.618776943916652e-05
0.0,1.7164930455665895e-05,-1.7164930455665895e-05
0.0,1.7164930455665895e-05,-1.7164930455665895e-05
0.0,1.1502421226249672e-05,-1.1502421226249672e-05
0.0,1.7164930455665895e-05,-1.7164930455665895e-05
0.0,1.7164930455665895e-05,-1.7164930455665895e-05
0.02,0.01994674863625366,5.325136374633929e-05
0.0,1.7164930455665895e-05,-1.7164930455665895e-05
0.02,0.020013551529140448,-1.3551529140447272e-05
0.0,1.7164930455665895e-05,-1.7164930455665895e-05
0.0,1.1502421226249672e-05,-1.1502421226249672e-05
0.0,1.7164930455665895e-05,-1.7164930455665895e-05
0.0,1.618776943916652e-05,-1.618776943916652e-05
0.0,1.618776943916652e-05,-1.618776943916652e-05
0.0,1.7164930455665895e-05,-1.7164930455665895e-05
0.0,1.7164930455665895e-05,-1.7164930455665895e-05
0.05,0.05012102577132354,-0.00012102577132353659
0.05,0.04992873709563841,7.126290436159505e-05
0.0,1.618776943916652e-05,-1.618776943916652e-05
0.0,1.7164930455665895e-05,-1.7164930455665895e-05
0.0,1.7164930455665895e-05,-1.7164930455665895e-05
0.0,7.295281410463746e-06,-7.295281410463746e-06
0.0,1.7164930455665895e-05,-1.7164930455665895e-05
0.0,1.618776943916652e-05,-1.618776943916652e-05
0.01,0.009745017562467784,0.00025498243753221614
0.0,1.7164930455665895e-05,-1.7164930455665895e-05
0.0,1.1502421226249672e-05,-1.1502421226249672e-05
0.0,1.1502421226249672e-05,-1.1502421226249672e-05
0.0,1.7164930455665895e-05,-1.7164930455665895e-05
0.02,0.01979119508242265,0.00020880491757735084
0.0,1.7164930455665895e-05,-1.7164930455665895e-05
0.03,0.0299413422802997,5.865771970029951e-05
0.02,0.020007186858973305,-7.186858973304983e-06
0.02,0.01979197848659283,0.00020802151340717015
0.04,0.03975989352745681,0.00024010647254318895
0.02,0.020007186858973305,-7.186858973304983e-06
0.0,1.7164930455665895e-05,-1.7164930455665895e-05
0.02,0.01987871325331028,0.0001212867466897187
0.04,0.03972241306111852,0.0002775869388814828
0.05,0.050092039129018856,-9.203912901885325e-05
0.0,1.7164930455665895e-05,-1.7164930455665895e-05
0.0,1.618776943916652e-05,-1.618776943916652e-05
0.0,1.6799757532185915e-05,-1.6799757532185915e-05
0.0,1.1502421226249672e-05,-1.1502421226249672e-05
0.0,1.7164930455665895e-05,-1.7164930455665895e-05
0.0,1.6799757532185915e-05,-1.6799757532185915e-05
0.0,7.295281410463746e-06,-7.295281410463746e-06
0.0,1.618776943916652e-05,-1.618776943916652e-05
0.01,0.009968952729826001,3.104727017399882e-05
0.0,1.1502421226249672e-05,-1.1502421226249672e-05
0.0,1.618776943916652e-05,-1.618776943916652e-05
0.02,0.020013551529140448,-1.3551529140447272e-05
0.02,0.02003824474221566,-3.824474221566024e-05
0.04,0.039797225423507984,0.00020277457649201663
0.0,1.6799757532185915e-05,-1.6799757532185915e-05
0.02,0.020007186858973305,-7.186858973304983e-06
0.0,1.1502421226249672e-05,-1.1502421226249672e-05
0.0,1.7164930455665895e-05,-1.7164930455665895e-05
0.02,0.020001605592976344,-1.605592976343384e-06
0.02,0.020007186858973305,-7.186858973304983e-06
0.02,0.0199411673702567,5.883262974330089e-05
0.0,1.618776943916652e-05,-1.618776943916652e-05
0.03,0.03004209910327204,-4.209910327204053e-05
0.02,0.020007186858973305,-7.186858973304983e-06
0.06,0.06049265309119575,-0.000492653091195755
0.0,1.618776943916652e-05,-1.618776943916652e-05
0.0,1.1502421226249672e-05,-1.1502421226249672e-05
0.01,0.010083716530352407,-8.371653035240713e-05
0.0,1.7164930455665895e-05,-1.7164930455665895e-05
0.02,0.01983437961489329,0.00016562038510671215
0.0,1.7164930455665895e-05,-1.7164930455665895e-05
0.0,1.7164930455665895e-05,-1.7164930455665895e-05
0.0,1.618776943916652e-05,-1.618776943916652e-05
0.0,1.7164930455665895e-05,-1.7164930455665895e-05
0.01,0.009745017562467784,0.00025498243753221614
0.04,0.03975989352745681,0.00024010647254318895
0.05,0.04884287177788767,0.0011571282221123358
0.04,0.039685081165067346,0.0003149188349326551
0.0,1.1502421226249672e-05,-1.1502421226249672e-05
0.0,7.295281410463746e-06,-7.295281410463746e-06
0.02,0.020007186858973305,-7.186858973304983e-06
0.0,1.7164930455665895e-05,-1.7164930455665895e-05
0.06,0.05986426611371244,0.00013573388628755623
0.0,1.7164930455665895e-05,-1.7164930455665895e-05
0.0,1.7164930455665895e-05,-1.7164930455665895e-05
0.0,1.6799757532185915e-05,-1.6799757532185915e-05
0.02,0.020007186858973305,-7.186858973304983e-06
0.04,0.039907520663180374,9.247933681962722e-05
0.0,1.7164930455665895e-05,-1.7164930455665895e-05
0.0,1.7164930455665895e-05,-1.7164930455665895e-05
0.0,1.1502421226249672e-05,-1.1502421226249672e-05
0.01,0.010133260680017573,-0.00013326068001757313
0.05,0.050133963303500395,-0.00013396330350039232
0.0,1.7164930455665895e-05,-1.7164930455665895e-05
0.03,0.029956295895269797,4.3704104730202253e-05
0.0,2.6099331975468947e-06,-2.6099331975468947e-06
0.0,1.7164930455665895e-05,-1.7164930455665895e-05
0.0,1.7164930455665895e-05,-1.7164930455665895e-05
0.03,0.029950714629272835,4.928537072716385e-05
0.03,0.029961705474885615,3.829452511438375e-05
0.0,1.7164930455665895e-05,-1.7164930455665895e-05
0.0,1.1502421226249672e-05,-1.1502421226249672e-05
0.02,0.020013551529140448,-1.3551529140447272e-05
0.0,1.618776943916652e-05,-1.618776943916652e-05
0.0,1.618776943916652e-05,-1.618776943916652e-05
0.0,1.7164930455665895e-05,-1.7164930455665895e-05
0.0,1.7164930455665895e-05,-1.7164930455665895e-05
0.02,0.020013551529140448,-1.3551529140447272e-05
0.0,1.7164930455665895e-05,-1.7164930455665895e-05
0.0,1.7164930455665895e-05,-1.7164930455665895e-05
0.03,0.03004209910327204,-4.209910327204053e-05
0.03,0.029967286740882577,3.271325911742215e-05
0.0,7.295281410463746e-06,-7.295281410463746e-06
0.03,0.029961705474885615,3.829452511438375e-05
0.0,1.6799757532185915e-05,-1.6799757532185915e-05
0.04,0.03998065679933149,1.9343200668507643e-05
0.0,1.7164930455665895e-05,-1.7164930455665895e-05
0.01,0.00973865289230064,0.00026134710769936016
0.03,0.030036517837275078,-3.651783727507893e-05
0.0,1.7164930455665895e-05,-1.7164930455665895e-05
0.0,1.7164930455665895e-05,-1.7164930455665895e-05
0.05,0.05017129519955157,-0.00017129519955156464
0.05,0.05016921025378917,-0.00016921025378916627
0.0,1.6799757532185915e-05,-1.6799757532185915e-05
0.0,1.7164930455665895e-05,-1.7164930455665895e-05
0.0,1.7164930455665895e-05,-1.7164930455665895e-05
0.0,1.7164930455665895e-05,-1.7164930455665895e-05
0.0,1.618776943916652e-05,-1.618776943916652e-05
0.0,1.1502421226249672e-05,-1.1502421226249672e-05
0.0,1.7164930455665895e-05,-1.7164930455665895e-05
0.0,1.6799757532185915e-05,-1.6799757532185915e-05
0.02,0.020001605592976344,-1.605592976343384e-06
0.03,0.029972438872133834,2.7561127866164437e-05
0.0,9.996368910308887e-05,-9.996368910308887e-05
0.0,1.7164930455665895e-05,-1.7164930455665895e-05
0.02,0.01962582286465668,0.00037417713534331973
0.0,1.618776943916652e-05,-1.618776943916652e-05
0.03,0.029881483532880334,0.00011851646711966493
0.0,1.7164930455665895e-05,-1.7164930455665895e-05
0.0,1.7164930455665895e-05,-1.7164930455665895e-05
0.0,1.7164930455665895e-05,-1.7164930455665895e-05
0.02,0.020007186858973305,-7.186858973304983e-06
0.0,1.7164930455665895e-05,-1.7164930455665895e-05
0.0,1.7164930455665895e-05,-1.7164930455665895e-05
0.0,1.7164930455665895e-05,-1.7164930455665895e-05
0.05,0.050079101596842,-7.910159684199752e-05
0.03,0.030036517837275078,-3.651783727507893e-05
0.05,0.05006272585451199,-6.272585451198853e-05
0.0,1.7164930455665895e-05,-1.7164930455665895e-05
0.0,1.7164930455665895e-05,-1.7164930455665895e-05
0.02,0.020007186858973305,-7.186858973304983e-06
0.0,1.1502421226249672e-05,-1.1502421226249672e-05
0.0,1.7164930455665895e-05,-1.7164930455665895e-05
0.0,1.7164930455665895e-05,-1.7164930455665895e-05
0.0,1.7164930455665895e-05,-1.7164930455665895e-05
0.0,1.7164930455665895e-05,-1.7164930455665895e-05
0.03,0.03004209910327204,-4.209910327204053e-05
0.03,0.03004209910327204,-4.209910327204053e-05
0.0,8.272442426963119e-06,-8.272442426963119e-06
0.0,8.272442426963119e-06,-8.272442426963119e-06
0.04,0.03975989352745681,0.00024010647254318895
0.0,1.1502421226249672e-05,-1.1502421226249672e-05
0.0,1.1502421226249672e-05,-1.1502421226249672e-05
0.0,1.1502421226249672e-05,-1.1502421226249672e-05
0.0,1.1502421226249672e-05,-1.1502421226249672e-05
0.0,1.7164930455665895e-05,-1.7164930455665895e-05
0.03,0.02986128290415401,0.0001387170958459874
0.03,0.029875902266883372,0.00012409773311662653
0.03,0.029967286740882577,3.271325911742215e-05
0.0,8.272442426963119e-06,-8.272442426963119e-06
0.02,0.020076417955365806,-7.641795536580606e-05
0.0,1.6799757532185915e-05,-1.6799757532185915e-05
0.0,1.7164930455665895e-05,-1.7164930455665895e-05
0.0,1.7164930455665895e-05,-1.7164930455665895e-05
0.0,1.618776943916652e-05,-1.618776943916652e-05
0.0,1.7164930455665895e-05,-1.7164930455665895e-05
0.01,0.009993929438590902,6.07056140909841e-06
0.02,0.020007186858973305,-7.186858973304983e-06
0.0,-2.230512312274024e-06,2.230512312274024e-06
0.02,0.020013551529140448,-1.3551529140447272e-05
0.0,1.6799757532185915e-05,-1.6799757532185915e-05
0.03,0.029454030617306805,0.0005459693826931934
0.0,1.1502421226249672e-05,-1.1502421226249672e-05
0.05,0.050133963303500395,-0.00013396330350039232
0.02,0.020001605592976344,-1.605592976343384e-06
0.01,0.009993929438590902,6.07056140909841e-06
0.02,0.01984074428506043,0.00015925571493956986
0.04,0.039822802671775286,0.00017719732822471523
0.0,1.618776943916652e-05,-1.618776943916652e-05
0.0,1.7164930455665895e-05,-1.7164930455665895e-05
0.01,0.009965037465996205,3.496253400379554e-05
0.0,1.7164930455665895e-05,-1.7164930455665895e-05
0.0,1.618776943916652e-05,-1.618776943916652e-05
0.05,0.04892857280211485,0.0010714271978851525
0.0,1.7164930455665895e-05,-1.7164930455665895e-05
0.0,1.7164930455665895e-05,-1.7164930455665895e-05
0.01,0.009965037465996205,3.496253400379554e-05
0.0,1.7164930455665895e-05,-1.7164930455665895e-05
0.03,0.029881483532880334,0.00011851646711966493
0.0,1.7164930455665895e-05,-1.7164930455665895e-05
0.03,0.029972438872133834,2.7561127866164437e-05
0.0,1.618776943916652e-05,-1.618776943916652e-05
0.0,1.618776943916652e-05,-1.618776943916652e-05
0.0,1.6799757532185915e-05,-1.6799757532185915e-05
0.03,0.030036517837275078,-3.651783727507893e-05
0.0,1.7164930455665895e-05,-1.7164930455665895e-05
0.0,1.618776943916652e-05,-1.618776943916652e-05
0.03,0.029695922277134804,0.0003040777228651946
0.0,1.1502421226249672e-05,-1.1502421226249672e-05
0.0,1.7164930455665895e-05,-1.7164930455665895e-05
0.0,1.618776943916652e-05,-1.618776943916652e-05
0.0,1.618776943916652e-05,-1.618776943916652e-05
0.04,0.039822802671775286,0.00017719732822471523
0.02,0.020007186858973305,-7.186858973304983e-06
0.01,0.010127679414020613,-0.00012767941402061327
0.03,0.029967286740882577,3.271325911742215e-05
0.0,1.618776943916652e-05,-1.618776943916652e-05
0.02,0.020007970263143486,-7.970263143485673e-06
0.0,1.7164930455665895e-05,-1.7164930455665895e-05
0.0,1.7164930455665895e-05,-1.7164930455665895e-05
0.0,1.7164930455665895e-05,-1.7164930455665895e-05
0.0,8.272442426963119e-06,-8.272442426963119e-06
0.0,1.7164930455665895e-05,-1.7164930455665895e-05
0.03,0.029956295895269797,4.3704104730202253e-05
0.03,0.029961705474885615,3.829452511438375e-05
0.04,0.03975989352745681,0.00024010647254318895
0.0,-2.230512312274024e-06,2.230512312274024e-06
0.02,0.01983437961489329,0.00016562038510671215
0.0,1.7164930455665895e-05,-1.7164930455665895e-05
0.0,1.1502421226249672e-05,-1.1502421226249672e-05
0.02,0.019797559752589792,0.00020244024741020855
0.0,1.7164930455665895e-05,-1.7164930455665895e-05
0.02,0.01984074428506043,0.00015925571493956986
0.0,1.6799757532185915e-05,-1.6799757532185915e-05
0.02,0.01994038396608652,5.961603391348158e-05
0.03,0.029972438872133834,2.7561127866164437e-05
0.0,-2.230512312274024e-06,2.230512312274024e-06
0.03,0.029967286740882577,3.271325911742215e-05
0.01,0.009957952158067591,4.2047841932409125e-05
0.0,-2.230512312274024e-06,2.230512312274024e-06
0.0,1.7164930455665895e-05,-1.7164930455665895e-05
0.02,0.020001605592976344,-1.605592976343384e-06
0.0,1.6799757532185915e-05,-1.6799757532185915e-05
0.0,1.618776943916652e-05,-1.618776943916652e-05
0.0,1.618776943916652e-05,-1.618776943916652e-05
0.03,0.029881483532880334,0.00011851646711966493
0.0,1.7164930455665895e-05,-1.7164930455665895e-05
0.03,0.029966831812224034,3.3168187775965e-05
0.0,1.7164930455665895e-05,-1.7164930455665895e-05
0.03,0.029972438872133834,2.7561127866164437e-05
0.03,0.029972438872133834,2.7561127866164437e-05
0.0,1.7164930455665895e-05,-1.7164930455665895e-05
0.05,0.05012102577132354,-0.00012102577132353659
0.03,0.03004209910327204,-4.209910327204053e-05
0.0,1.7164930455665895e-05,-1.7164930455665895e-05
0.0,1.7164930455665895e-05,-1.7164930455665895e-05
0.0,1.7164930455665895e-05,-1.7164930455665895e-05
0.0,1.7164930455665895e-05,-1.7164930455665895e-05
0.0,1.7164930455665895e-05,-1.7164930455665895e-05
0.0,8.272442426963119e-06,-8.272442426963119e-06
0.04,0.03987719018376549,0.00012280981623451204
0.0,1.1502421226249672e-05,-1.1502421226249672e-05
0.0,1.7164930455665895e-05,-1.7164930455665895e-05
0.0,1.7164930455665895e-05,-1.7164930455665895e-05
0.0,1.6799757532185915e-05,-1.6799757532185915e-05
0.0,1.7164930455665895e-05,-1.7164930455665895e-05
0.0,1.7164930455665895e-05,-1.7164930455665895e-05
0.0,1.7164930455665895e-05,-1.7164930455665895e-05
0.0,1.7164930455665895e-05,-1.7164930455665895e-05
0.0,1.1502421226249672e-05,-1.1502421226249672e-05
0.0,-2.230512312274024e-06,2.230512312274024e-06
0.0,1.618776943916652e-05,-1.618776943916652e-05
0.0,1.7164930455665895e-05,-1.7164930455665895e-05
0.0,1.6799757532185915e-05,-1.6799757532185915e-05
0.0,8.272442426963119e-06,-8.272442426963119e-06
0.0,1.1502421226249672e-05,-1.1502421226249672e-05
0.02,0.01994674863625366,5.325136374633929e-05
0.0,1.1502421226249672e-05,-1.1502421226249672e-05
0.0,1.1502421226249672e-05,-1.1502421226249672e-05
0.0,1.7164930455665895e-05,-1.7164930455665895e-05
0.0,1.7164930455665895e-05,-1.7164930455665895e-05
0.02,0.020007186858973305,-7.186858973304983e-06
0.05,0.05006272585451199,-6.272585451198853e-05
0.0,1.7164930455665895e-05,-1.7164930455665895e-05
0.0,8.272442426963119e-06,-8.272442426963119e-06
0.0,1.6799757532185915e-05,-1.6799757532185915e-05
0.01,0.010000294108758046,-2.9410875804561365e-07
0.0,1.7164930455665895e-05,-1.7164930455665895e-05
0.0,1.7164930455665895e-05,-1.7164930455665895e-05
0.0,1.7164930455665895e-05,-1.7164930455665895e-05
0.04,0.039822802671775286,0.00017719732822471523
0.03,0.030036517837275078,-3.651783727507893e-05
0.0,1.7164930455665895e-05,-1.7164930455665895e-05
0.02,0.019797559752589792,0.00020244024741020855
0.03,0.029967286740882577,3.271325911742215e-05
0.0,1.7164930455665895e-05,-1.7164930455665895e-05
0.04,0.03958915149921881,0.00041084850078119267
0.02,0.01984074428506043,0.00015925571493956986
0.0,1.618776943916652e-05,-1.618776943916652e-05
0.06,0.06021965626049,-0.0002196562604900032
0.02,0.020013551529140448,-1.3551529140447272e-05
0.01,0.010127679414020613,-0.00012767941402061327
0.0,1.7164930455665895e-05,-1.7164930455665895e-05
0.0,1.618776943916652e-05,-1.618776943916652e-05
0.03,0.03004209910327204,-4.209910327204053e-05
0.03,0.029967286740882577,3.271325911742215e-05
0.0,1.7164930455665895e-05,-1.7164930455665895e-05
0.0,1.7164930455665895e-05,-1.7164930455665895e-05
0.0,1.7164930455665895e-05,-1.7164930455665895e-05
0.0,1.618776943916652e-05,-1.618776943916652e-05
0.0,1.7164930455665895e-05,-1.7164930455665895e-05
0.0,1.6799757532185915e-05,-1.6799757532185915e-05
0.0,1.7164930455665895e-05,-1.7164930455665895e-05
0.0,-2.230512312274024e-06,2.230512312274024e-06
0.0,1.6799757532185915e-05,-1.6799757532185915e-05
0.0,1.6799757532185915e-05,-1.6799757532185915e-05
0.0,1.7164930455665895e-05,-1.7164930455665895e-05
0.0,1.7164930455665895e-05,-1.7164930455665895e-05
0.06,0.060066515396320325,-6.651539632032688e-05
0.0,1.7164930455665895e-05,-1.7164930455665895e-05
0.0,1.1502421226249672e-05,-1.1502421226249672e-05
0.0,1.1502421226249672e-05,-1.1502421226249672e-05
0.0,1.618776943916652e-05,-1.618776943916652e-05
0.03,0.029881483532880334,0.00011851646711966493
0.0,1.7164930455665895e-05,-1.7164930455665895e-05
0.02,0.01983437961489329,0.00016562038510671215
0.02,0.020001605592976344,-1.605592976343384e-06
0.0,8.272442426963119e-06,-8.272442426963119e-06
0.0,1.7164930455665895e-05,-1.7164930455665895e-05
0.02,0.019785613816425688,0.00021438618357431244
0.0,1.7164930455665895e-05,-1.7164930455665895e-05
0.05,0.050133963303500395,-0.00013396330350039232
0.02,0.01942879509635272,0.0005712049036472808
0.0,1.7164930455665895e-05,-1.7164930455665895e-05
0.0,1.7164930455665895e-05,-1.7164930455665895e-05
0.0,8.272442426963119e-06,-8.272442426963119e-06
0.0,1.6799757532185915e-05,-1.6799757532185915e-05
0.0,1.7164930455665895e-05,-1.7164930455665895e-05
0.03,0.02989201944983457,0.00010798055016542768
0.04,0.039685081165067346,0.0003149188349326551
0.0,1.7164930455665895e-05,-1.7164930455665895e-05
0.02,0.020076417955365806,-7.641795536580606e-05
0.0,1.7164930455665895e-05,-1.7164930455665895e-05
0.05,0.05007566338668885,-7.566338668884426e-05
0.0,1.7164930455665895e-05,-1.7164930455665895e-05
0.01,0.010000294108758046,-2.9410875804561365e-07
0.03,0.029956295895269797,4.3704104730202253e-05
0.04,0.03975989352745681,0.00024010647254318895
0.04,0.03987719018376549,0.00012280981623451204
0.0,1.7164930455665895e-05,-1.7164930455665895e-05
0.01,0.009993929438590902,6.07056140909841e-06
0.0,1.7164930455665895e-05,-1.7164930455665895e-05
0.0,1.7164930455665895e-05,-1.7164930455665895e-05
0.02,0.019797559752589792,0.00020244024741020855
0.07,0.06279129482459103,0.007208705175408975
0.05,0.050001031418101374,-1.0314181013715285e-06
0.0,2.6099331975468947e-06,-2.6099331975468947e-06
0.0,1.6799757532185915e-05,-1.6799757532185915e-05
0.05,0.050092039129018856,-9.203912901885325e-05
0.05,0.05007566338668885,-7.566338668884426e-05
0.0,1.7164930455665895e-05,-1.7164930455665895e-05
0.03,0.029977626288557088,2.237371144291067e-05
0.0,2.6099331975468947e-06,-2.6099331975468947e-06
0.0,1.6799757532185915e-05,-1.6799757532185915e-05
0.0,1.7164930455665895e-05,-1.7164930455665895e-05
0.0,8.272442426963119e-06,-8.272442426963119e-06
0.0,1.618776943916652e-05,-1.618776943916652e-05
0.0,7.907269503483138e-06,-7.907269503483138e-06
0.0,1.618776943916652e-05,-1.618776943916652e-05
0.0,1.6799757532185915e-05,-1.6799757532185915e-05
0.0,1.7164930455665895e-05,-1.7164930455665895e-05
0.0,1.7164930455665895e-05,-1.7164930455665895e-05
0.03,0.029967286740882577,3.271325911742215e-05
0.0,1.6799757532185915e-05,-1.6799757532185915e-05
0.0,1.6799757532185915e-05,-1.6799757532185915e-05
0.0,1.7164930455665895e-05,-1.7164930455665895e-05
0.04,0.039938884620176106,6.111537982389503e-05
0.0,1.618776943916652e-05,-1.618776943916652e-05
0.02,0.020007186858973305,-7.186858973304983e-06
0.05,0.048627289260600226,0.0013727107393997767
0.02,0.020076417955365806,-7.641795536580606e-05
0.02,0.020081999221362768,-8.199922136276766e-05
0.0,1.7164930455665895e-05,-1.7164930455665895e-05
0.03,0.029966351292252943,3.364870774705611e-05
0.0,1.618776943916652e-05,-1.618776943916652e-05
0.03,0.02989201944983457,0.00010798055016542768
0.0,1.618776943916652e-05,-1.618776943916652e-05
0.05,0.05012102577132354,-0.00012102577132353659
0.0,-2.230512312274024e-06,2.230512312274024e-06
0.0,1.618776943916652e-05,-1.618776943916652e-05
0.0,1.7164930455665895e-05,-1.7164930455665895e-05
0.02,0.019785613816425688,0.00021438618357431244
0.0,1.1502421226249672e-05,-1.1502421226249672e-05
0.0,1.7164930455665895e-05,-1.7164930455665895e-05
0.01,0.010061929170596992,-6.192917059699189e-05
0.05,0.049155468615464035,0.0008445313845359681
0.0,1.1502421226249672e-05,-1.1502421226249672e-05
0.01,0.009993929438590902,6.07056140909841e-06
0.0,1.1502421226249672e-05,-1.1502421226249672e-05
0.05,0.05017129519955157,-0.00017129519955156464
0.0,1.7164930455665895e-05,-1.7164930455665895e-05
0.0,8.272442426963119e-06,-8.272442426963119e-06
0.04,0.03942230062461006,0.0005776993753899423
0.02,0.020007970263143486,-7.970263143485673e-06
0.0,1.7164930455665895e-05,-1.7164930455665895e-05
0.0,1.7164930455665895e-05,-1.7164930455665895e-05
0.02,0.020007186858973305,-7.186858973304983e-06
0.06,0.05297564976116453,0.007024350238835471
0.03,0.029528842979696268,0.00047115702030373074
0.04,0.03975989352745681,0.00024010647254318895
0.04,0.03994332490328032,5.667509671967996e-05
0.03,0.03004209910327204,-4.209910327204053e-05
0.0,7.295281410463746e-06,-7.295281410463746e-06
0.0,2.6099331975468947e-06,-2.6099331975468947e-06
0.0,1.1502421226249672e-05,-1.1502421226249672e-05
0.0,7.295281410463746e-06,-7.295281410463746e-06
0.02,0.01984074428506043,0.00015925571493956986
0.0,1.7164930455665895e-05,-1.7164930455665895e-05
0.0,1.618776943916652e-05,-1.618776943916652e-05
0.01,0.009725117170170943,0.00027488282982905676
0.02,0.01984074428506043,0.00015925571493956986
0.0,1.7164930455665895e-05,-1.7164930455665895e-05
0.0,8.272442426963119e-06,-8.272442426963119e-06
0.01,0.00999010642827267,9.89357172733081e-06
0.0,8.272442426963119e-06,-8.272442426963119e-06
0.0,8.272442426963119e-06,-8.272442426963119e-06
0.0,1.618776943916652e-05,-1.618776943916652e-05
0.0,1.7164930455665895e-05,-1.7164930455665895e-05
0.0,1.618776943916652e-05,-1.618776943916652e-05
0.0,2.6099331975468947e-06,-2.6099331975468947e-06
0.0,7.295281410463746e-06,-7.295281410463746e-06
0.0,1.1502421226249672e-05,-1.1502421226249672e-05
0.01,0.010076645467616165,-7.664546761616473e-05
0.0,1.618776943916652e-05,-1.618776943916652e-05
0.0,1.618776943916652e-05,-1.618776943916652e-05
0.05,0.0479464667820601,0.0020535332179399055
0.0,1.6799757532185915e-05,-1.6799757532185915e-05
0.0,1.7164930455665895e-05,-1.7164930455665895e-05
0.0,1.7164930455665895e-05,-1.7164930455665895e-05
0.05,0.048394961004196456,0.0016050389958035469
0.03,0.029961250546227072,3.87494537729266e-05
0.01,0.00999010642827267,9.89357172733081e-06
0.04,0.039934946930215924,6.505306978407677e-05
0.03,0.029881483532880334,0.00011851646711966493
0.0,1.7164930455665895e-05,-1.7164930455665895e-05
0.02,0.01984074428506043,0.00015925571493956986
0.04,0.03975989352745681,0.00024010647254318895
0.04,0.03972241306111852,0.0002775869388814828
0.0,-2.230512312274024e-06,2.230512312274024e-06
0.0,1.7164930455665895e-05,-1.7164930455665895e-05
0.03,0.029967286740882577,3.271325911742215e-05
0.04,0.039560022131318,0.00043997786868200245
0.0,8.272442426963119e-06,-8.272442426963119e-06
0.03,0.029967286740882577,3.271325911742215e-05
0.03,0.02986128290415401,0.0001387170958459874
0.03,0.029956295895269797,4.3704104730202253e-05
0.03,0.029961705474885615,3.829452511438375e-05
0.0,1.7164930455665895e-05,-1.7164930455665895e-05
0.0,8.272442426963119e-06,-8.272442426963119e-06
0.0,1.6799757532185915e-05,-1.6799757532185915e-05
0.0,1.1502421226249672e-05,-1.1502421226249672e-05
0.0,1.6799757532185915e-05,-1.6799757532185915e-05
0.0,1.7164930455665895e-05,-1.7164930455665895e-05
0.03,0.030016154642689162,-1.6154642689163168e-05
0.0,1.1502421226249672e-05,-1.1502421226249672e-05
0.0,1.7164930455665895e-05,-1.7164930455665895e-05
0.06,0.05988052211393598,0.00011947788606402054
0.03,0.03004209910327204,-4.209910327204053e-05
0.0,1.618776943916652e-05,-1.618776943916652e-05
0.02,0.020007186858973305,-7.186858973304983e-06
0.02,0.01962582286465668,0.00037417713534331973
0.0,1.618776943916652e-05,-1.618776943916652e-05
0.0,1.7164930455665895e-05,-1.7164930455665895e-05
0.0,1.7164930455665895e-05,-1.7164930455665895e-05
0.0,1.6799757532185915e-05,-1.6799757532185915e-05
0.0,1.7164930455665895e-05,-1.7164930455665895e-05
0.0,1.618776943916652e-05,-1.618776943916652e-05
0.0,1.7164930455665895e-05,-1.7164930455665895e-05
0.02,0.020013551529140448,-1.3551529140447272e-05
0.05,0.05012102577132354,-0.00012102577132353659
0.0,1.618776943916652e-05,-1.618776943916652e-05
0.0,-2.230512312274024e-06,2.230512312274024e-06
0.0,1.618776943916652e-05,-1.618776943916652e-05
0.01,0.009993929438590902,6.07056140909841e-06
0.0,1.7164930455665895e-05,-1.7164930455665895e-05
0.0,1.1502421226249672e-05,-1.1502421226249672e-05
0.0,1.7164930455665895e-05,-1.7164930455665895e-05
0.0,1.7164930455665895e-05,-1.7164930455665895e-05
0.0,1.6799757532185915e-05,-1.6799757532185915e-05
0.0,1.618776943916652e-05,-1.618776943916652e-05
0.0,1.618776943916652e-05,-1.618776943916652e-05
0.0,1.6799757532185915e-05,-1.6799757532185915e-05
0.0,1.7164930455665895e-05,-1.7164930455665895e-05
0.0,1.1502421226249672e-05,-1.1502421226249672e-05
0.0,1.7164930455665895e-05,-1.7164930455665895e-05
0.0,1.7164930455665895e-05,-1.7164930455665895e-05
0.02,0.020007186858973305,-7.186858973304983e-06
0.03,0.029961705474885615,3.829452511438375e-05
0.04,0.03957429723778082,0.00042570276221918363
0.0,1.7164930455665895e-05,-1.7164930455665895e-05
0.0,1.7164930455665895e-05,-1.7164930455665895e-05
0.04,0.03975989352745681,0.00024010647254318895
0.02,0.019829082278587352,0.00017091772141264797
0.01,0.009936871190881274,6.312880911872598e-05
0.0,1.6799757532185915e-05,-1.6799757532185915e-05
0.0,1.7164930455665895e-05,-1.7164930455665895e-05
0.03,0.029967286740882577,3.271325911742215e-05
0.0,1.618776943916652e-05,-1.618776943916652e-05
0.0,1.618776943916652e-05,-1.618776943916652e-05
0.04,0.03975989352745681,0.00024010647254318895
0.0,1.6799757532185915e-05,-1.6799757532185915e-05
0.0,1.7164930455665895e-05,-1.7164930455665895e-05
0.0,8.272442426963119e-06,-8.272442426963119e-06
0.0,-2.230512312274024e-06,2.230512312274024e-06
0.0,1.7164930455665895e-05,-1.7164930455665895e-05
0.0,1.7164930455665895e-05,-1.7164930455665895e-05
0.0,1.7164930455665895e-05,-1.7164930455665895e-05
0.02,0.020007186858973305,-7.186858973304983e-06
0.04,0.039685081165067346,0.0003149188349326551
0.0,-2.230512312274024e-06,2.230512312274024e-06
0.0,1.7164930455665895e-05,-1.7164930455665895e-05
0.0,1.7164930455665895e-05,-1.7164930455665895e-05
0.0,1.7164930455665895e-05,-1.7164930455665895e-05
0.0,1.7164930455665895e-05,-1.7164930455665895e-05
0.0,1.7164930455665895e-05,-1.7164930455665895e-05
0.05,0.05007566338668885,-7.566338668884426e-05
0.03,0.029875902266883372,0.00012409773311662653
0.0,-2.230512312274024e-06,2.230512312274024e-06
0.0,1.7164930455665895e-05,-1.7164930455665895e-05
0.03,0.029967286740882577,3.271325911742215e-05
0.0,1.1502421226249672e-05,-1.1502421226249672e-05
0.0,1.1502421226249672e-05,-1.1502421226249672e-05
0.01,0.009993929438590902,6.07056140909841e-06
0.0,1.7164930455665895e-05,-1.7164930455665895e-05
0.0,1.7164930455665895e-05,-1.7164930455665895e-05
0.0,1.7164930455665895e-05,-1.7164930455665895e-05
0.0,1.7164930455665895e-05,-1.7164930455665895e-05
0.02,0.019797559752589792,0.00020244024741020855
0.0,8.272442426963119e-06,-8.272442426963119e-06
0.03,0.03004209910327204,-4.209910327204053e-05
0.03,0.030052893579605094,-5.289357960509486e-05
0.02,0.01983437961489329,0.00016562038510671215
0.0,1.618776943916652e-05,-1.618776943916652e-05
0.02,0.020007186858973305,-7.186858973304983e-06
0.05,0.04836461692838779,0.0016353830716122134
0.05,0.050133963303500395,-0.00013396330350039232
0.0,1.6799757532185915e-05,-1.6799757532185915e-05
0.0,1.618776943916652e-05,-1.618776943916652e-05
0.0,8.272442426963119e-06,-8.272442426963119e-06
0.0,1.7164930455665895e-05,-1.7164930455665895e-05
0.04,0.039907520663180374,9.247933681962722e-05
0.0,1.618776943916652e-05,-1.618776943916652e-05
0.0,1.7164930455665895e-05,-1.7164930455665895e-05
0.02,0.020025473933468436,-2.5473933468436044e-05
0.0,1.618776943916652e-05,-1.618776943916652e-05
0.02,0.0199786012004994,2.1398799500600002e-05
0.0,1.7164930455665895e-05,-1.7164930455665895e-05
0.02,0.020013551529140448,-1.3551529140447272e-05
0.0,1.6799757532185915e-05,-1.6799757532185915e-05
0.02,0.01979197848659283,0.00020802151340717015
0.0,1.6799757532185915e-05,-1.6799757532185915e-05
0.03,0.029967286740882577,3.271325911742215e-05
0.0,1.7164930455665895e-05,-1.7164930455665895e-05
0.0,1.6799757532185915e-05,-1.6799757532185915e-05
0.04,0.039797225423507984,0.00020277457649201663
0.0,1.7164930455665895e-05,-1.7164930455665895e-05
0.03,0.02980621624183233,0.00019378375816767046
0.0,1.7164930455665895e-05,-1.7164930455665895e-05
0.01,0.009965037465996205,3.496253400379554e-05
0.04,0.039934946930215924,6.505306978407677e-05
0.0,1.7164930455665895e-05,-1.7164930455665895e-05
0.0,1.1502421226249672e-05,-1.1502421226249672e-05
0.0,1.7164930455665895e-05,-1.7164930455665895e-05
0.0,1.7164930455665895e-05,-1.7164930455665895e-05
0.02,0.020013551529140448,-1.3551529140447272e-05
0.0,1.7164930455665895e-05,-1.7164930455665895e-05
0.02,0.01983437961489329,0.00016562038510671215
0.05,0.05007566338668885,-7.566338668884426e-05
0.0,1.7164930455665895e-05,-1.7164930455665895e-05
0.0,1.7164930455665895e-05,-1.7164930455665895e-05
0.02,0.019797559752589792,0.00020244024741020855
0.02,0.01942879509635272,0.0005712049036472808
0.0,1.7164930455665895e-05,-1.7164930455665895e-05
0.03,0.029967286740882577,3.271325911742215e-05
0.0,1.618776943916652e-05,-1.618776943916652e-05
0.02,0.020001605592976344,-1.605592976343384e-06
0.02,0.020007970263143486,-7.970263143485673e-06
0.0,1.7164930455665895e-05,-1.7164930455665895e-05
0.03,0.029961250546227072,3.87494537729266e-05
0.0,1.618776943916652e-05,-1.618776943916652e-05
0.0,0.01941713308987964,-0.01941713308987964
0.05,0.05006272585451199,-6.272585451198853e-05
0.03,0.0299413422802997,5.865771970029951e-05
0.02,0.01984074428506043,0.00015925571493956986
0.0,1.1502421226249672e-05,-1.1502421226249672e-05
0.05,0.05007566338668885,-7.566338668884426e-05
0.01,0.009731567584372026,0.00026843241562797375
0.0,1.7164930455665895e-05,-1.7164930455665895e-05
0.0,1.7164930455665895e-05,-1.7164930455665895e-05
0.0,1.7164930455665895e-05,-1.7164930455665895e-05
0.0,1.7164930455665895e-05,-1.7164930455665895e-05
0.0,1.1502421226249672e-05,-1.1502421226249672e-05
0.0,1.1502421226249672e-05,-1.1502421226249672e-05
0.03,0.03004209910327204,-4.209910327204053e-05
0.02,0.020001605592976344,-1.605592976343384e-06
0.0,1.618776943916652e-05,-1.618776943916652e-05
0.02,0.019797559752589792,0.00020244024741020855
0.0,1.618776943916652e-05,-1.618776943916652e-05
0.0,1.618776943916652e-05,-1.618776943916652e-05
0.0,1.7164930455665895e-05,-1.7164930455665895e-05
0.0,1.7164930455665895e-05,-1.7164930455665895e-05
0.05,0.050092039129018856,-9.203912901885325e-05
0.0,1.6799757532185915e-05,-1.6799757532185915e-05
0.0,8.272442426963119e-06,-8.272442426963119e-06
0.0,1.1502421226249672e-05,-1.1502421226249672e-05
0.0,1.7164930455665895e-05,-1.7164930455665895e-05
0.0,7.295281410463746e-06,-7.295281410463746e-06
0.0,1.7164930455665895e-05,-1.7164930455665895e-05
0.0,1.618776943916652e-05,-1.618776943916652e-05
0.05,0.050133963303500395,-0.00013396330350039232
0.03,0.029881483532880334,0.00011851646711966493
0.02,0.020007186858973305,-7.186858973304983e-06
0.0,1.7164930455665895e-05,-1.7164930455665895e-05
0.0,1.7164930455665895e-05,-1.7164930455665895e-05
0.02,0.020007186858973305,-7.186858973304983e-06
0.0,7.295281410463746e-06,-7.295281410463746e-06
0.05,0.05007566338668885,-7.566338668884426e-05
0.03,0.029881483532880334,0.00011851646711966493
0.03,0.029956295895269797,4.3704104730202253e-05
0.0,1.1502421226249672e-05,-1.1502421226249672e-05
0.03,0.03004209910327204,-4.209910327204053e-05
0.04,0.03972241306111852,0.0002775869388814828
0.02,0.020013551529140448,-1.3551529140447272e-05
0.0,1.7164930455665895e-05,-1.7164930455665895e-05
0.0,8.272442426963119e-06,-8.272442426963119e-06
0.01,0.00973793225453917,0.0002620677454608297
0.0,1.7164930455665895e-05,-1.7164930455665895e-05
0.0,1.7164930455665895e-05,-1.7164930455665895e-05
0.0,1.1502421226249672e-05,-1.1502421226249672e-05
0.04,0.039822802671775286,0.00017719732822471523
0.0,1.618776943916652e-05,-1.618776943916652e-05
0.0,1.7164930455665895e-05,-1.7164930455665895e-05
0.02,0.01984074428506043,0.00015925571493956986
0.0,1.618776943916652e-05,-1.618776943916652e-05
0.0,8.272442426963119e-06,-8.272442426963119e-06
0.02,0.020007186858973305,-7.186858973304983e-06
0.02,0.020013551529140448,-1.3551529140447272e-05
0.03,0.029966831812224034,3.3168187775965e-05
0.03,0.03004209910327204,-4.209910327204053e-05
0.03,0.0299413422802997,5.865771970029951e-05
0.04,0.03975989352745681,0.00024010647254318895
0.0,1.6799757532185915e-05,-1.6799757532185915e-05
0.0,1.7164930455665895e-05,-1.7164930455665895e-05
0.04,0.03977258287504232,0.00022741712495768368
0.02,0.020001605592976344,-1.605592976343384e-06
0.0,1.618776943916652e-05,-1.618776943916652e-05
0.04,0.03987719018376549,0.00012280981623451204
0.03,0.029967286740882577,3.271325911742215e-05
0.0,1.1502421226249672e-05,-1.1502421226249672e-05
0.03,0.029961705474885615,3.829452511438375e-05
0.0,1.7164930455665895e-05,-1.7164930455665895e-05
0.03,0.029796979889152794,0.00020302011084720462
0.01,0.009950975499807429,4.902450019257133e-05
0.0,1.1502421226249672e-05,-1.1502421226249672e-05
0.0,1.7164930455665895e-05,-1.7164930455665895e-05
0.0,1.6799757532185915e-05,-1.6799757532185915e-05
0.0,8.272442426963119e-06,-8.272442426963119e-06
0.0,1.618776943916652e-05,-1.618776943916652e-05
0.02,0.01984074428506043,0.00015925571493956986
0.0,1.7164930455665895e-05,-1.7164930455665895e-05
0.02,0.01979119508242265,0.00020880491757735084
0.0,8.272442426963119e-06,-8.272442426963119e-06
0.0,1.6799757532185915e-05,-1.6799757532185915e-05
0.0,1.7164930455665895e-05,-1.7164930455665895e-05
0.05,0.05010035346073116,-0.00010035346073115903
0.01,0.010076645467616165,-7.664546761616473e-05
0.01,0.009993208800829432,6.791199170567974e-06
0.0,8.272442426963119e-06,-8.272442426963119e-06
0.0,1.618776943916652e-05,-1.618776943916652e-05
0.05,0.04845665544060707,0.0015433445593929299
0.0,1.7164930455665895e-05,-1.7164930455665895e-05
0.02,0.020013551529140448,-1.3551529140447272e-05
0.0,1.6799757532185915e-05,-1.6799757532185915e-05
0.04,0.03975989352745681,0.00024010647254318895
0.03,0.029972438872133834,2.7561127866164437e-05
0.0,1.7164930455665895e-05,-1.7164930455665895e-05
0.0,7.295281410463746e-06,-7.295281410463746e-06
0.0,1.1502421226249672e-05,-1.1502421226249672e-05
0.0,1.6799757532185915e-05,-1.6799757532185915e-05
0.02,0.01984074428506043,0.00015925571493956986
0.0,1.7164930455665895e-05,-1.7164930455665895e-05
0.05,0.05007566338668885,-7.566338668884426e-05
0.0,1.1502421226249672e-05,-1.1502421226249672e-05
0.0,1.618776943916652e-05,-1.618776943916652e-05
0.0,1.7164930455665895e-05,-1.7164930455665895e-05
0.02,0.019828798348896327,0.00017120165110367375
0.05,0.05012102577132354,-0.00012102577132353659
0.0,1.618776943916652e-05,-1.618776943916652e-05
0.03,0.03004209910327204,-4.209910327204053e-05
0.0,8.272442426963119e-06,-8.272442426963119e-06
0.0,1.7164930455665895e-05,-1.7164930455665895e-05
0.02,0.01994038396608652,5.961603391348158e-05
0.02,0.01979119508242265,0.00020880491757735084
0.03,0.03004209910327204,-4.209910327204053e-05
0.0,1.7164930455665895e-05,-1.7164930455665895e-05
0.06,0.06036688426339948,-0.00036688426339948066
0.0,1.7164930455665895e-05,-1.7164930455665895e-05
0.0,1.1502421226249672e-05,-1.1502421226249672e-05
0.03,0.029967286740882577,3.271325911742215e-05
0.02,0.020007186858973305,-7.186858973304983e-06
0.0,1.7164930455665895e-05,-1.7164930455665895e-05
0.0,1.618776943916652e-05,-1.618776943916652e-05
0.0,-2.230512312274024e-06,2.230512312274024e-06
0.02,0.020007186858973305,-7.186858973304983e-06
0.05,0.050133963303500395,-0.00013396330350039232
0.0,1.7164930455665895e-05,-1.7164930455665895e-05
0.03,0.030052893579605094,-5.289357960509486e-05
0.02,0.01981576757629553,0.00018423242370447027
0.0,1.618776943916652e-05,-1.618776943916652e-05
0.0,1.7164930455665895e-05,-1.7164930455665895e-05
0.0,8.272442426963119e-06,-8.272442426963119e-06
0.0,7.295281410463746e-06,-7.295281410463746e-06
0.02,0.020013551529140448,-1.3551529140447272e-05
0.0,1.6799757532185915e-05,-1.6799757532185915e-05
0.06,0.06018321049582169,-0.00018321049582169235
0.0,1.618776943916652e-05,-1.618776943916652e-05
0.0,1.618776943916652e-05,-1.618776943916652e-05
0.04,0.039797225423507984,0.00020277457649201663
0.04,0.03942230062461006,0.0005776993753899423
0.0,8.272442426963119e-06,-8.272442426963119e-06
0.04,0.03942230062461006,0.0005776993753899423
0.0,1.7164930455665895e-05,-1.7164930455665895e-05
0.03,0.029881483532880334,0.00011851646711966493
0.0,1.618776943916652e-05,-1.618776943916652e-05
0.0,1.618776943916652e-05,-1.618776943916652e-05
0.06,0.05585545919050199,0.0041445408094980055
0.02,0.01984074428506043,0.00015925571493956986
0.02,0.020076701885056832,-7.670188505683184e-05
0.0,1.7164930455665895e-05,-1.7164930455665895e-05
0.05,0.050092039129018856,-9.203912901885325e-05
0.0,1.7164930455665895e-05,-1.7164930455665895e-05
0.0,1.7164930455665895e-05,-1.7164930455665895e-05
0.0,1.7164930455665895e-05,-1.7164930455665895e-05
0.0,1.6799757532185915e-05,-1.6799757532185915e-05
0.02,0.020007186858973305,-7.186858973304983e-06
0.0,1.618776943916652e-05,-1.618776943916652e-05
0.02,0.019829082278587352,0.00017091772141264797
0.04,0.039680544362823034,0.0003194556371769672
0.0,1.6799757532185915e-05,-1.6799757532185915e-05
0.0,1.7164930455665895e-05,-1.7164930455665895e-05
0.0,1.7164930455665895e-05,-1.7164930455665895e-05
0.0,1.7164930455665895e-05,-1.7164930455665895e-05
0.01,0.00971803186224233,0.00028196813775767035
0.0,1.618776943916652e-05,-1.618776943916652e-05
0.0,1.1502421226249672e-05,-1.1502421226249672e-05
0.0,1.6799757532185915e-05,-1.6799757532185915e-05
0.04,0.039955260362506115,4.473963749388604e-05
0.04,0.038422708756067445,0.0015772912439325562
0.02,0.020007970263143486,-7.970263143485673e-06
0.0,1.7164930455665895e-05,-1.7164930455665895e-05
0.0,1.7164930455665895e-05,-1.7164930455665895e-05
0.0,1.7164930455665895e-05,-1.7164930455665895e-05
0.01,0.009979213141571729,2.0786858428271243e-05
0.01,0.009965037465996205,3.496253400379554e-05
0.0,1.1502421226249672e-05,-1.1502421226249672e-05
0.0,1.1502421226249672e-05,-1.1502421226249672e-05
0.05,0.050092039129018856,-9.203912901885325e-05
0.02,0.020007186858973305,-7.186858973304983e-06
0.0,1.618776943916652e-05,-1.618776943916652e-05
0.0,8.272442426963119e-06,-8.272442426963119e-06
0.0,1.7164930455665895e-05,-1.7164930455665895e-05
0.02,0.020001605592976344,-1.605592976343384e-06
0.03,0.029967286740882577,3.271325911742215e-05
0.02,0.01984074428506043,0.00015925571493956986
0.0,1.7164930455665895e-05,-1.7164930455665895e-05
0.0,1.7164930455665895e-05,-1.7164930455665895e-05
0.02,0.020007186858973305,-7.186858973304983e-06
0.0,1.7164930455665895e-05,-1.7164930455665895e-05
0.0,1.7164930455665895e-05,-1.7164930455665895e-05
0.0,1.7164930455665895e-05,-1.7164930455665895e-05
0.04,0.03958915149921881,0.00041084850078119267
0.0,1.1502421226249672e-05,-1.1502421226249672e-05
0.02,0.019785613816425688,0.00021438618357431244
0.02,0.019797559752589792,0.00020244024741020855
0.0,1.6799757532185915e-05,-1.6799757532185915e-05
0.01,0.009993929438590902,6.07056140909841e-06
0.0,1.7164930455665895e-05,-1.7164930455665895e-05
0.0,1.7164930455665895e-05,-1.7164930455665895e-05
0.03,0.029554654254938813,0.0004453457450611861
0.0,1.7164930455665895e-05,-1.7164930455665895e-05
0.01,0.009968139838552968,3.18601614470327e-05
0.0,1.7164930455665895e-05,-1.7164930455665895e-05
0.0,1.6799757532185915e-05,-1.6799757532185915e-05
0.03,0.029967286740882577,3.271325911742215e-05
0.0,1.618776943916652e-05,-1.618776943916652e-05
0.03,0.029967286740882577,3.271325911742215e-05
0.02,0.01994674863625366,5.325136374633929e-05
0.03,0.029967286740882577,3.271325911742215e-05
0.0,7.295281410463746e-06,-7.295281410463746e-06
0.0,2.6099331975468947e-06,-2.6099331975468947e-06
0.0,1.7164930455665895e-05,-1.7164930455665895e-05
0.04,0.03994332490328032,5.667509671967996e-05
0.0,-2.8425004052934156e-06,2.8425004052934156e-06
0.0,1.7164930455665895e-05,-1.7164930455665895e-05
0.0,1.7164930455665895e-05,-1.7164930455665895e-05
0.02,0.020001605592976344,-1.605592976343384e-06
0.0,1.7164930455665895e-05,-1.7164930455665895e-05
0.01,0.009988632102284966,1.1367897715034228e-05
0.0,7.295281410463746e-06,-7.295281410463746e-06
0.03,0.029972438872133834,2.7561127866164437e-05
0.02,0.020013551529140448,-1.3551529140447272e-05
0.0,1.7164930455665895e-05,-1.7164930455665895e-05
0.0,1.1502421226249672e-05,-1.1502421226249672e-05
0.0,1.6799757532185915e-05,-1.6799757532185915e-05
0.0,1.1502421226249672e-05,-1.1502421226249672e-05
0.04,0.039680544362823034,0.0003194556371769672
0.03,0.02989201944983457,0.00010798055016542768
0.0,1.7164930455665895e-05,-1.7164930455665895e-05
0.0,1.618776943916652e-05,-1.618776943916652e-05
0.01,0.009975317399993145,2.4682600006854793e-05
0.0,1.6799757532185915e-05,-1.6799757532185915e-05
0.0,1.6799757532185915e-05,-1.6799757532185915e-05
0.0,1.618776943916652e-05,-1.618776943916652e-05
0.0,1.1502421226249672e-05,-1.1502421226249672e-05
0.03,0.029966831812224034,3.3168187775965e-05
0.04,0.039634834493707465,0.0003651655062925363
0.01,0.010127679414020613,-0.00012767941402061327
0.0,1.7164930455665895e-05,-1.7164930455665895e-05
0.03,0.030036517837275078,-3.651783727507893e-05
0.0,1.7164930455665895e-05,-1.7164930455665895e-05
0.0,1.7164930455665895e-05,-1.7164930455665895e-05
0.05,0.050133963303500395,-0.00013396330350039232
0.02,0.01984074428506043,0.00015925571493956986
0.04,0.039685081165067346,0.0003149188349326551
0.0,1.618776943916652e-05,-1.618776943916652e-05
0.0,1.7164930455665895e-05,-1.7164930455665895e-05
0.0,1.618776943916652e-05,-1.618776943916652e-05
0.0,1.618776943916652e-05,-1.618776943916652e-05
0.03,0.029881483532880334,0.00011851646711966493
0.0,1.7164930455665895e-05,-1.7164930455665895e-05
0.02,0.020076417955365806,-7.641795536580606e-05
0.0,8.272442426963119e-06,-8.272442426963119e-06
0.03,0.029967286740882577,3.271325911742215e-05
0.02,0.020013551529140448,-1.3551529140447272e-05
0.03,0.029972438872133834,2.7561127866164437e-05
0.0,1.618776943916652e-05,-1.618776943916652e-05
0.0,1.7164930455665895e-05,-1.7164930455665895e-05
0.01,0.009993929438590902,6.07056140909841e-06
0.03,0.030036517837275078,-3.651783727507893e-05
0.0,1.7164930455665895e-05,-1.7164930455665895e-05
0.0,1.7164930455665895e-05,-1.7164930455665895e-05
0.0,1.618776943916652e-05,-1.618776943916652e-05
0.0,1.7164930455665895e-05,-1.7164930455665895e-05
0.0,8.272442426963119e-06,-8.272442426963119e-06
0.03,0.029967286740882577,3.271325911742215e-05
0.02,0.01983437961489329,0.00016562038510671215
0.0,1.6799757532185915e-05,-1.6799757532185915e-05
0.0,1.6799757532185915e-05,-1.6799757532185915e-05
0.0,8.272442426963119e-06,-8.272442426963119e-06
0.03,0.03004209910327204,-4.209910327204053e-05
0.0,1.1502421226249672e-05,-1.1502421226249672e-05
0.02,0.01994674863625366,5.325136374633929e-05
0.0,1.7164930455665895e-05,-1.7164930455665895e-05
0.0,1.7164930455665895e-05,-1.7164930455665895e-05
0.03,0.029950714629272835,4.928537072716385e-05
0.05,0.05012102577132354,-0.00012102577132353659
0.02,0.020076417955365806,-7.641795536580606e-05
0.03,0.030052893579605094,-5.289357960509486e-05
0.0,1.1502421226249672e-05,-1.1502421226249672e-05
0.0,1.7164930455665895e-05,-1.7164930455665895e-05
0.0,8.272442426963119e-06,-8.272442426963119e-06
0.0,1.618776943916652e-05,-1.618776943916652e-05
0.03,0.029967286740882577,3.271325911742215e-05
0.04,0.039918962362920876,8.103763707912465e-05
0.0,-2.230512312274024e-06,2.230512312274024e-06
0.03,0.029961705474885615,3.829452511438375e-05
0.0,1.618776943916652e-05,-1.618776943916652e-05
0.0,7.295281410463746e-06,-7.295281410463746e-06
0.0,1.7164930455665895e-05,-1.7164930455665895e-05
0.04,0.03975989352745681,0.00024010647254318895
0.02,0.0201002862958579,-0.00010028629585789872
0.0,1.1502421226249672e-05,-1.1502421226249672e-05
0.0,1.7164930455665895e-05,-1.7164930455665895e-05
0.0,1.1502421226249672e-05,-1.1502421226249672e-05
0.03,0.03004209910327204,-4.209910327204053e-05
0.0,1.7164930455665895e-05,-1.7164930455665895e-05
0.0,1.7164930455665895e-05,-1.7164930455665895e-05
0.02,0.01979119508242265,0.00020880491757735084
0.0,1.618776943916652e-05,-1.618776943916652e-05
0.0,1.7164930455665895e-05,-1.7164930455665895e-05
0.03,0.02989201944983457,0.00010798055016542768
0.0,1.618776943916652e-05,-1.618776943916652e-05
0.02,0.01979119508242265,0.00020880491757735084
0.02,0.020007186858973305,-7.186858973304983e-06
0.0,1.7164930455665895e-05,-1.7164930455665895e-05
0.05,0.05006272585451199,-6.272585451198853e-05
0.0,8.272442426963119e-06,-8.272442426963119e-06
0.01,0.01014344836050295,-0.00014344836050294955
0.03,0.029881483532880334,0.00011851646711966493
0.0,1.7164930455665895e-05,-1.7164930455665895e-05
0.0,1.7164930455665895e-05,-1.7164930455665895e-05
0.0,1.1502421226249672e-05,-1.1502421226249672e-05
0.02,0.01994674863625366,5.325136374633929e-05
0.0,1.7164930455665895e-05,-1.7164930455665895e-05
0.03,0.03004209910327204,-4.209910327204053e-05
0.01,0.00999010642827267,9.89357172733081e-06
0.0,1.7164930455665895e-05,-1.7164930455665895e-05
0.02,0.01983437961489329,0.00016562038510671215
0.0,7.295281410463746e-06,-7.295281410463746e-06
0.0,1.618776943916652e-05,-1.618776943916652e-05
0.02,0.020013551529140448,-1.3551529140447272e-05
0.04,0.039685081165067346,0.0003149188349326551
0.0,1.618776943916652e-05,-1.618776943916652e-05
0.02,0.020013551529140448,-1.3551529140447272e-05
0.0,7.907269503483138e-06,-7.907269503483138e-06
0.0,1.7164930455665895e-05,-1.7164930455665895e-05
0.0,1.618776943916652e-05,-1.618776943916652e-05
0.0,1.1502421226249672e-05,-1.1502421226249672e-05
0.0,1.7164930455665895e-05,-1.7164930455665895e-05
0.0,8.272442426963119e-06,-8.272442426963119e-06
0.0,1.618776943916652e-05,-1.618776943916652e-05
0.0,1.7164930455665895e-05,-1.7164930455665895e-05
0.03,0.030036415653500025,-3.6415653500026374e-05
0.0,1.7164930455665895e-05,-1.7164930455665895e-05
0.0,1.7164930455665895e-05,-1.7164930455665895e-05
0.0,1.7164930455665895e-05,-1.7164930455665895e-05
0.03,0.029967286740882577,3.271325911742215e-05
0.01,0.010000294108758046,-2.9410875804561365e-07
0.0,0.057169204138474025,-0.057169204138474025
0.0,8.272442426963119e-06,-8.272442426963119e-06
0.04,0.03986013456782646,0.00013986543217354291
0.02,0.020013551529140448,-1.3551529140447272e-05
0.0,1.6799757532185915e-05,-1.6799757532185915e-05
0.0,8.272442426963119e-06,-8.272442426963119e-06
0.02,0.020007186858973305,-7.186858973304983e-06
0.0,1.6799757532185915e-05,-1.6799757532185915e-05
0.03,0.02989201944983457,0.00010798055016542768
0.0,1.618776943916652e-05,-1.618776943916652e-05
0.02,0.01984074428506043,0.00015925571493956986
0.0,1.1502421226249672e-05,-1.1502421226249672e-05
0.0,1.7164930455665895e-05,-1.7164930455665895e-05
0.0,1.618776943916652e-05,-1.618776943916652e-05
0.0,1.7164930455665895e-05,-1.7164930455665895e-05
0.02,0.020013551529140448,-1.3551529140447272e-05
0.0,1.1502421226249672e-05,-1.1502421226249672e-05
0.0,1.1502421226249672e-05,-1.1502421226249672e-05
0.0,1.7164930455665895e-05,-1.7164930455665895e-05
0.04,0.039685081165067346,0.0003149188349326551
0.03,0.029967286740882577,3.271325911742215e-05
0.0,1.1502421226249672e-05,-1.1502421226249672e-05
0.03,0.029881483532880334,0.00011851646711966493
0.0,1.1502421226249672e-05,-1.1502421226249672e-05
0.03,0.03004209910327204,-4.209910327204053e-05
0.03,0.02989717158108583,0.00010282841891416997
0.03,0.029881483532880334,0.00011851646711966493
0.0,1.7164930455665895e-05,-1.7164930455665895e-05
0.0,1.6799757532185915e-05,-1.6799757532185915e-05
0.0,1.6799757532185915e-05,-1.6799757532185915e-05
0.01,0.009993208800829432,6.791199170567974e-06
0.0,1.7164930455665895e-05,-1.7164930455665895e-05
0.0,1.7164930455665895e-05,-1.7164930455665895e-05
0.0,-2.230512312274024e-06,2.230512312274024e-06
0.04,0.039881630466869704,0.00011836953313029697
0.0,1.618776943916652e-05,-1.618776943916652e-05
0.05,0.05011299528274002,-0.00011299528274001658
0.03,0.030036517837275078,-3.651783727507893e-05
0.0,1.1502421226249672e-05,-1.1502421226249672e-05
0.02,0.01994038396608652,5.961603391348158e-05
0.02,0.01942879509635272,0.0005712049036472808
0.03,0.029967286740882577,3.271325911742215e-05
0.0,7.295281410463746e-06,-7.295281410463746e-06
0.0,1.7164930455665895e-05,-1.7164930455665895e-05
0.01,0.010000294108758046,-2.9410875804561365e-07
0.0,-2.230512312274024e-06,2.230512312274024e-06
0.0,1.618776943916652e-05,-1.618776943916652e-05
0.06,0.060109460193558006,-0.00010946019355800862
0.0,1.7164930455665895e-05,-1.7164930455665895e-05
0.0,1.618776943916652e-05,-1.618776943916652e-05
0.03,0.029961705474885615,3.829452511438375e-05
0.0,1.7164930455665895e-05,-1.7164930455665895e-05
0.03,0.03004209910327204,-4.209910327204053e-05
0.0,1.7164930455665895e-05,-1.7164930455665895e-05
0.02,0.019797559752589792,0.00020244024741020855
0.0,1.7164930455665895e-05,-1.7164930455665895e-05
0.0,1.7164930455665895e-05,-1.7164930455665895e-05
0.0,1.7164930455665895e-05,-1.7164930455665895e-05
0.0,1.7164930455665895e-05,-1.7164930455665895e-05
0.03,0.029961705474885615,3.829452511438375e-05
0.0,1.7164930455665895e-05,-1.7164930455665895e-05
0.02,0.019797559752589792,0.00020244024741020855
0.0,1.1502421226249672e-05,-1.1502421226249672e-05
0.0,1.7164930455665895e-05,-1.7164930455665895e-05
0.02,0.019797559752589792,0.00020244024741020855
0.0,1.7164930455665895e-05,-1.7164930455665895e-05
0.05,0.04836461692838779,0.0016353830716122134
0.0,1.6799757532185915e-05,-1.6799757532185915e-05
0.03,0.029956295895269797,4.3704104730202253e-05
0.0,1.7164930455665895e-05,-1.7164930455665895e-05
0.0,1.7164930455665895e-05,-1.7164930455665895e-05
0.03,0.029967286740882577,3.271325911742215e-05
0.02,0.01984074428506043,0.00015925571493956986
0.05,0.05007566338668885,-7.566338668884426e-05
0.03,0.029972438872133834,2.7561127866164437e-05
0.03,0.030036517837275078,-3.651783727507893e-05
0.0,1.618776943916652e-05,-1.618776943916652e-05
0.0,8.272442426963119e-06,-8.272442426963119e-06
0.02,0.01983437961489329,0.00016562038510671215
0.0,1.7164930455665895e-05,-1.7164930455665895e-05
0.03,0.029523261713699307,0.00047673828630069234
0.0,1.618776943916652e-05,-1.618776943916652e-05
0.0,1.1502421226249672e-05,-1.1502421226249672e-05
0.0,8.272442426963119e-06,-8.272442426963119e-06
0.0,1.7164930455665895e-05,-1.7164930455665895e-05
0.0,1.7164930455665895e-05,-1.7164930455665895e-05
0.02,0.020001605592976344,-1.605592976343384e-06
0.0,8.272442426963119e-06,-8.272442426963119e-06
0.0,1.7164930455665895e-05,-1.7164930455665895e-05
0.0,1.1502421226249672e-05,-1.1502421226249672e-05
0.0,1.1502421226249672e-05,-1.1502421226249672e-05
0.05,0.050133963303500395,-0.00013396330350039232
0.02,0.01979119508242265,0.00020880491757735084
0.02,0.020076417955365806,-7.641795536580606e-05
0.0,1.7164930455665895e-05,-1.7164930455665895e-05
0.0,1.7164930455665895e-05,-1.7164930455665895e-05
0.0,1.7164930455665895e-05,-1.7164930455665895e-05
0.03,0.029881483532880334,0.00011851646711966493
0.0,1.7164930455665895e-05,-1.7164930455665895e-05
0.03,0.029967286740882577,3.271325911742215e-05
0.0,1.1502421226249672e-05,-1.1502421226249672e-05
0.0,1.7164930455665895e-05,-1.7164930455665895e-05
0.0,7.907269503483138e-06,-7.907269503483138e-06
0.0,1.6799757532185915e-05,-1.6799757532185915e-05
0.02,0.019797559752589792,0.00020244024741020855
0.0,8.272442426963119e-06,-8.272442426963119e-06
0.01,0.009983741758105525,1.6258241894474834e-05
0.0,1.7164930455665895e-05,-1.7164930455665895e-05
0.0,8.272442426963119e-06,-8.272442426963119e-06
0.0,1.7164930455665895e-05,-1.7164930455665895e-05
0.03,0.029972438872133834,2.7561127866164437e-05
0.02,0.020025473933468436,-2.5473933468436044e-05
0.0,1.7164930455665895e-05,-1.7164930455665895e-05
0.0,1.7164930455665895e-05,-1.7164930455665895e-05
0.0,1.618776943916652e-05,-1.618776943916652e-05
0.0,1.7164930455665895e-05,-1.7164930455665895e-05
0.03,0.030041996919496987,-4.199691949698797e-05
0.0,1.7164930455665895e-05,-1.7164930455665895e-05
0.03,0.029967286740882577,3.271325911742215e-05
0.0,1.6799757532185915e-05,-1.6799757532185915e-05
0.0,1.7164930455665895e-05,-1.7164930455665895e-05
0.03,0.030036517837275078,-3.651783727507893e-05
0.04,0.03987719018376549,0.00012280981623451204
0.02,0.020007186858973305,-7.186858973304983e-06
0.06,0.06046363707049712,-0.0004636370704971249
0.0,1.7164930455665895e-05,-1.7164930455665895e-05
0.04,0.039685081165067346,0.0003149188349326551
0.06,0.056907828674759256,0.003092171325240742
0.02,0.019829082278587352,0.00017091772141264797
0.02,0.01983437961489329,0.00016562038510671215
0.01,0.010127679414020613,-0.00012767941402061327
0.03,0.030052893579605094,-5.289357960509486e-05
0.0,1.618776943916652e-05,-1.618776943916652e-05
0.0,1.618776943916652e-05,-1.618776943916652e-05
0.0,1.7164930455665895e-05,-1.7164930455665895e-05
0.05,0.05006272585451199,-6.272585451198853e-05
0.02,0.01987871325331028,0.0001212867466897187
0.0,8.272442426963119e-06,-8.272442426963119e-06
0.02,0.01984074428506043,0.00015925571493956986
0.02,0.01983437961489329,0.00016562038510671215
0.0,1.618776943916652e-05,-1.618776943916652e-05
0.03,0.029837241644018745,0.00016275835598125385
0.0,1.7164930455665895e-05,-1.7164930455665895e-05
0.04,0.0397108884386317,0.0002891115613683007
0.03,0.029967286740882577,3.271325911742215e-05
0.0,1.1502421226249672e-05,-1.1502421226249672e-05
0.01,0.009968952729826001,3.104727017399882e-05
0.03,0.02988643818383761,0.00011356181616238928
0.0,1.7164930455665895e-05,-1.7164930455665895e-05
0.0,1.7164930455665895e-05,-1.7164930455665895e-05
0.0,8.272442426963119e-06,-8.272442426963119e-06
0.0,1.7164930455665895e-05,-1.7164930455665895e-05
0.04,0.039674686848437585,0.0003253131515624161
0.0,1.7164930455665895e-05,-1.7164930455665895e-05
0.0,1.7164930455665895e-05,-1.7164930455665895e-05
0.02,0.01984074428506043,0.00015925571493956986
0.0,1.618776943916652e-05,-1.618776943916652e-05
0.02,0.019829082278587352,0.00017091772141264797
0.0,7.295281410463746e-06,-7.295281410463746e-06
0.05,0.05036954645517228,-0.0003695464551722802
0.02,0.01992177192748876,7.82280725112397e-05
0.0,8.272442426963119e-06,-8.272442426963119e-06
0.03,0.029544985956560306,0.00045501404343969293
0.02,0.020007186858973305,-7.186858973304983e-06
0.0,1.7164930455665895e-05,-1.7164930455665895e-05
0.0,1.7164930455665895e-05,-1.7164930455665895e-05
0.0,1.618776943916652e-05,-1.618776943916652e-05
0.0,1.1502421226249672e-05,-1.1502421226249672e-05
0.0,8.272442426963119e-06,-8.272442426963119e-06
0.02,0.01984074428506043,0.00015925571493956986
0.0,1.7164930455665895e-05,-1.7164930455665895e-05
0.02,0.020001605592976344,-1.605592976343384e-06
0.0,1.7164930455665895e-05,-1.7164930455665895e-05
0.0,8.272442426963119e-06,-8.272442426963119e-06
0.03,0.029961705474885615,3.829452511438375e-05
0.03,0.029665793437118646,0.0003342065628813527
0.0,1.7164930455665895e-05,-1.7164930455665895e-05
0.0,1.7164930455665895e-05,-1.7164930455665895e-05
0.0,1.7164930455665895e-05,-1.7164930455665895e-05
0.03,0.030003683188304126,-3.6831883041266167e-06
0.0,1.618776943916652e-05,-1.618776943916652e-05
0.03,0.030047251234523297,-4.725123452329824e-05
0.04,0.03972241306111852,0.0002775869388814828
0.0,1.1502421226249672e-05,-1.1502421226249672e-05
0.05,0.050133963303500395,-0.00013396330350039232
0.01,0.009993208800829432,6.791199170567974e-06
0.0,-2.230512312274024e-06,2.230512312274024e-06
0.0,-2.230512312274024e-06,2.230512312274024e-06
0.03,0.029972438872133834,2.7561127866164437e-05
0.0,1.7164930455665895e-05,-1.7164930455665895e-05
0.01,0.009988632102284966,1.1367897715034228e-05
0.04,0.04001447355129672,-1.4473551296717568e-05
0.02,0.020007970263143486,-7.970263143485673e-06
0.02,0.020013551529140448,-1.3551529140447272e-05
0.03,0.029961705474885615,3.829452511438375e-05
0.0,1.618776943916652e-05,-1.618776943916652e-05
0.0,8.272442426963119e-06,-8.272442426963119e-06
0.0,8.272442426963119e-06,-8.272442426963119e-06
0.0,7.295281410463746e-06,-7.295281410463746e-06
0.0,1.7164930455665895e-05,-1.7164930455665895e-05
0.0,1.7164930455665895e-05,-1.7164930455665895e-05
0.03,0.029967286740882577,3.271325911742215e-05
0.0,1.7164930455665895e-05,-1.7164930455665895e-05
0.0,1.1502421226249672e-05,-1.1502421226249672e-05
0.0,-2.230512312274024e-06,2.230512312274024e-06
0.02,0.020019892667471475,-1.9892667471474446e-05
0.0,1.1502421226249672e-05,-1.1502421226249672e-05
0.01,0.010000294108758046,-2.9410875804561365e-07
0.0,7.295281410463746e-06,-7.295281410463746e-06
0.0,1.7164930455665895e-05,-1.7164930455665895e-05
0.04,0.039497112986999525,0.0005028870130004762
0.0,1.1502421226249672e-05,-1.1502421226249672e-05
0.0,1.7164930455665895e-05,-1.7164930455665895e-05
0.0,1.1502421226249672e-05,-1.1502421226249672e-05
0.0,1.618776943916652e-05,-1.618776943916652e-05
0.02,0.020013551529140448,-1.3551529140447272e-05
0.0,1.618776943916652e-05,-1.618776943916652e-05
0.04,0.039634834493707465,0.0003651655062925363
0.0,1.7164930455665895e-05,-1.7164930455665895e-05
0.0,8.272442426963119e-06,-8.272442426963119e-06
0.0,1.7164930455665895e-05,-1.7164930455665895e-05
0.01,0.00999010642827267,9.89357172733081e-06
0.0,1.6799757532185915e-05,-1.6799757532185915e-05
0.0,1.7164930455665895e-05,-1.7164930455665895e-05
0.05,0.03694403879954782,0.01305596120045218
0.03,0.03004209910327204,-4.209910327204053e-05
0.0,1.7164930455665895e-05,-1.7164930455665895e-05
0.04,0.03975989352745681,0.00024010647254318895
0.03,0.02988643818383761,0.00011356181616238928
0.02,0.019422430426185577,0.0005775695738144231
0.0,1.618776943916652e-05,-1.618776943916652e-05
0.05,0.05014367792490301,-0.00014367792490301012
0.0,1.1502421226249672e-05,-1.1502421226249672e-05
0.0,1.7164930455665895e-05,-1.7164930455665895e-05
0.02,0.019631120200962617,0.0003688797990373839
0.02,0.019785613816425688,0.00021438618357431244
0.01,0.009965037465996205,3.496253400379554e-05
0.0,1.6799757532185915e-05,-1.6799757532185915e-05
0.0,1.7164930455665895e-05,-1.7164930455665895e-05
0.0,1.1502421226249672e-05,-1.1502421226249672e-05
0.0,8.272442426963119e-06,-8.272442426963119e-06
0.03,0.029967286740882577,3.271325911742215e-05
0.0,1.618776943916652e-05,-1.618776943916652e-05
0.07,0.05997132034779154,0.010028679652208466
0.0,1.1502421226249672e-05,-1.1502421226249672e-05
0.0,1.1502421226249672e-05,-1.1502421226249672e-05
0.0,1.7164930455665895e-05,-1.7164930455665895e-05
0.01,0.010083716530352407,-8.371653035240713e-05
0.0,1.7164930455665895e-05,-1.7164930455665895e-05
0.05,0.050459337579070465,-0.00045933757907046235
0.0,1.7164930455665895e-05,-1.7164930455665895e-05
0.0,1.7164930455665895e-05,-1.7164930455665895e-05
0.0,1.1502421226249672e-05,-1.1502421226249672e-05
0.0,1.7164930455665895e-05,-1.7164930455665895e-05
0.0,1.7164930455665895e-05,-1.7164930455665895e-05
0.02,0.020007186858973305,-7.186858973304983e-06
0.0,1.7164930455665895e-05,-1.7164930455665895e-05
0.02,0.020001605592976344,-1.605592976343384e-06
0.0,1.1502421226249672e-05,-1.1502421226249672e-05
0.01,0.009993929438590902,6.07056140909841e-06
0.0,1.618776943916652e-05,-1.618776943916652e-05
0.04,0.039881630466869704,0.00011836953313029697
0.0,1.7164930455665895e-05,-1.7164930455665895e-05
0.0,1.618776943916652e-05,-1.618776943916652e-05
0.06,0.05966452572435712,0.00033547427564287885
0.0,1.7164930455665895e-05,-1.7164930455665895e-05
0.02,0.01994674863625366,5.325136374633929e-05
0.03,0.03004209910327204,-4.209910327204053e-05
0.0,1.7164930455665895e-05,-1.7164930455665895e-05
0.03,0.029961705474885615,3.829452511438375e-05
0.04,0.03975989352745681,0.00024010647254318895
0.0,1.7164930455665895e-05,-1.7164930455665895e-05
0.0,1.618776943916652e-05,-1.618776943916652e-05
0.04,0.039497112986999525,0.0005028870130004762
0.0,1.6799757532185915e-05,-1.6799757532185915e-05
0.03,0.030052893579605094,-5.289357960509486e-05
0.0,1.7164930455665895e-05,-1.7164930455665895e-05
0.0,1.7164930455665895e-05,-1.7164930455665895e-05
0.01,0.010000294108758046,-2.9410875804561365e-07
0.03,0.029966831812224034,3.3168187775965e-05
0.04,0.039797225423507984,0.00020277457649201663
0.0,1.1502421226249672e-05,-1.1502421226249672e-05
0.05,0.05006272585451199,-6.272585451198853e-05
0.0,1.7164930455665895e-05,-1.7164930455665895e-05
0.0,1.6799757532185915e-05,-1.6799757532185915e-05
0.0,1.7164930455665895e-05,-1.7164930455665895e-05
0.0,7.295281410463746e-06,-7.295281410463746e-06
0.0,1.7164930455665895e-05,-1.7164930455665895e-05
0.02,0.019785613816425688,0.00021438618357431244
0.02,0.020081999221362768,-8.199922136276766e-05
0.03,0.029967286740882577,3.271325911742215e-05
0.0,-2.230512312274024e-06,2.230512312274024e-06
0.0,1.618776943916652e-05,-1.618776943916652e-05
0.0,8.272442426963119e-06,-8.272442426963119e-06
0.0,1.618776943916652e-05,-1.618776943916652e-05
0.03,0.02989201944983457,0.00010798055016542768
0.03,0.029972438872133834,2.7561127866164437e-05
0.01,0.009936871190881274,6.312880911872598e-05
0.0,1.1502421226249672e-05,-1.1502421226249672e-05
0.02,0.020013551529140448,-1.3551529140447272e-05
0.0,1.7164930455665895e-05,-1.7164930455665895e-05
0.04,0.039685081165067346,0.0003149188349326551
0.0,1.7164930455665895e-05,-1.7164930455665895e-05
0.0,1.7164930455665895e-05,-1.7164930455665895e-05
0.0,1.7164930455665895e-05,-1.7164930455665895e-05
0.0,1.7164930455665895e-05,-1.7164930455665895e-05
0.0,1.618776943916652e-05,-1.618776943916652e-05
0.02,0.020013551529140448,-1.3551529140447272e-05
0.0,0.01942879509635272,-0.01942879509635272
0.0,1.7164930455665895e-05,-1.7164930455665895e-05
0.0,7.295281410463746e-06,-7.295281410463746e-06
0.02,0.01994038396608652,5.961603391348158e-05
0.0,1.7164930455665895e-05,-1.7164930455665895e-05
0.02,0.020076417955365806,-7.641795536580606e-05
0.0,1.7164930455665895e-05,-1.7164930455665895e-05
0.04,0.03975989352745681,0.00024010647254318895
0.0,1.7164930455665895e-05,-1.7164930455665895e-05
0.0,1.7164930455665895e-05,-1.7164930455665895e-05
0.01,0.009961867421897388,3.8132578102612405e-05
0.02,0.020007186858973305,-7.186858973304983e-06
0.02,0.019822252965665005,0.00017774703433499559
0.0,1.7164930455665895e-05,-1.7164930455665895e-05
0.05,0.05007566338668885,-7.566338668884426e-05
0.0,1.618776943916652e-05,-1.618776943916652e-05
0.0,1.618776943916652e-05,-1.618776943916652e-05
0.0,1.1502421226249672e-05,-1.1502421226249672e-05
0.0,1.7164930455665895e-05,-1.7164930455665895e-05
0.03,0.029967286740882577,3.271325911742215e-05
0.02,0.020001605592976344,-1.605592976343384e-06
0.02,0.01983437961489329,0.00016562038510671215
0.0,1.1502421226249672e-05,-1.1502421226249672e-05
0.0,1.7164930455665895e-05,-1.7164930455665895e-05
0.0,1.1502421226249672e-05,-1.1502421226249672e-05
0.02,0.019829082278587352,0.00017091772141264797
0.0,1.618776943916652e-05,-1.618776943916652e-05
0.02,0.020007186858973305,-7.186858973304983e-06
0.0,1.7164930455665895e-05,-1.7164930455665895e-05
0.0,1.618776943916652e-05,-1.618776943916652e-05
0.02,0.020007186858973305,-7.186858973304983e-06
0.0,1.618776943916652e-05,-1.618776943916652e-05
0.0,-2.230512312274024e-06,2.230512312274024e-06
0.0,1.7164930455665895e-05,-1.7164930455665895e-05
0.0,1.618776943916652e-05,-1.618776943916652e-05
0.0,1.7164930455665895e-05,-1.7164930455665895e-05
0.0,1.7164930455665895e-05,-1.7164930455665895e-05
0.03,0.029967286740882577,3.271325911742215e-05
0.06,0.059444559161349796,0.0005554408386502022
0.0,1.7164930455665895e-05,-1.7164930455665895e-05
0.02,0.01984074428506043,0.00015925571493956986
0.0,1.1502421226249672e-05,-1.1502421226249672e-05
0.0,1.7164930455665895e-05,-1.7164930455665895e-05
0.03,0.02961979831894977,0.00038020168105023025
0.02,0.01984074428506043,0.00015925571493956986
0.0,1.6799757532185915e-05,-1.6799757532185915e-05
0.0,1.7164930455665895e-05,-1.7164930455665895e-05
0.0,1.7164930455665895e-05,-1.7164930455665895e-05
0.0,1.7164930455665895e-05,-1.7164930455665895e-05
0.0,1.7164930455665895e-05,-1.7164930455665895e-05
0.01,0.009988348172593942,1.1651827406058274e-05
0.0,1.7164930455665895e-05,-1.7164930455665895e-05
0.0,1.618776943916652e-05,-1.618776943916652e-05
0.05,0.05012102577132354,-0.00012102577132353659
0.03,0.029961705474885615,3.829452511438375e-05
0.0,1.7164930455665895e-05,-1.7164930455665895e-05
0.03,0.029967286740882577,3.271325911742215e-05
0.0,1.7164930455665895e-05,-1.7164930455665895e-05
0.0,8.272442426963119e-06,-8.272442426963119e-06
0.03,0.029972438872133834,2.7561127866164437e-05
0.03,0.03004209910327204,-4.209910327204053e-05
0.03,0.029967286740882577,3.271325911742215e-05
0.0,1.7164930455665895e-05,-1.7164930455665895e-05
0.0,2.6099331975468947e-06,-2.6099331975468947e-06
0.0,1.1502421226249672e-05,-1.1502421226249672e-05
0.0,1.6799757532185915e-05,-1.6799757532185915e-05
0.0,1.7164930455665895e-05,-1.7164930455665895e-05
0.0,1.618776943916652e-05,-1.618776943916652e-05
0.02,0.020001605592976344,-1.605592976343384e-06
0.0,1.618776943916652e-05,-1.618776943916652e-05
0.0,1.7164930455665895e-05,-1.7164930455665895e-05
0.0,1.1502421226249672e-05,-1.1502421226249672e-05
0.03,0.0299413422802997,5.865771970029951e-05
0.05,0.048627289260600226,0.0013727107393997767
0.0,1.6799757532185915e-05,-1.6799757532185915e-05
0.0,1.6799757532185915e-05,-1.6799757532185915e-05
0.0,1.1502421226249672e-05,-1.1502421226249672e-05
0.0,1.7164930455665895e-05,-1.7164930455665895e-05
0.0,1.1502421226249672e-05,-1.1502421226249672e-05
0.0,7.295281410463746e-06,-7.295281410463746e-06
0.0,1.7164930455665895e-05,-1.7164930455665895e-05
0.0,1.7164930455665895e-05,-1.7164930455665895e-05
0.0,7.295281410463746e-06,-7.295281410463746e-06
0.02,0.01993369433181675,6.630566818325093e-05
0.01,0.009969025461086353,3.097453891364767e-05
0.0,1.6799757532185915e-05,-1.6799757532185915e-05
0.0,8.272442426963119e-06,-8.272442426963119e-06
0.04,0.039536965341729645,0.00046303465827035595
0.0,1.7164930455665895e-05,-1.7164930455665895e-05
0.0,1.6799757532185915e-05,-1.6799757532185915e-05
0.01,0.009936871190881274,6.312880911872598e-05
0.0,1.1502421226249672e-05,-1.1502421226249672e-05
0.02,0.020013551529140448,-1.3551529140447272e-05
0.0,1.7164930455665895e-05,-1.7164930455665895e-05
0.03,0.029961705474885615,3.829452511438375e-05
0.03,0.029967286740882577,3.271325911742215e-05
0.05,0.05010035346073116,-0.00010035346073115903
0.0,1.6799757532185915e-05,-1.6799757532185915e-05
0.0,1.618776943916652e-05,-1.618776943916652e-05
0.03,0.030047251234523297,-4.725123452329824e-05
0.0,1.618776943916652e-05,-1.618776943916652e-05
0.0,1.7164930455665895e-05,-1.7164930455665895e-05
0.05,0.05001396895027823,-1.3968950278227255e-05
0.0,1.7164930455665895e-05,-1.7164930455665895e-05
0.02,0.020001605592976344,-1.605592976343384e-06
0.05,0.049952426121150785,4.7573878849217766e-05
0.0,1.618776943916652e-05,-1.618776943916652e-05
0.02,0.020001605592976344,-1.605592976343384e-06
0.0,1.1502421226249672e-05,-1.1502421226249672e-05
0.02,0.019726148155329616,0.0002738518446703843
0.0,8.272442426963119e-06,-8.272442426963119e-06
0.0,1.7164930455665895e-05,-1.7164930455665895e-05
0.0,1.7164930455665895e-05,-1.7164930455665895e-05
0.03,0.029967286740882577,3.271325911742215e-05
0.0,1.618776943916652e-05,-1.618776943916652e-05
0.0,1.6799757532185915e-05,-1.6799757532185915e-05
0.0,1.7164930455665895e-05,-1.7164930455665895e-05
0.03,0.029972438872133834,2.7561127866164437e-05
0.0,1.7164930455665895e-05,-1.7164930455665895e-05
0.0,1.7164930455665895e-05,-1.7164930455665895e-05
0.0,1.7164930455665895e-05,-1.7164930455665895e-05
0.0,1.7164930455665895e-05,-1.7164930455665895e-05
0.0,1.618776943916652e-05,-1.618776943916652e-05
0.02,0.02003183860363558,-3.183860363557833e-05
0.06,0.06052641737709254,-0.000526417377092539
0.0,1.7164930455665895e-05,-1.7164930455665895e-05
0.0,1.618776943916652e-05,-1.618776943916652e-05
0.0,1.1502421226249672e-05,-1.1502421226249672e-05
0.02,0.020013551529140448,-1.3551529140447272e-05
0.0,-2.230512312274024e-06,2.230512312274024e-06
0.0,1.618776943916652e-05,-1.618776943916652e-05
0.0,7.907269503483138e-06,-7.907269503483138e-06
0.0,1.7164930455665895e-05,-1.7164930455665895e-05
0.04,0.03977626926978682,0.00022373073021317996
0.0,1.6799757532185915e-05,-1.6799757532185915e-05
0.04,0.04003895671614304,-3.8956716143040415e-05
0.0,1.618776943916652e-05,-1.618776943916652e-05
0.02,0.01984074428506043,0.00015925571493956986
0.0,1.618776943916652e-05,-1.618776943916652e-05
0.0,1.6799757532185915e-05,-1.6799757532185915e-05
0.05,0.05060416786830852,-0.000604167868308518
0.02,0.020001605592976344,-1.605592976343384e-06
0.0,1.618776943916652e-05,-1.618776943916652e-05
0.0,1.7164930455665895e-05,-1.7164930455665895e-05
0.0,1.7164930455665895e-05,-1.7164930455665895e-05
0.0,1.618776943916652e-05,-1.618776943916652e-05
0.0,1.6799757532185915e-05,-1.6799757532185915e-05
0.02,0.020007186858973305,-7.186858973304983e-06
0.0,8.272442426963119e-06,-8.272442426963119e-06
0.0,1.1502421226249672e-05,-1.1502421226249672e-05
0.0,1.7164930455665895e-05,-1.7164930455665895e-05
0.0,1.618776943916652e-05,-1.618776943916652e-05
0.0,1.618776943916652e-05,-1.618776943916652e-05
0.0,1.1502421226249672e-05,-1.1502421226249672e-05
0.02,0.01994674863625366,5.325136374633929e-05
0.02,0.01983437961489329,0.00016562038510671215
0.0,1.7164930455665895e-05,-1.7164930455665895e-05
0.05,0.05001396895027823,-1.3968950278227255e-05
0.0,8.272442426963119e-06,-8.272442426963119e-06
0.0,8.272442426963119e-06,-8.272442426963119e-06
0.0,1.7164930455665895e-05,-1.7164930455665895e-05
0.0,1.7164930455665895e-05,-1.7164930455665895e-05
0.0,1.7164930455665895e-05,-1.7164930455665895e-05
0.04,0.039497112986999525,0.0005028870130004762
0.05,0.05007566338668885,-7.566338668884426e-05
0.0,1.7164930455665895e-05,-1.7164930455665895e-05
0.0,1.1502421226249672e-05,-1.1502421226249672e-05
0.0,1.7164930455665895e-05,-1.7164930455665895e-05
0.0,1.618776943916652e-05,-1.618776943916652e-05
0.02,0.020013551529140448,-1.3551529140447272e-05
0.0,1.1502421226249672e-05,-1.1502421226249672e-05
0.0,8.272442426963119e-06,-8.272442426963119e-06
0.0,1.7164930455665895e-05,-1.7164930455665895e-05
0.0,8.272442426963119e-06,-8.272442426963119e-06
0.05,0.049105544110100104,0.0008944558898998992
0.0,1.7164930455665895e-05,-1.7164930455665895e-05
0.0,1.7164930455665895e-05,-1.7164930455665895e-05
0.0,1.7164930455665895e-05,-1.7164930455665895e-05
0.0,1.7164930455665895e-05,-1.7164930455665895e-05
0.0,1.7164930455665895e-05,-1.7164930455665895e-05
0.0,1.7164930455665895e-05,-1.7164930455665895e-05
0.03,0.03004209910327204,-4.209910327204053e-05
0.0,1.7164930455665895e-05,-1.7164930455665895e-05
0.0,1.7164930455665895e-05,-1.7164930455665895e-05
0.0,-2.230512312274024e-06,2.230512312274024e-06
0.02,0.019797559752589792,0.00020244024741020855
0.0,1.7164930455665895e-05,-1.7164930455665895e-05
0.0,1.618776943916652e-05,-1.618776943916652e-05
0.0,1.618776943916652e-05,-1.618776943916652e-05
0.0,1.618776943916652e-05,-1.618776943916652e-05
0.0,1.7164930455665895e-05,-1.7164930455665895e-05
0.02,0.019797559752589792,0.00020244024741020855
0.0,8.272442426963119e-06,-8.272442426963119e-06
0.01,0.009696950895056013,0.0003030491049439872
0.0,1.618776943916652e-05,-1.618776943916652e-05
0.0,1.618776943916652e-05,-1.618776943916652e-05
0.03,0.029967286740882577,3.271325911742215e-05
0.01,0.01013786709450599,-0.0001378670945059897
0.0,1.1502421226249672e-05,-1.1502421226249672e-05
0.0,1.7164930455665895e-05,-1.7164930455665895e-05
0.0,1.7164930455665895e-05,-1.7164930455665895e-05
0.02,0.020013551529140448,-1.3551529140447272e-05
0.04,0.03989761503416475,0.00010238496583524909
0.02,0.020007186858973305,-7.186858973304983e-06
0.0,1.618776943916652e-05,-1.618776943916652e-05
0.0,1.618776943916652e-05,-1.618776943916652e-05
0.0,1.7164930455665895e-05,-1.7164930455665895e-05
0.05,0.05011329099290802,-0.00011329099290801475
0.05,0.05010035346073116,-0.00010035346073115903
0.03,0.03004209910327204,-4.209910327204053e-05
0.0,1.618776943916652e-05,-1.618776943916652e-05
0.05,0.05012102577132354,-0.00012102577132353659
0.01,0.009993929438590902,6.07056140909841e-06
0.0,1.6799757532185915e-05,-1.6799757532185915e-05
0.0,1.618776943916652e-05,-1.618776943916652e-05
0.0,1.1502421226249672e-05,-1.1502421226249672e-05
0.0,1.618776943916652e-05,-1.618776943916652e-05
0.0,1.7164930455665895e-05,-1.7164930455665895e-05
0.0,1.7164930455665895e-05,-1.7164930455665895e-05
0.0,1.618776943916652e-05,-1.618776943916652e-05
0.0,7.295281410463746e-06,-7.295281410463746e-06
0.02,0.020007186858973305,-7.186858973304983e-06
0.0,1.6799757532185915e-05,-1.6799757532185915e-05
0.0,1.7164930455665895e-05,-1.7164930455665895e-05
0.0,1.7164930455665895e-05,-1.7164930455665895e-05
0.0,1.7164930455665895e-05,-1.7164930455665895e-05
0.0,1.618776943916652e-05,-1.618776943916652e-05
0.02,0.020007970263143486,-7.970263143485673e-06
0.0,1.7164930455665895e-05,-1.7164930455665895e-05
0.05,0.05007566338668885,-7.566338668884426e-05
0.02,0.020007186858973305,-7.186858973304983e-06
0.0,1.1502421226249672e-05,-1.1502421226249672e-05
0.02,0.020007186858973305,-7.186858973304983e-06
0.0,1.7164930455665895e-05,-1.7164930455665895e-05
0.02,0.019797559752589792,0.00020244024741020855
0.05,0.050001031418101374,-1.0314181013715285e-06
0.0,1.6799757532185915e-05,-1.6799757532185915e-05
0.03,0.029875902266883372,0.00012409773311662653
0.03,0.029956295895269797,4.3704104730202253e-05
0.04,0.039938884620176106,6.111537982389503e-05
0.0,1.7164930455665895e-05,-1.7164930455665895e-05
0.0,1.618776943916652e-05,-1.618776943916652e-05
0.04,0.03987719018376549,0.00012280981623451204
0.0,1.1502421226249672e-05,-1.1502421226249672e-05
0.0,1.7164930455665895e-05,-1.7164930455665895e-05
0.02,0.01986042617881515,0.00013957382118484976
0.0,1.7164930455665895e-05,-1.7164930455665895e-05
0.0,8.272442426963119e-06,-8.272442426963119e-06
0.0,1.618776943916652e-05,-1.618776943916652e-05
0.02,0.020007186858973305,-7.186858973304983e-06
0.03,0.03004209910327204,-4.209910327204053e-05
0.0,1.618776943916652e-05,-1.618776943916652e-05
0.0,1.1502421226249672e-05,-1.1502421226249672e-05
0.06,0.06027014732765093,-0.0002701473276509325
0.04,0.039685081165067346,0.0003149188349326551
0.03,0.02989201944983457,0.00010798055016542768
0.03,0.02954608478587909,0.0004539152141209077
0.0,1.618776943916652e-05,-1.618776943916652e-05
0.03,0.029875902266883372,0.00012409773311662653
0.0,1.7164930455665895e-05,-1.7164930455665895e-05
0.02,0.020007970263143486,-7.970263143485673e-06
0.0,1.7164930455665895e-05,-1.7164930455665895e-05
0.0,1.618776943916652e-05,-1.618776943916652e-05
0.0,1.7164930455665895e-05,-1.7164930455665895e-05
0.06,0.05960177752200776,0.0003982224779922397
0.0,1.7164930455665895e-05,-1.7164930455665895e-05
0.0,1.7164930455665895e-05,-1.7164930455665895e-05
0.0,1.7164930455665895e-05,-1.7164930455665895e-05
0.0,1.7164930455665895e-05,-1.7164930455665895e-05
0.0,1.7164930455665895e-05,-1.7164930455665895e-05
0.0,1.7164930455665895e-05,-1.7164930455665895e-05
0.0,1.618776943916652e-05,-1.618776943916652e-05
0.0,1.1502421226249672e-05,-1.1502421226249672e-05
0.0,1.7164930455665895e-05,-1.7164930455665895e-05
0.03,0.03004209910327204,-4.209910327204053e-05
0.0,1.7164930455665895e-05,-1.7164930455665895e-05
0.0,1.1502421226249672e-05,-1.1502421226249672e-05
0.0,1.618776943916652e-05,-1.618776943916652e-05
0.0,1.7164930455665895e-05,-1.7164930455665895e-05
0.0,1.618776943916652e-05,-1.618776943916652e-05
0.02,0.020013551529140448,-1.3551529140447272e-05
0.0,1.7164930455665895e-05,-1.7164930455665895e-05
0.0,8.272442426963119e-06,-8.272442426963119e-06
0.05,0.05017129519955157,-0.00017129519955156464
0.03,0.02988102860422179,0.00011897139577820778
0.05,0.05007566338668885,-7.566338668884426e-05
0.0,1.7164930455665895e-05,-1.7164930455665895e-05
0.03,0.029972438872133834,2.7561127866164437e-05
0.0,1.618776943916652e-05,-1.618776943916652e-05
0.0,1.618776943916652e-05,-1.618776943916652e-05
0.0,1.7164930455665895e-05,-1.7164930455665895e-05
0.0,1.7164930455665895e-05,-1.7164930455665895e-05
0.0,1.7164930455665895e-05,-1.7164930455665895e-05
0.0,1.7164930455665895e-05,-1.7164930455665895e-05
0.02,0.02000188952266737,-1.8895226673691645e-06
0.0,1.7164930455665895e-05,-1.7164930455665895e-05
0.0,1.1502421226249672e-05,-1.1502421226249672e-05
0.0,1.1502421226249672e-05,-1.1502421226249672e-05
0.0,1.7164930455665895e-05,-1.7164930455665895e-05
0.0,1.7164930455665895e-05,-1.7164930455665895e-05
0.0,1.7164930455665895e-05,-1.7164930455665895e-05
0.01,0.009957952158067591,4.2047841932409125e-05
0.04,0.03942230062461006,0.0005776993753899423
0.0,1.1502421226249672e-05,-1.1502421226249672e-05
0.02,0.020001605592976344,-1.605592976343384e-06
0.0,1.7164930455665895e-05,-1.7164930455665895e-05
0.0,1.7164930455665895e-05,-1.7164930455665895e-05
0.02,0.019935086629780583,6.49133702194174e-05
0.03,0.029967286740882577,3.271325911742215e-05
0.0,1.7164930455665895e-05,-1.7164930455665895e-05
0.0,1.7164930455665895e-05,-1.7164930455665895e-05
0.0,1.618776943916652e-05,-1.618776943916652e-05
0.0,7.295281410463746e-06,-7.295281410463746e-06
0.0,1.7164930455665895e-05,-1.7164930455665895e-05
0.0,1.7164930455665895e-05,-1.7164930455665895e-05
0.0,1.7164930455665895e-05,-1.7164930455665895e-05
0.01,0.010000294108758046,-2.9410875804561365e-07
0.0,1.7164930455665895e-05,-1.7164930455665895e-05
0.03,0.029967286740882577,3.271325911742215e-05
0.05,0.05001396895027823,-1.3968950278227255e-05
0.0,1.7164930455665895e-05,-1.7164930455665895e-05
0.03,0.03004209910327204,-4.209910327204053e-05
0.03,0.03004209910327204,-4.209910327204053e-05
0.0,1.618776943916652e-05,-1.618776943916652e-05
0.0,1.1502421226249672e-05,-1.1502421226249672e-05
0.0,1.618776943916652e-05,-1.618776943916652e-05
0.0,1.618776943916652e-05,-1.618776943916652e-05
0.0,1.7164930455665895e-05,-1.7164930455665895e-05
0.02,0.019785613816425688,0.00021438618357431244
0.0,1.7164930455665895e-05,-1.7164930455665895e-05
0.03,0.03004209910327204,-4.209910327204053e-05
0.0,1.618776943916652e-05,-1.618776943916652e-05
0.0,1.618776943916652e-05,-1.618776943916652e-05
0.05,0.04836461692838779,0.0016353830716122134
0.04,0.039497112986999525,0.0005028870130004762
0.0,1.7164930455665895e-05,-1.7164930455665895e-05
0.0,1.7164930455665895e-05,-1.7164930455665895e-05
0.0,1.618776943916652e-05,-1.618776943916652e-05
0.01,0.009745017562467784,0.00025498243753221614
0.0,1.7164930455665895e-05,-1.7164930455665895e-05
0.03,0.03004209910327204,-4.209910327204053e-05
0.0,1.1502421226249672e-05,-1.1502421226249672e-05
0.0,8.272442426963119e-06,-8.272442426963119e-06
0.0,1.6799757532185915e-05,-1.6799757532185915e-05
0.03,0.029972438872133834,2.7561127866164437e-05
0.0,1.7164930455665895e-05,-1.7164930455665895e-05
0.0,1.7164930455665895e-05,-1.7164930455665895e-05
0.02,0.020007186858973305,-7.186858973304983e-06
0.06,0.057804524719910294,0.0021954752800897037
0.0,1.1502421226249672e-05,-1.1502421226249672e-05
0.0,1.7164930455665895e-05,-1.7164930455665895e-05
0.04,0.03961884992641242,0.0003811500735875842
0.0,1.6799757532185915e-05,-1.6799757532185915e-05
0.0,8.272442426963119e-06,-8.272442426963119e-06
0.0,1.7164930455665895e-05,-1.7164930455665895e-05
0.03,0.029967286740882577,3.271325911742215e-05
0.05,0.050241091908264236,-0.0002410919082642335
0.0,1.618776943916652e-05,-1.618776943916652e-05
0.01,0.010000294108758046,-2.9410875804561365e-07
0.03,0.029950714629272835,4.928537072716385e-05
0.0,1.6799757532185915e-05,-1.6799757532185915e-05
0.02,0.020025473933468436,-2.5473933468436044e-05
0.02,0.020013551529140448,-1.3551529140447272e-05
0.0,1.7164930455665895e-05,-1.7164930455665895e-05
0.0,8.272442426963119e-06,-8.272442426963119e-06
0.0,1.7164930455665895e-05,-1.7164930455665895e-05
0.02,0.020013551529140448,-1.3551529140447272e-05
0.0,1.7164930455665895e-05,-1.7164930455665895e-05
0.03,0.029967286740882577,3.271325911742215e-05
0.0,8.272442426963119e-06,-8.272442426963119e-06
0.0,1.7164930455665895e-05,-1.7164930455665895e-05
0.0,1.7164930455665895e-05,-1.7164930455665895e-05
0.03,0.029967286740882577,3.271325911742215e-05
0.02,0.01994038396608652,5.961603391348158e-05
0.0,1.7164930455665895e-05,-1.7164930455665895e-05
0.0,1.7164930455665895e-05,-1.7164930455665895e-05
0.0,1.7164930455665895e-05,-1.7164930455665895e-05
0.03,0.02989201944983457,0.00010798055016542768
0.01,0.010083010137783309,-8.301013778330875e-05
0.04,0.03975989352745681,0.00024010647254318895
0.0,1.7164930455665895e-05,-1.7164930455665895e-05
0.03,0.029875902266883372,0.00012409773311662653
0.01,0.009951587487900447,4.841251209955315e-05
0.03,0.030016154642689162,-1.6154642689163168e-05
0.02,0.01984074428506043,0.00015925571493956986
0.0,-2.230512312274024e-06,2.230512312274024e-06
0.0,1.7164930455665895e-05,-1.7164930455665895e-05
0.0,7.907269503483138e-06,-7.907269503483138e-06
0.03,0.029961705474885615,3.829452511438375e-05
0.03,0.029966831812224034,3.3168187775965e-05
0.0,8.272442426963119e-06,-8.272442426963119e-06
0.04,0.03958281401122671,0.0004171859887732929
0.0,1.1502421226249672e-05,-1.1502421226249672e-05
0.0,1.1502421226249672e-05,-1.1502421226249672e-05
0.03,0.03004209910327204,-4.209910327204053e-05
0.0,1.618776943916652e-05,-1.618776943916652e-05
0.0,1.1502421226249672e-05,-1.1502421226249672e-05
0.04,0.03586842012672452,0.004131579873275483
0.03,0.0299413422802997,5.865771970029951e-05
0.0,1.7164930455665895e-05,-1.7164930455665895e-05
0.02,0.01984074428506043,0.00015925571493956986
0.0,1.1502421226249672e-05,-1.1502421226249672e-05
0.02,0.01979119508242265,0.00020880491757735084
0.0,1.7164930455665895e-05,-1.7164930455665895e-05
0.05,0.04836461692838779,0.0016353830716122134
0.03,0.029961705474885615,3.829452511438375e-05
0.0,1.7164930455665895e-05,-1.7164930455665895e-05
0.0,1.7164930455665895e-05,-1.7164930455665895e-05
0.0,1.7164930455665895e-05,-1.7164930455665895e-05
0.0,1.6799757532185915e-05,-1.6799757532185915e-05
0.0,2.6099331975468947e-06,-2.6099331975468947e-06
0.0,1.618776943916652e-05,-1.618776943916652e-05
0.02,0.01984074428506043,0.00015925571493956986
0.0,1.618776943916652e-05,-1.618776943916652e-05
0.03,0.029956295895269797,4.3704104730202253e-05
0.03,0.030036517837275078,-3.651783727507893e-05
0.0,1.7164930455665895e-05,-1.7164930455665895e-05
0.0,1.7164930455665895e-05,-1.7164930455665895e-05
0.03,0.029866074989251694,0.00013392501074830504
0.0,1.7164930455665895e-05,-1.7164930455665895e-05
0.01,0.009983741758105525,1.6258241894474834e-05
0.0,2.6099331975468947e-06,-2.6099331975468947e-06
0.04,0.039938884620176106,6.111537982389503e-05
0.06,0.06016957267892394,-0.00016957267892394462
0.05,0.04300196057292092,0.006998039427079085
0.04,0.039685081165067346,0.0003149188349326551
0.0,1.7164930455665895e-05,-1.7164930455665895e-05
0.04,0.039907520663180374,9.247933681962722e-05
0.0,-2.230512312274024e-06,2.230512312274024e-06
0.0,1.7164930455665895e-05,-1.7164930455665895e-05
0.0,8.272442426963119e-06,-8.272442426963119e-06
0.02,0.020013551529140448,-1.3551529140447272e-05
0.03,0.03004209910327204,-4.209910327204053e-05
0.0,1.7164930455665895e-05,-1.7164930455665895e-05
0.0,1.7164930455665895e-05,-1.7164930455665895e-05
0.03,0.030036517837275078,-3.651783727507893e-05
0.0,1.7164930455665895e-05,-1.7164930455665895e-05
0.02,0.020001605592976344,-1.605592976343384e-06
0.02,0.020025473933468436,-2.5473933468436044e-05
0.04,0.039685081165067346,0.0003149188349326551
0.0,1.6799757532185915e-05,-1.6799757532185915e-05
0.04,0.039680544362823034,0.0003194556371769672
0.0,1.7164930455665895e-05,-1.7164930455665895e-05
0.0,1.1502421226249672e-05,-1.1502421226249672e-05
0.0,8.272442426963119e-06,-8.272442426963119e-06
0.02,0.01984074428506043,0.00015925571493956986
0.0,1.7164930455665895e-05,-1.7164930455665895e-05
0.0,1.1502421226249672e-05,-1.1502421226249672e-05
0.0,1.7164930455665895e-05,-1.7164930455665895e-05
0.0,1.7164930455665895e-05,-1.7164930455665895e-05
0.02,0.019829082278587352,0.00017091772141264797
0.0,1.7164930455665895e-05,-1.7164930455665895e-05
0.04,0.03965206064353728,0.00034793935646271895
0.0,1.7164930455665895e-05,-1.7164930455665895e-05
0.0,1.7164930455665895e-05,-1.7164930455665895e-05
0.0,1.1502421226249672e-05,-1.1502421226249672e-05
0.03,0.029967286740882577,3.271325911742215e-05
0.04,0.03975989352745681,0.00024010647254318895
0.04,0.03986013456782646,0.00013986543217354291
0.0,1.7164930455665895e-05,-1.7164930455665895e-05
0.0,1.618776943916652e-05,-1.618776943916652e-05
0.0,1.7164930455665895e-05,-1.7164930455665895e-05
0.0,1.6799757532185915e-05,-1.6799757532185915e-05
0.03,0.030036517837275078,-3.651783727507893e-05
0.0,1.7164930455665895e-05,-1.7164930455665895e-05
0.0,7.295281410463746e-06,-7.295281410463746e-06
0.05,0.04878117734147705,0.0012188226585229528
0.03,0.02989717158108583,0.00010282841891416997
0.0,1.7164930455665895e-05,-1.7164930455665895e-05
0.02,0.020001605592976344,-1.605592976343384e-06
0.0,1.7164930455665895e-05,-1.7164930455665895e-05
0.02,0.020007186858973305,-7.186858973304983e-06
0.0,1.7164930455665895e-05,-1.7164930455665895e-05
0.03,0.029867370484034903,0.00013262951596509573
0.04,0.039685081165067346,0.0003149188349326551
0.0,1.7164930455665895e-05,-1.7164930455665895e-05
0.0,1.7164930455665895e-05,-1.7164930455665895e-05
0.0,2.6099331975468947e-06,-2.6099331975468947e-06
0.0,1.7164930455665895e-05,-1.7164930455665895e-05
0.0,1.618776943916652e-05,-1.618776943916652e-05
0.05,0.050092039129018856,-9.203912901885325e-05
0.0,1.6799757532185915e-05,-1.6799757532185915e-05
0.02,0.02008836389152991,-8.836389152990995e-05
0.0,1.7164930455665895e-05,-1.7164930455665895e-05
0.01,0.01013786709450599,-0.0001378670945059897
0.03,0.03004209910327204,-4.209910327204053e-05
0.0,1.7164930455665895e-05,-1.7164930455665895e-05
0.0,-2.230512312274024e-06,2.230512312274024e-06
0.0,1.618776943916652e-05,-1.618776943916652e-05
0.02,0.020007186858973305,-7.186858973304983e-06
0.02,0.020001605592976344,-1.605592976343384e-06
0.0,-2.230512312274024e-06,2.230512312274024e-06
0.01,0.010127679414020613,-0.00012767941402061327
0.0,8.272442426963119e-06,-8.272442426963119e-06
0.0,1.7164930455665895e-05,-1.7164930455665895e-05
0.0,1.7164930455665895e-05,-1.7164930455665895e-05
0.07,0.06882602673102714,0.0011739732689728666
0.0,1.7164930455665895e-05,-1.7164930455665895e-05
0.02,0.019809402906128388,0.00019059709387161256
0.0,1.618776943916652e-05,-1.618776943916652e-05
